2024/08/16 11:28:14: model [DEBUG] All settings used:
2024/08/16 11:28:14: model [DEBUG] b1: 0.5
2024/08/16 11:28:14: model [DEBUG] b2: 0.999
2024/08/16 11:28:14: model [DEBUG] batch_size: 4
2024/08/16 11:28:14: model [DEBUG] cellplm_model: 20230926_85M
2024/08/16 11:28:14: model [DEBUG] clip_value: 0.05
2024/08/16 11:28:14: model [DEBUG] cpt_dir: cpt/2024-08-16-11-28-14
2024/08/16 11:28:14: model [DEBUG] data_dir: data/wikipedia/
2024/08/16 11:28:14: model [DEBUG] dataset: masterpraktikum
2024/08/16 11:28:14: model [DEBUG] dm2c_cptpath: cpt/
2024/08/16 11:28:14: model [DEBUG] gan_type: naive
2024/08/16 11:28:14: model [DEBUG] h5ad_data: /p/project1/hai_pathology/embeddings/gex_embed/
2024/08/16 11:28:14: model [DEBUG] hugging_face: google/vit-base-patch16-224
2024/08/16 11:28:14: model [DEBUG] img_path: /p/project1/hai_pathology/subgroup_merel/image_data/
2024/08/16 11:28:14: model [DEBUG] lamda1: 1.0
2024/08/16 11:28:14: model [DEBUG] lamda3: 1.0
2024/08/16 11:28:14: model [DEBUG] log_dir: log/
2024/08/16 11:28:14: model [DEBUG] log_freq: 5
2024/08/16 11:28:14: model [DEBUG] lr_d: 0.0001
2024/08/16 11:28:14: model [DEBUG] lr_g: 0.0001
2024/08/16 11:28:14: model [DEBUG] n_cpu: 8
2024/08/16 11:28:14: model [DEBUG] n_epochs: 6
2024/08/16 11:28:14: model [DEBUG] pretrain: None
2024/08/16 11:28:14: model [DEBUG] save_freq: 25
2024/08/16 11:28:14: model [DEBUG] seed: 2018
2024/08/16 11:28:14: model [DEBUG] test_freq: 1
2024/08/16 11:28:14: model [DEBUG] tol: 0.001
2024/08/16 11:28:14: model [DEBUG] update_d_freq: 5
2024/08/16 11:28:14: model [DEBUG] update_p_freq: 10
2024/08/16 11:28:14: model [DEBUG] weight_decay: 0.0001
2024/08/16 11:28:14: model [DEBUG] batchnorm: True
2024/08/16 11:28:14: model [DEBUG] cuda: True
2024/08/16 11:28:14: model [DEBUG] device: cuda:0
2024/08/16 11:28:14: model [DEBUG] img2txt_hiddens: [512, 512]
2024/08/16 11:28:14: model [DEBUG] img_latent_dim: 768
2024/08/16 11:28:14: model [DEBUG] log_file: 2024-08-16-11-28-14.txt
2024/08/16 11:28:14: model [DEBUG] txt2img_hiddens: [512, 512]
2024/08/16 11:28:14: model [DEBUG] txt_latent_dim: 512
Fast image processor class <class 'transformers.models.vit.image_processing_vit_fast.ViTImageProcessorFast'> is available for this model. Using slow image processor class. To use the fast image processor class set `use_fast=True`.
Some weights of ViTModel were not initialized from the model checkpoint at google/vit-base-patch16-224 and are newly initialized: ['vit.pooler.dense.bias', 'vit.pooler.dense.weight']
You should probably TRAIN this model on a down-stream task to be able to use it for predictions and inference.
2024/08/16 13:37:36: model [INFO] > Create writer at 'log/'
2024/08/16 13:37:40: model [INFO] Epoch:   0/  6|Batch:  4/16927||D_loss: 1.3515|D1_loss: 0.6546|D2_loss: 0.6969||G_loss: 2.3938|R121_loss: 0.4551|R212_loss: 0.5017
2024/08/16 13:37:40: model [INFO] Epoch:   0/  6|Batch:  9/16927||D_loss: 1.3817|D1_loss: 0.6644|D2_loss: 0.7173||G_loss: 2.3676|R121_loss: 0.4726|R212_loss: 0.5115
2024/08/16 13:37:40: model [INFO] Epoch:   0/  6|Batch: 14/16927||D_loss: 1.3027|D1_loss: 0.6548|D2_loss: 0.6479||G_loss: 2.4159|R121_loss: 0.4724|R212_loss: 0.4858
2024/08/16 13:37:40: model [INFO] Epoch:   0/  6|Batch: 19/16927||D_loss: 1.3184|D1_loss: 0.6460|D2_loss: 0.6724||G_loss: 2.4180|R121_loss: 0.4710|R212_loss: 0.4992
2024/08/16 13:37:40: model [INFO] Epoch:   0/  6|Batch: 24/16927||D_loss: 1.2685|D1_loss: 0.6201|D2_loss: 0.6484||G_loss: 2.4793|R121_loss: 0.4710|R212_loss: 0.5119
2024/08/16 13:37:40: model [INFO] Epoch:   0/  6|Batch: 29/16927||D_loss: 1.2532|D1_loss: 0.6262|D2_loss: 0.6270||G_loss: 2.4078|R121_loss: 0.4499|R212_loss: 0.4968
2024/08/16 13:37:41: model [INFO] Epoch:   0/  6|Batch: 34/16927||D_loss: 1.2407|D1_loss: 0.5938|D2_loss: 0.6469||G_loss: 2.4229|R121_loss: 0.4574|R212_loss: 0.5131
2024/08/16 13:37:41: model [INFO] Epoch:   0/  6|Batch: 39/16927||D_loss: 1.2126|D1_loss: 0.5927|D2_loss: 0.6199||G_loss: 2.4399|R121_loss: 0.4668|R212_loss: 0.4946
2024/08/16 13:37:41: model [INFO] Epoch:   0/  6|Batch: 44/16927||D_loss: 1.1831|D1_loss: 0.5864|D2_loss: 0.5967||G_loss: 2.5030|R121_loss: 0.4688|R212_loss: 0.5071
2024/08/16 13:37:41: model [INFO] Epoch:   0/  6|Batch: 49/16927||D_loss: 1.1662|D1_loss: 0.5923|D2_loss: 0.5739||G_loss: 2.4609|R121_loss: 0.4639|R212_loss: 0.5048
2024/08/16 13:37:41: model [INFO] Epoch:   0/  6|Batch: 54/16927||D_loss: 1.1620|D1_loss: 0.5954|D2_loss: 0.5665||G_loss: 2.4392|R121_loss: 0.4676|R212_loss: 0.4868
2024/08/16 13:37:41: model [INFO] Epoch:   0/  6|Batch: 59/16927||D_loss: 1.1415|D1_loss: 0.5752|D2_loss: 0.5664||G_loss: 2.4342|R121_loss: 0.4412|R212_loss: 0.4830
2024/08/16 13:37:41: model [INFO] Epoch:   0/  6|Batch: 64/16927||D_loss: 1.1313|D1_loss: 0.5514|D2_loss: 0.5799||G_loss: 2.4809|R121_loss: 0.4611|R212_loss: 0.4954
2024/08/16 13:37:41: model [INFO] Epoch:   0/  6|Batch: 69/16927||D_loss: 1.0801|D1_loss: 0.5444|D2_loss: 0.5357||G_loss: 2.5228|R121_loss: 0.4636|R212_loss: 0.5096
2024/08/16 13:37:41: model [INFO] Epoch:   0/  6|Batch: 74/16927||D_loss: 1.0595|D1_loss: 0.5380|D2_loss: 0.5215||G_loss: 2.5629|R121_loss: 0.4683|R212_loss: 0.5255
2024/08/16 13:37:41: model [INFO] Epoch:   0/  6|Batch: 79/16927||D_loss: 1.0492|D1_loss: 0.5297|D2_loss: 0.5195||G_loss: 2.5073|R121_loss: 0.4574|R212_loss: 0.5001
2024/08/16 13:37:41: model [INFO] Epoch:   0/  6|Batch: 84/16927||D_loss: 1.0273|D1_loss: 0.5242|D2_loss: 0.5031||G_loss: 2.6122|R121_loss: 0.4614|R212_loss: 0.5319
2024/08/16 13:37:41: model [INFO] Epoch:   0/  6|Batch: 89/16927||D_loss: 1.0001|D1_loss: 0.5090|D2_loss: 0.4910||G_loss: 2.5849|R121_loss: 0.4739|R212_loss: 0.5241
2024/08/16 13:37:41: model [INFO] Epoch:   0/  6|Batch: 94/16927||D_loss: 1.0244|D1_loss: 0.5161|D2_loss: 0.5083||G_loss: 2.5405|R121_loss: 0.4640|R212_loss: 0.4864
2024/08/16 13:37:41: model [INFO] Epoch:   0/  6|Batch: 99/16927||D_loss: 1.0050|D1_loss: 0.5097|D2_loss: 0.4953||G_loss: 2.5256|R121_loss: 0.4755|R212_loss: 0.4915
2024/08/16 13:37:41: model [INFO] Epoch:   0/  6|Batch: 104/16927||D_loss: 0.9585|D1_loss: 0.4844|D2_loss: 0.4741||G_loss: 2.5743|R121_loss: 0.4643|R212_loss: 0.5038
2024/08/16 13:37:41: model [INFO] Epoch:   0/  6|Batch: 109/16927||D_loss: 0.9824|D1_loss: 0.4897|D2_loss: 0.4927||G_loss: 2.5424|R121_loss: 0.4494|R212_loss: 0.4729
2024/08/16 13:37:41: model [INFO] Epoch:   0/  6|Batch: 114/16927||D_loss: 0.8786|D1_loss: 0.4502|D2_loss: 0.4284||G_loss: 2.7226|R121_loss: 0.4785|R212_loss: 0.5249
2024/08/16 13:37:41: model [INFO] Epoch:   0/  6|Batch: 119/16927||D_loss: 0.9409|D1_loss: 0.4906|D2_loss: 0.4504||G_loss: 2.5385|R121_loss: 0.4459|R212_loss: 0.4808
2024/08/16 13:37:41: model [INFO] Epoch:   0/  6|Batch: 124/16927||D_loss: 0.9382|D1_loss: 0.4579|D2_loss: 0.4803||G_loss: 2.5860|R121_loss: 0.4708|R212_loss: 0.4802
2024/08/16 13:37:41: model [INFO] Epoch:   0/  6|Batch: 129/16927||D_loss: 0.8788|D1_loss: 0.4323|D2_loss: 0.4464||G_loss: 2.6685|R121_loss: 0.4580|R212_loss: 0.5294
2024/08/16 13:37:41: model [INFO] Epoch:   0/  6|Batch: 134/16927||D_loss: 0.8924|D1_loss: 0.4751|D2_loss: 0.4173||G_loss: 2.6421|R121_loss: 0.4755|R212_loss: 0.4799
2024/08/16 13:37:41: model [INFO] Epoch:   0/  6|Batch: 139/16927||D_loss: 0.8184|D1_loss: 0.4005|D2_loss: 0.4179||G_loss: 2.7444|R121_loss: 0.4682|R212_loss: 0.5158
2024/08/16 13:37:41: model [INFO] Epoch:   0/  6|Batch: 144/16927||D_loss: 0.8251|D1_loss: 0.4243|D2_loss: 0.4008||G_loss: 2.7238|R121_loss: 0.4552|R212_loss: 0.5150
2024/08/16 13:37:41: model [INFO] Epoch:   0/  6|Batch: 149/16927||D_loss: 0.8181|D1_loss: 0.4145|D2_loss: 0.4036||G_loss: 2.6971|R121_loss: 0.4565|R212_loss: 0.5190
2024/08/16 13:37:41: model [INFO] Epoch:   0/  6|Batch: 154/16927||D_loss: 0.8210|D1_loss: 0.4175|D2_loss: 0.4035||G_loss: 2.6909|R121_loss: 0.4575|R212_loss: 0.5157
2024/08/16 13:37:41: model [INFO] Epoch:   0/  6|Batch: 159/16927||D_loss: 0.7946|D1_loss: 0.3933|D2_loss: 0.4013||G_loss: 2.7893|R121_loss: 0.4602|R212_loss: 0.5038
2024/08/16 13:37:41: model [INFO] Epoch:   0/  6|Batch: 164/16927||D_loss: 0.7638|D1_loss: 0.4040|D2_loss: 0.3598||G_loss: 2.8086|R121_loss: 0.4680|R212_loss: 0.5122
2024/08/16 13:37:41: model [INFO] Epoch:   0/  6|Batch: 169/16927||D_loss: 0.7836|D1_loss: 0.3903|D2_loss: 0.3933||G_loss: 2.7303|R121_loss: 0.4668|R212_loss: 0.4874
2024/08/16 13:37:41: model [INFO] Epoch:   0/  6|Batch: 174/16927||D_loss: 0.7766|D1_loss: 0.4060|D2_loss: 0.3706||G_loss: 2.7316|R121_loss: 0.4615|R212_loss: 0.4910
2024/08/16 13:37:41: model [INFO] Epoch:   0/  6|Batch: 179/16927||D_loss: 0.8221|D1_loss: 0.3787|D2_loss: 0.4434||G_loss: 2.8198|R121_loss: 0.4592|R212_loss: 0.5231
2024/08/16 13:37:41: model [INFO] Epoch:   0/  6|Batch: 184/16927||D_loss: 0.7684|D1_loss: 0.4099|D2_loss: 0.3585||G_loss: 2.7988|R121_loss: 0.4666|R212_loss: 0.4692
2024/08/16 13:37:41: model [INFO] Epoch:   0/  6|Batch: 189/16927||D_loss: 0.7970|D1_loss: 0.4052|D2_loss: 0.3917||G_loss: 2.7216|R121_loss: 0.4498|R212_loss: 0.4641
2024/08/16 13:37:41: model [INFO] Epoch:   0/  6|Batch: 194/16927||D_loss: 0.6928|D1_loss: 0.3552|D2_loss: 0.3376||G_loss: 2.8551|R121_loss: 0.4442|R212_loss: 0.5009
2024/08/16 13:37:41: model [INFO] Epoch:   0/  6|Batch: 199/16927||D_loss: 0.7161|D1_loss: 0.3678|D2_loss: 0.3483||G_loss: 2.7963|R121_loss: 0.4485|R212_loss: 0.5087
2024/08/16 13:37:41: model [INFO] Epoch:   0/  6|Batch: 204/16927||D_loss: 0.7111|D1_loss: 0.3553|D2_loss: 0.3558||G_loss: 2.7818|R121_loss: 0.4600|R212_loss: 0.4639
2024/08/16 13:37:41: model [INFO] Epoch:   0/  6|Batch: 209/16927||D_loss: 0.6698|D1_loss: 0.3531|D2_loss: 0.3167||G_loss: 2.9276|R121_loss: 0.4705|R212_loss: 0.5199
2024/08/16 13:37:42: model [INFO] Epoch:   0/  6|Batch: 214/16927||D_loss: 0.7072|D1_loss: 0.3737|D2_loss: 0.3335||G_loss: 2.8196|R121_loss: 0.4631|R212_loss: 0.4609
2024/08/16 13:37:42: model [INFO] Epoch:   0/  6|Batch: 219/16927||D_loss: 0.7815|D1_loss: 0.4029|D2_loss: 0.3786||G_loss: 2.9161|R121_loss: 0.4696|R212_loss: 0.5068
2024/08/16 13:37:42: model [INFO] Epoch:   0/  6|Batch: 224/16927||D_loss: 0.6462|D1_loss: 0.3196|D2_loss: 0.3267||G_loss: 3.0349|R121_loss: 0.4625|R212_loss: 0.5186
2024/08/16 13:37:42: model [INFO] Epoch:   0/  6|Batch: 229/16927||D_loss: 0.7146|D1_loss: 0.3820|D2_loss: 0.3326||G_loss: 2.8113|R121_loss: 0.4610|R212_loss: 0.4716
2024/08/16 13:37:42: model [INFO] Epoch:   0/  6|Batch: 234/16927||D_loss: 0.6343|D1_loss: 0.3135|D2_loss: 0.3208||G_loss: 2.9367|R121_loss: 0.4356|R212_loss: 0.5362
2024/08/16 13:37:42: model [INFO] Epoch:   0/  6|Batch: 239/16927||D_loss: 0.6553|D1_loss: 0.3564|D2_loss: 0.2990||G_loss: 2.9072|R121_loss: 0.4686|R212_loss: 0.4736
2024/08/16 13:37:42: model [INFO] Epoch:   0/  6|Batch: 244/16927||D_loss: 0.6843|D1_loss: 0.3386|D2_loss: 0.3457||G_loss: 2.9391|R121_loss: 0.4308|R212_loss: 0.4648
2024/08/16 13:37:42: model [INFO] Epoch:   0/  6|Batch: 249/16927||D_loss: 0.6521|D1_loss: 0.3204|D2_loss: 0.3317||G_loss: 2.9435|R121_loss: 0.4458|R212_loss: 0.4566
2024/08/16 13:37:42: model [INFO] Epoch:   0/  6|Batch: 254/16927||D_loss: 0.6930|D1_loss: 0.4026|D2_loss: 0.2904||G_loss: 2.9493|R121_loss: 0.4524|R212_loss: 0.4771
2024/08/16 13:37:42: model [INFO] Epoch:   0/  6|Batch: 259/16927||D_loss: 0.5602|D1_loss: 0.2854|D2_loss: 0.2748||G_loss: 3.1835|R121_loss: 0.4646|R212_loss: 0.5017
2024/08/16 13:37:42: model [INFO] Epoch:   0/  6|Batch: 264/16927||D_loss: 0.6031|D1_loss: 0.2872|D2_loss: 0.3160||G_loss: 3.1591|R121_loss: 0.4480|R212_loss: 0.5303
2024/08/16 13:37:42: model [INFO] Epoch:   0/  6|Batch: 269/16927||D_loss: 0.5625|D1_loss: 0.2701|D2_loss: 0.2923||G_loss: 3.1237|R121_loss: 0.4607|R212_loss: 0.5126
2024/08/16 13:37:42: model [INFO] Epoch:   0/  6|Batch: 274/16927||D_loss: 0.6127|D1_loss: 0.2781|D2_loss: 0.3346||G_loss: 3.1690|R121_loss: 0.4655|R212_loss: 0.5215
2024/08/16 13:37:42: model [INFO] Epoch:   0/  6|Batch: 279/16927||D_loss: 0.5461|D1_loss: 0.2942|D2_loss: 0.2519||G_loss: 3.1785|R121_loss: 0.4601|R212_loss: 0.5056
2024/08/16 13:37:42: model [INFO] Epoch:   0/  6|Batch: 284/16927||D_loss: 0.5795|D1_loss: 0.3024|D2_loss: 0.2771||G_loss: 3.1836|R121_loss: 0.4667|R212_loss: 0.4877
2024/08/16 13:37:42: model [INFO] Epoch:   0/  6|Batch: 289/16927||D_loss: 0.5632|D1_loss: 0.2962|D2_loss: 0.2670||G_loss: 3.0909|R121_loss: 0.4654|R212_loss: 0.5039
2024/08/16 13:37:42: model [INFO] Epoch:   0/  6|Batch: 294/16927||D_loss: 0.5958|D1_loss: 0.3252|D2_loss: 0.2706||G_loss: 2.9721|R121_loss: 0.4590|R212_loss: 0.4789
2024/08/16 13:37:42: model [INFO] Epoch:   0/  6|Batch: 299/16927||D_loss: 0.5844|D1_loss: 0.3041|D2_loss: 0.2803||G_loss: 3.1506|R121_loss: 0.4504|R212_loss: 0.4639
2024/08/16 13:37:42: model [INFO] Epoch:   0/  6|Batch: 304/16927||D_loss: 0.5700|D1_loss: 0.3235|D2_loss: 0.2465||G_loss: 3.0132|R121_loss: 0.4492|R212_loss: 0.4585
2024/08/16 13:37:42: model [INFO] Epoch:   0/  6|Batch: 309/16927||D_loss: 0.5137|D1_loss: 0.2453|D2_loss: 0.2685||G_loss: 3.4094|R121_loss: 0.4428|R212_loss: 0.5475
2024/08/16 13:37:42: model [INFO] Epoch:   0/  6|Batch: 314/16927||D_loss: 0.4951|D1_loss: 0.2618|D2_loss: 0.2333||G_loss: 3.3174|R121_loss: 0.4640|R212_loss: 0.5272
2024/08/16 13:37:42: model [INFO] Epoch:   0/  6|Batch: 319/16927||D_loss: 0.5454|D1_loss: 0.3090|D2_loss: 0.2364||G_loss: 3.1040|R121_loss: 0.4481|R212_loss: 0.4655
2024/08/16 13:37:42: model [INFO] Epoch:   0/  6|Batch: 324/16927||D_loss: 0.5299|D1_loss: 0.2523|D2_loss: 0.2776||G_loss: 3.2977|R121_loss: 0.4621|R212_loss: 0.5249
2024/08/16 13:37:42: model [INFO] Epoch:   0/  6|Batch: 329/16927||D_loss: 0.5687|D1_loss: 0.3110|D2_loss: 0.2577||G_loss: 2.9888|R121_loss: 0.4594|R212_loss: 0.4652
2024/08/16 13:37:42: model [INFO] Epoch:   0/  6|Batch: 334/16927||D_loss: 0.4821|D1_loss: 0.2299|D2_loss: 0.2522||G_loss: 3.4078|R121_loss: 0.4648|R212_loss: 0.4635
2024/08/16 13:37:42: model [INFO] Epoch:   0/  6|Batch: 339/16927||D_loss: 0.5040|D1_loss: 0.2529|D2_loss: 0.2512||G_loss: 3.2012|R121_loss: 0.4493|R212_loss: 0.5098
2024/08/16 13:37:42: model [INFO] Epoch:   0/  6|Batch: 344/16927||D_loss: 0.5097|D1_loss: 0.2629|D2_loss: 0.2468||G_loss: 3.1913|R121_loss: 0.4546|R212_loss: 0.4919
2024/08/16 13:37:42: model [INFO] Epoch:   0/  6|Batch: 349/16927||D_loss: 0.5258|D1_loss: 0.2852|D2_loss: 0.2406||G_loss: 3.1198|R121_loss: 0.4480|R212_loss: 0.4711
2024/08/16 13:37:42: model [INFO] Epoch:   0/  6|Batch: 354/16927||D_loss: 0.4264|D1_loss: 0.2283|D2_loss: 0.1980||G_loss: 3.5440|R121_loss: 0.4517|R212_loss: 0.5147
2024/08/16 13:37:42: model [INFO] Epoch:   0/  6|Batch: 359/16927||D_loss: 0.5124|D1_loss: 0.2946|D2_loss: 0.2179||G_loss: 3.1711|R121_loss: 0.4548|R212_loss: 0.4706
2024/08/16 13:37:42: model [INFO] Epoch:   0/  6|Batch: 364/16927||D_loss: 0.4561|D1_loss: 0.2402|D2_loss: 0.2159||G_loss: 3.4911|R121_loss: 0.4673|R212_loss: 0.4681
2024/08/16 13:37:42: model [INFO] Epoch:   0/  6|Batch: 369/16927||D_loss: 0.4504|D1_loss: 0.2588|D2_loss: 0.1916||G_loss: 3.5804|R121_loss: 0.4406|R212_loss: 0.5098
2024/08/16 13:37:42: model [INFO] Epoch:   0/  6|Batch: 374/16927||D_loss: 0.4488|D1_loss: 0.2241|D2_loss: 0.2247||G_loss: 3.3714|R121_loss: 0.4566|R212_loss: 0.5198
2024/08/16 13:37:42: model [INFO] Epoch:   0/  6|Batch: 379/16927||D_loss: 0.4680|D1_loss: 0.2742|D2_loss: 0.1938||G_loss: 3.3638|R121_loss: 0.4733|R212_loss: 0.4617
2024/08/16 13:37:42: model [INFO] Epoch:   0/  6|Batch: 384/16927||D_loss: 0.3896|D1_loss: 0.1941|D2_loss: 0.1955||G_loss: 3.6944|R121_loss: 0.4483|R212_loss: 0.5039
2024/08/16 13:37:42: model [INFO] Epoch:   0/  6|Batch: 389/16927||D_loss: 0.4513|D1_loss: 0.2628|D2_loss: 0.1885||G_loss: 3.4032|R121_loss: 0.4643|R212_loss: 0.4697
2024/08/16 13:37:42: model [INFO] Epoch:   0/  6|Batch: 394/16927||D_loss: 0.3996|D1_loss: 0.2196|D2_loss: 0.1800||G_loss: 3.6037|R121_loss: 0.4612|R212_loss: 0.4929
2024/08/16 13:37:43: model [INFO] Epoch:   0/  6|Batch: 399/16927||D_loss: 0.4098|D1_loss: 0.1969|D2_loss: 0.2130||G_loss: 3.5172|R121_loss: 0.4438|R212_loss: 0.5000
2024/08/16 13:37:43: model [INFO] Epoch:   0/  6|Batch: 404/16927||D_loss: 0.3914|D1_loss: 0.1943|D2_loss: 0.1972||G_loss: 3.5745|R121_loss: 0.4464|R212_loss: 0.4893
2024/08/16 13:37:43: model [INFO] Epoch:   0/  6|Batch: 409/16927||D_loss: 0.4160|D1_loss: 0.2021|D2_loss: 0.2140||G_loss: 3.4855|R121_loss: 0.4424|R212_loss: 0.5152
2024/08/16 13:37:43: model [INFO] Epoch:   0/  6|Batch: 414/16927||D_loss: 0.4832|D1_loss: 0.2616|D2_loss: 0.2216||G_loss: 3.1726|R121_loss: 0.4326|R212_loss: 0.4527
2024/08/16 13:37:43: model [INFO] Epoch:   0/  6|Batch: 419/16927||D_loss: 0.4574|D1_loss: 0.2628|D2_loss: 0.1946||G_loss: 3.3172|R121_loss: 0.4585|R212_loss: 0.4448
2024/08/16 13:37:43: model [INFO] Epoch:   0/  6|Batch: 424/16927||D_loss: 0.3473|D1_loss: 0.1788|D2_loss: 0.1685||G_loss: 3.8322|R121_loss: 0.4696|R212_loss: 0.4905
2024/08/16 13:37:43: model [INFO] Epoch:   0/  6|Batch: 429/16927||D_loss: 0.4943|D1_loss: 0.3100|D2_loss: 0.1843||G_loss: 3.3956|R121_loss: 0.4507|R212_loss: 0.4513
2024/08/16 13:37:43: model [INFO] Epoch:   0/  6|Batch: 434/16927||D_loss: 0.3243|D1_loss: 0.1730|D2_loss: 0.1513||G_loss: 3.9075|R121_loss: 0.4505|R212_loss: 0.4967
2024/08/16 13:37:43: model [INFO] Epoch:   0/  6|Batch: 439/16927||D_loss: 0.3695|D1_loss: 0.1969|D2_loss: 0.1726||G_loss: 3.6513|R121_loss: 0.4481|R212_loss: 0.4970
2024/08/16 13:37:43: model [INFO] Epoch:   0/  6|Batch: 444/16927||D_loss: 0.4306|D1_loss: 0.2533|D2_loss: 0.1773||G_loss: 3.3829|R121_loss: 0.4594|R212_loss: 0.4416
2024/08/16 13:37:43: model [INFO] Epoch:   0/  6|Batch: 449/16927||D_loss: 0.4572|D1_loss: 0.2491|D2_loss: 0.2081||G_loss: 3.2302|R121_loss: 0.4541|R212_loss: 0.4482
2024/08/16 13:37:43: model [INFO] Epoch:   0/  6|Batch: 454/16927||D_loss: 0.3883|D1_loss: 0.1834|D2_loss: 0.2049||G_loss: 3.5341|R121_loss: 0.4399|R212_loss: 0.5081
2024/08/16 13:37:43: model [INFO] Epoch:   0/  6|Batch: 459/16927||D_loss: 0.3794|D1_loss: 0.1764|D2_loss: 0.2030||G_loss: 3.6055|R121_loss: 0.4390|R212_loss: 0.4970
2024/08/16 13:37:43: model [INFO] Epoch:   0/  6|Batch: 464/16927||D_loss: 0.3373|D1_loss: 0.1538|D2_loss: 0.1835||G_loss: 3.8880|R121_loss: 0.4524|R212_loss: 0.5001
2024/08/16 13:37:43: model [INFO] Epoch:   0/  6|Batch: 469/16927||D_loss: 0.4090|D1_loss: 0.1693|D2_loss: 0.2397||G_loss: 3.6065|R121_loss: 0.4472|R212_loss: 0.4794
2024/08/16 13:37:43: model [INFO] Epoch:   0/  6|Batch: 474/16927||D_loss: 0.3249|D1_loss: 0.1869|D2_loss: 0.1380||G_loss: 4.0293|R121_loss: 0.4439|R212_loss: 0.5046
2024/08/16 13:37:43: model [INFO] Epoch:   0/  6|Batch: 479/16927||D_loss: 0.3430|D1_loss: 0.1670|D2_loss: 0.1760||G_loss: 3.7724|R121_loss: 0.4304|R212_loss: 0.4940
2024/08/16 13:37:43: model [INFO] Epoch:   0/  6|Batch: 484/16927||D_loss: 0.3652|D1_loss: 0.1808|D2_loss: 0.1844||G_loss: 3.6584|R121_loss: 0.4216|R212_loss: 0.4896
2024/08/16 13:37:43: model [INFO] Epoch:   0/  6|Batch: 489/16927||D_loss: 0.3393|D1_loss: 0.1565|D2_loss: 0.1829||G_loss: 3.8158|R121_loss: 0.4503|R212_loss: 0.4973
2024/08/16 13:37:43: model [INFO] Epoch:   0/  6|Batch: 494/16927||D_loss: 0.3544|D1_loss: 0.1646|D2_loss: 0.1898||G_loss: 3.7220|R121_loss: 0.4457|R212_loss: 0.4897
2024/08/16 13:37:43: model [INFO] Epoch:   0/  6|Batch: 499/16927||D_loss: 0.3549|D1_loss: 0.1634|D2_loss: 0.1914||G_loss: 3.8659|R121_loss: 0.4390|R212_loss: 0.4671
2024/08/16 13:37:43: model [INFO] Epoch:   0/  6|Batch: 504/16927||D_loss: 0.2878|D1_loss: 0.1560|D2_loss: 0.1318||G_loss: 4.1512|R121_loss: 0.4508|R212_loss: 0.4934
2024/08/16 13:37:43: model [INFO] Epoch:   0/  6|Batch: 509/16927||D_loss: 0.3292|D1_loss: 0.1624|D2_loss: 0.1668||G_loss: 3.8218|R121_loss: 0.4380|R212_loss: 0.4920
2024/08/16 13:37:43: model [INFO] Epoch:   0/  6|Batch: 514/16927||D_loss: 0.3932|D1_loss: 0.1638|D2_loss: 0.2294||G_loss: 3.8136|R121_loss: 0.4418|R212_loss: 0.5109
2024/08/16 13:37:43: model [INFO] Epoch:   0/  6|Batch: 519/16927||D_loss: 0.3467|D1_loss: 0.1628|D2_loss: 0.1839||G_loss: 3.7750|R121_loss: 0.4315|R212_loss: 0.4844
2024/08/16 13:37:43: model [INFO] Epoch:   0/  6|Batch: 524/16927||D_loss: 0.3128|D1_loss: 0.1448|D2_loss: 0.1680||G_loss: 4.0302|R121_loss: 0.4500|R212_loss: 0.4724
2024/08/16 13:37:43: model [INFO] Epoch:   0/  6|Batch: 529/16927||D_loss: 0.4572|D1_loss: 0.3162|D2_loss: 0.1410||G_loss: 3.5658|R121_loss: 0.4633|R212_loss: 0.4327
2024/08/16 13:37:43: model [INFO] Epoch:   0/  6|Batch: 534/16927||D_loss: 0.3210|D1_loss: 0.1552|D2_loss: 0.1659||G_loss: 3.8249|R121_loss: 0.4267|R212_loss: 0.4885
2024/08/16 13:37:43: model [INFO] Epoch:   0/  6|Batch: 539/16927||D_loss: 0.3359|D1_loss: 0.1548|D2_loss: 0.1811||G_loss: 3.7544|R121_loss: 0.4380|R212_loss: 0.4770
2024/08/16 13:37:43: model [INFO] Epoch:   0/  6|Batch: 544/16927||D_loss: 0.3261|D1_loss: 0.1733|D2_loss: 0.1528||G_loss: 3.9892|R121_loss: 0.4503|R212_loss: 0.4660
2024/08/16 13:37:43: model [INFO] Epoch:   0/  6|Batch: 549/16927||D_loss: 0.2760|D1_loss: 0.1539|D2_loss: 0.1221||G_loss: 4.1775|R121_loss: 0.4447|R212_loss: 0.4962
2024/08/16 13:37:43: model [INFO] Epoch:   0/  6|Batch: 554/16927||D_loss: 0.3152|D1_loss: 0.1910|D2_loss: 0.1242||G_loss: 4.1472|R121_loss: 0.4373|R212_loss: 0.5078
2024/08/16 13:37:43: model [INFO] Epoch:   0/  6|Batch: 559/16927||D_loss: 0.3852|D1_loss: 0.2384|D2_loss: 0.1468||G_loss: 3.5415|R121_loss: 0.4284|R212_loss: 0.4366
2024/08/16 13:37:43: model [INFO] Epoch:   0/  6|Batch: 564/16927||D_loss: 0.3163|D1_loss: 0.1512|D2_loss: 0.1651||G_loss: 3.8246|R121_loss: 0.4297|R212_loss: 0.4887
2024/08/16 13:37:43: model [INFO] Epoch:   0/  6|Batch: 569/16927||D_loss: 0.2612|D1_loss: 0.1434|D2_loss: 0.1177||G_loss: 4.3331|R121_loss: 0.4507|R212_loss: 0.4854
2024/08/16 13:37:43: model [INFO] Epoch:   0/  6|Batch: 574/16927||D_loss: 0.2790|D1_loss: 0.1274|D2_loss: 0.1516||G_loss: 4.2864|R121_loss: 0.4488|R212_loss: 0.4525
2024/08/16 13:37:43: model [INFO] Epoch:   0/  6|Batch: 579/16927||D_loss: 0.2557|D1_loss: 0.1328|D2_loss: 0.1229||G_loss: 4.2653|R121_loss: 0.4413|R212_loss: 0.4874
2024/08/16 13:37:44: model [INFO] Epoch:   0/  6|Batch: 584/16927||D_loss: 0.2772|D1_loss: 0.1583|D2_loss: 0.1189||G_loss: 4.2213|R121_loss: 0.4563|R212_loss: 0.4972
2024/08/16 13:37:44: model [INFO] Epoch:   0/  6|Batch: 589/16927||D_loss: 0.4206|D1_loss: 0.2552|D2_loss: 0.1654||G_loss: 3.3687|R121_loss: 0.4320|R212_loss: 0.4277
2024/08/16 13:37:44: model [INFO] Epoch:   0/  6|Batch: 594/16927||D_loss: 0.3281|D1_loss: 0.1540|D2_loss: 0.1740||G_loss: 3.7899|R121_loss: 0.4258|R212_loss: 0.4868
2024/08/16 13:37:44: model [INFO] Epoch:   0/  6|Batch: 599/16927||D_loss: 0.2540|D1_loss: 0.1544|D2_loss: 0.0997||G_loss: 4.3964|R121_loss: 0.4397|R212_loss: 0.4906
2024/08/16 13:37:44: model [INFO] Epoch:   0/  6|Batch: 604/16927||D_loss: 0.3087|D1_loss: 0.1416|D2_loss: 0.1671||G_loss: 3.9454|R121_loss: 0.4306|R212_loss: 0.4552
2024/08/16 13:37:44: model [INFO] Epoch:   0/  6|Batch: 609/16927||D_loss: 0.3308|D1_loss: 0.2128|D2_loss: 0.1179||G_loss: 3.8869|R121_loss: 0.4423|R212_loss: 0.4364
2024/08/16 13:37:44: model [INFO] Epoch:   0/  6|Batch: 614/16927||D_loss: 0.2798|D1_loss: 0.1358|D2_loss: 0.1440||G_loss: 4.4481|R121_loss: 0.4586|R212_loss: 0.4853
2024/08/16 13:37:44: model [INFO] Epoch:   0/  6|Batch: 619/16927||D_loss: 0.3102|D1_loss: 0.1360|D2_loss: 0.1742||G_loss: 3.8963|R121_loss: 0.4253|R212_loss: 0.4908
2024/08/16 13:37:44: model [INFO] Epoch:   0/  6|Batch: 624/16927||D_loss: 0.2276|D1_loss: 0.1258|D2_loss: 0.1018||G_loss: 4.5049|R121_loss: 0.4456|R212_loss: 0.4837
2024/08/16 13:37:44: model [INFO] Epoch:   0/  6|Batch: 629/16927||D_loss: 0.3781|D1_loss: 0.2376|D2_loss: 0.1405||G_loss: 3.5731|R121_loss: 0.4521|R212_loss: 0.4224
2024/08/16 13:37:44: model [INFO] Epoch:   0/  6|Batch: 634/16927||D_loss: 0.2510|D1_loss: 0.1523|D2_loss: 0.0988||G_loss: 4.4051|R121_loss: 0.4502|R212_loss: 0.4926
2024/08/16 13:37:44: model [INFO] Epoch:   0/  6|Batch: 639/16927||D_loss: 0.2978|D1_loss: 0.1274|D2_loss: 0.1704||G_loss: 3.9739|R121_loss: 0.4385|R212_loss: 0.4946
2024/08/16 13:37:44: model [INFO] Epoch:   0/  6|Batch: 644/16927||D_loss: 0.2751|D1_loss: 0.1237|D2_loss: 0.1514||G_loss: 4.2389|R121_loss: 0.4304|R212_loss: 0.4664
2024/08/16 13:37:44: model [INFO] Epoch:   0/  6|Batch: 649/16927||D_loss: 0.3212|D1_loss: 0.1488|D2_loss: 0.1724||G_loss: 4.2033|R121_loss: 0.4395|R212_loss: 0.4786
2024/08/16 13:37:44: model [INFO] Epoch:   0/  6|Batch: 654/16927||D_loss: 0.3482|D1_loss: 0.1387|D2_loss: 0.2095||G_loss: 3.7149|R121_loss: 0.4435|R212_loss: 0.4790
2024/08/16 13:37:44: model [INFO] Epoch:   0/  6|Batch: 659/16927||D_loss: 0.2199|D1_loss: 0.1210|D2_loss: 0.0989||G_loss: 4.6196|R121_loss: 0.4259|R212_loss: 0.4856
2024/08/16 13:37:44: model [INFO] Epoch:   0/  6|Batch: 664/16927||D_loss: 0.2530|D1_loss: 0.1412|D2_loss: 0.1118||G_loss: 4.3344|R121_loss: 0.4340|R212_loss: 0.4830
2024/08/16 13:37:44: model [INFO] Epoch:   0/  6|Batch: 669/16927||D_loss: 0.2453|D1_loss: 0.1281|D2_loss: 0.1171||G_loss: 4.3168|R121_loss: 0.4504|R212_loss: 0.4824
2024/08/16 13:37:44: model [INFO] Epoch:   0/  6|Batch: 674/16927||D_loss: 0.4464|D1_loss: 0.2605|D2_loss: 0.1859||G_loss: 3.1846|R121_loss: 0.4383|R212_loss: 0.4124
2024/08/16 13:37:44: model [INFO] Epoch:   0/  6|Batch: 679/16927||D_loss: 0.2339|D1_loss: 0.1433|D2_loss: 0.0906||G_loss: 4.4708|R121_loss: 0.4453|R212_loss: 0.4917
2024/08/16 13:37:44: model [INFO] Epoch:   0/  6|Batch: 684/16927||D_loss: 0.3625|D1_loss: 0.2316|D2_loss: 0.1309||G_loss: 3.5681|R121_loss: 0.4282|R212_loss: 0.4218
2024/08/16 13:37:44: model [INFO] Epoch:   0/  6|Batch: 689/16927||D_loss: 0.3904|D1_loss: 0.2231|D2_loss: 0.1673||G_loss: 3.3483|R121_loss: 0.4278|R212_loss: 0.4118
2024/08/16 13:37:44: model [INFO] Epoch:   0/  6|Batch: 694/16927||D_loss: 0.3489|D1_loss: 0.1450|D2_loss: 0.2039||G_loss: 3.6462|R121_loss: 0.4157|R212_loss: 0.4845
2024/08/16 13:37:44: model [INFO] Epoch:   0/  6|Batch: 699/16927||D_loss: 0.4219|D1_loss: 0.2275|D2_loss: 0.1944||G_loss: 3.1958|R121_loss: 0.4047|R212_loss: 0.4207
2024/08/16 13:37:44: model [INFO] Epoch:   0/  6|Batch: 704/16927||D_loss: 0.2791|D1_loss: 0.1524|D2_loss: 0.1267||G_loss: 4.4621|R121_loss: 0.4483|R212_loss: 0.4474
2024/08/16 13:37:44: model [INFO] Epoch:   0/  6|Batch: 709/16927||D_loss: 0.3378|D1_loss: 0.2272|D2_loss: 0.1106||G_loss: 3.9125|R121_loss: 0.4355|R212_loss: 0.4255
2024/08/16 13:37:44: model [INFO] Epoch:   0/  6|Batch: 714/16927||D_loss: 0.2499|D1_loss: 0.1338|D2_loss: 0.1161||G_loss: 4.2747|R121_loss: 0.4321|R212_loss: 0.4863
2024/08/16 13:37:44: model [INFO] Epoch:   0/  6|Batch: 719/16927||D_loss: 0.2630|D1_loss: 0.1567|D2_loss: 0.1064||G_loss: 4.3237|R121_loss: 0.4449|R212_loss: 0.4707
2024/08/16 13:37:44: model [INFO] Epoch:   0/  6|Batch: 724/16927||D_loss: 0.3140|D1_loss: 0.2116|D2_loss: 0.1024||G_loss: 3.9559|R121_loss: 0.4459|R212_loss: 0.4209
2024/08/16 13:37:44: model [INFO] Epoch:   0/  6|Batch: 729/16927||D_loss: 0.2269|D1_loss: 0.1167|D2_loss: 0.1102||G_loss: 4.4932|R121_loss: 0.4282|R212_loss: 0.4680
2024/08/16 13:37:44: model [INFO] Epoch:   0/  6|Batch: 734/16927||D_loss: 0.3117|D1_loss: 0.2116|D2_loss: 0.1002||G_loss: 4.0056|R121_loss: 0.4386|R212_loss: 0.4148
2024/08/16 13:37:44: model [INFO] Epoch:   0/  6|Batch: 739/16927||D_loss: 0.2837|D1_loss: 0.1171|D2_loss: 0.1666||G_loss: 4.0763|R121_loss: 0.4307|R212_loss: 0.4901
2024/08/16 13:37:44: model [INFO] Epoch:   0/  6|Batch: 744/16927||D_loss: 0.3133|D1_loss: 0.1489|D2_loss: 0.1645||G_loss: 3.8593|R121_loss: 0.4114|R212_loss: 0.4400
2024/08/16 13:37:44: model [INFO] Epoch:   0/  6|Batch: 749/16927||D_loss: 0.2305|D1_loss: 0.1170|D2_loss: 0.1135||G_loss: 4.4162|R121_loss: 0.4523|R212_loss: 0.4888
2024/08/16 13:37:44: model [INFO] Epoch:   0/  6|Batch: 754/16927||D_loss: 0.3294|D1_loss: 0.1564|D2_loss: 0.1730||G_loss: 3.8552|R121_loss: 0.4127|R212_loss: 0.4798
2024/08/16 13:37:44: model [INFO] Epoch:   0/  6|Batch: 759/16927||D_loss: 0.2997|D1_loss: 0.1867|D2_loss: 0.1130||G_loss: 3.9539|R121_loss: 0.4253|R212_loss: 0.4264
2024/08/16 13:37:44: model [INFO] Epoch:   0/  6|Batch: 764/16927||D_loss: 0.2421|D1_loss: 0.1354|D2_loss: 0.1067||G_loss: 4.3009|R121_loss: 0.4337|R212_loss: 0.4770
2024/08/16 13:37:45: model [INFO] Epoch:   0/  6|Batch: 769/16927||D_loss: 0.4059|D1_loss: 0.1986|D2_loss: 0.2073||G_loss: 3.2358|R121_loss: 0.4011|R212_loss: 0.4266
2024/08/16 13:37:45: model [INFO] Epoch:   0/  6|Batch: 774/16927||D_loss: 0.4081|D1_loss: 0.2157|D2_loss: 0.1925||G_loss: 3.2295|R121_loss: 0.4161|R212_loss: 0.4267
2024/08/16 13:37:45: model [INFO] Epoch:   0/  6|Batch: 779/16927||D_loss: 0.3670|D1_loss: 0.2070|D2_loss: 0.1600||G_loss: 3.4414|R121_loss: 0.4074|R212_loss: 0.4240
2024/08/16 13:37:45: model [INFO] Epoch:   0/  6|Batch: 784/16927||D_loss: 0.3100|D1_loss: 0.2146|D2_loss: 0.0954||G_loss: 3.9855|R121_loss: 0.4247|R212_loss: 0.4236
2024/08/16 13:37:45: model [INFO] Epoch:   0/  6|Batch: 789/16927||D_loss: 0.2455|D1_loss: 0.1306|D2_loss: 0.1149||G_loss: 4.3470|R121_loss: 0.4208|R212_loss: 0.4380
2024/08/16 13:37:45: model [INFO] Epoch:   0/  6|Batch: 794/16927||D_loss: 0.3633|D1_loss: 0.2368|D2_loss: 0.1265||G_loss: 3.6797|R121_loss: 0.4168|R212_loss: 0.4022
2024/08/16 13:37:45: model [INFO] Epoch:   0/  6|Batch: 799/16927||D_loss: 0.2463|D1_loss: 0.1370|D2_loss: 0.1093||G_loss: 4.3095|R121_loss: 0.4187|R212_loss: 0.4612
2024/08/16 13:37:45: model [INFO] Epoch:   0/  6|Batch: 804/16927||D_loss: 0.3183|D1_loss: 0.1263|D2_loss: 0.1920||G_loss: 3.8975|R121_loss: 0.4095|R212_loss: 0.4372
2024/08/16 13:37:45: model [INFO] Epoch:   0/  6|Batch: 809/16927||D_loss: 0.3299|D1_loss: 0.2276|D2_loss: 0.1023||G_loss: 3.8370|R121_loss: 0.4329|R212_loss: 0.4071
2024/08/16 13:37:45: model [INFO] Epoch:   0/  6|Batch: 814/16927||D_loss: 0.3787|D1_loss: 0.2665|D2_loss: 0.1123||G_loss: 3.6302|R121_loss: 0.4109|R212_loss: 0.4097
2024/08/16 13:37:45: model [INFO] Epoch:   0/  6|Batch: 819/16927||D_loss: 0.2833|D1_loss: 0.1098|D2_loss: 0.1735||G_loss: 4.3058|R121_loss: 0.4163|R212_loss: 0.4285
2024/08/16 13:37:45: model [INFO] Epoch:   0/  6|Batch: 824/16927||D_loss: 0.3137|D1_loss: 0.1065|D2_loss: 0.2071||G_loss: 3.8935|R121_loss: 0.4151|R212_loss: 0.4277
2024/08/16 13:37:45: model [INFO] Epoch:   0/  6|Batch: 829/16927||D_loss: 0.2775|D1_loss: 0.1573|D2_loss: 0.1202||G_loss: 4.0492|R121_loss: 0.4099|R212_loss: 0.4762
2024/08/16 13:37:45: model [INFO] Epoch:   0/  6|Batch: 834/16927||D_loss: 0.2132|D1_loss: 0.1156|D2_loss: 0.0975||G_loss: 4.5388|R121_loss: 0.4226|R212_loss: 0.4526
2024/08/16 13:37:45: model [INFO] Epoch:   0/  6|Batch: 839/16927||D_loss: 0.3069|D1_loss: 0.1050|D2_loss: 0.2018||G_loss: 4.1750|R121_loss: 0.4074|R212_loss: 0.4921
2024/08/16 13:37:45: model [INFO] Epoch:   0/  6|Batch: 844/16927||D_loss: 0.4505|D1_loss: 0.2443|D2_loss: 0.2062||G_loss: 3.0206|R121_loss: 0.4110|R212_loss: 0.4042
2024/08/16 13:37:45: model [INFO] Epoch:   0/  6|Batch: 849/16927||D_loss: 0.2586|D1_loss: 0.1518|D2_loss: 0.1068||G_loss: 4.3270|R121_loss: 0.4168|R212_loss: 0.4557
2024/08/16 13:37:45: model [INFO] Epoch:   0/  6|Batch: 854/16927||D_loss: 0.2189|D1_loss: 0.1319|D2_loss: 0.0870||G_loss: 4.5467|R121_loss: 0.4205|R212_loss: 0.4697
2024/08/16 13:37:45: model [INFO] Epoch:   0/  6|Batch: 859/16927||D_loss: 0.3451|D1_loss: 0.2480|D2_loss: 0.0971||G_loss: 3.7591|R121_loss: 0.4084|R212_loss: 0.3977
2024/08/16 13:37:45: model [INFO] Epoch:   0/  6|Batch: 864/16927||D_loss: 0.2668|D1_loss: 0.1290|D2_loss: 0.1379||G_loss: 4.2084|R121_loss: 0.4290|R212_loss: 0.4731
2024/08/16 13:37:45: model [INFO] Epoch:   0/  6|Batch: 869/16927||D_loss: 0.2697|D1_loss: 0.1136|D2_loss: 0.1561||G_loss: 4.0922|R121_loss: 0.3981|R212_loss: 0.4625
2024/08/16 13:37:45: model [INFO] Epoch:   0/  6|Batch: 874/16927||D_loss: 0.3414|D1_loss: 0.2538|D2_loss: 0.0877||G_loss: 4.0086|R121_loss: 0.4174|R212_loss: 0.3906
2024/08/16 13:37:45: model [INFO] Epoch:   0/  6|Batch: 879/16927||D_loss: 0.2658|D1_loss: 0.1499|D2_loss: 0.1158||G_loss: 4.2321|R121_loss: 0.4086|R212_loss: 0.4618
2024/08/16 13:37:45: model [INFO] Epoch:   0/  6|Batch: 884/16927||D_loss: 0.3600|D1_loss: 0.2428|D2_loss: 0.1171||G_loss: 3.5986|R121_loss: 0.4224|R212_loss: 0.3916
2024/08/16 13:37:45: model [INFO] Epoch:   0/  6|Batch: 889/16927||D_loss: 0.2153|D1_loss: 0.1241|D2_loss: 0.0911||G_loss: 4.4821|R121_loss: 0.4185|R212_loss: 0.4671
2024/08/16 13:37:45: model [INFO] Epoch:   0/  6|Batch: 894/16927||D_loss: 0.4311|D1_loss: 0.3077|D2_loss: 0.1234||G_loss: 3.4257|R121_loss: 0.4231|R212_loss: 0.3813
2024/08/16 13:37:45: model [INFO] Epoch:   0/  6|Batch: 899/16927||D_loss: 0.2253|D1_loss: 0.1131|D2_loss: 0.1122||G_loss: 4.4285|R121_loss: 0.4165|R212_loss: 0.4804
2024/08/16 13:37:45: model [INFO] Epoch:   0/  6|Batch: 904/16927||D_loss: 0.2687|D1_loss: 0.1751|D2_loss: 0.0935||G_loss: 4.2642|R121_loss: 0.4325|R212_loss: 0.4467
2024/08/16 13:37:45: model [INFO] Epoch:   0/  6|Batch: 909/16927||D_loss: 0.2333|D1_loss: 0.1130|D2_loss: 0.1203||G_loss: 4.3124|R121_loss: 0.4399|R212_loss: 0.4621
2024/08/16 13:37:45: model [INFO] Epoch:   0/  6|Batch: 914/16927||D_loss: 0.5048|D1_loss: 0.2667|D2_loss: 0.2381||G_loss: 2.7683|R121_loss: 0.3893|R212_loss: 0.3979
2024/08/16 13:37:45: model [INFO] Epoch:   0/  6|Batch: 919/16927||D_loss: 0.3680|D1_loss: 0.1295|D2_loss: 0.2385||G_loss: 3.6177|R121_loss: 0.4005|R212_loss: 0.4771
2024/08/16 13:37:45: model [INFO] Epoch:   0/  6|Batch: 924/16927||D_loss: 0.4692|D1_loss: 0.2657|D2_loss: 0.2035||G_loss: 2.9211|R121_loss: 0.3951|R212_loss: 0.3885
2024/08/16 13:37:45: model [INFO] Epoch:   0/  6|Batch: 929/16927||D_loss: 0.2799|D1_loss: 0.1384|D2_loss: 0.1416||G_loss: 4.3290|R121_loss: 0.4174|R212_loss: 0.4779
2024/08/16 13:37:45: model [INFO] Epoch:   0/  6|Batch: 934/16927||D_loss: 0.3901|D1_loss: 0.1264|D2_loss: 0.2637||G_loss: 3.5284|R121_loss: 0.3859|R212_loss: 0.4336
2024/08/16 13:37:45: model [INFO] Epoch:   0/  6|Batch: 939/16927||D_loss: 0.2258|D1_loss: 0.1373|D2_loss: 0.0885||G_loss: 4.5486|R121_loss: 0.4161|R212_loss: 0.4696
2024/08/16 13:37:45: model [INFO] Epoch:   0/  6|Batch: 944/16927||D_loss: 0.2589|D1_loss: 0.1364|D2_loss: 0.1226||G_loss: 4.1862|R121_loss: 0.4111|R212_loss: 0.4361
2024/08/16 13:37:45: model [INFO] Epoch:   0/  6|Batch: 949/16927||D_loss: 0.2517|D1_loss: 0.1244|D2_loss: 0.1273||G_loss: 4.1490|R121_loss: 0.3971|R212_loss: 0.4627
2024/08/16 13:37:46: model [INFO] Epoch:   0/  6|Batch: 954/16927||D_loss: 0.3208|D1_loss: 0.1536|D2_loss: 0.1672||G_loss: 3.8053|R121_loss: 0.4113|R212_loss: 0.4106
2024/08/16 13:37:46: model [INFO] Epoch:   0/  6|Batch: 959/16927||D_loss: 0.3036|D1_loss: 0.1361|D2_loss: 0.1676||G_loss: 3.7616|R121_loss: 0.3909|R212_loss: 0.4330
2024/08/16 13:37:46: model [INFO] Epoch:   0/  6|Batch: 964/16927||D_loss: 0.3897|D1_loss: 0.2442|D2_loss: 0.1455||G_loss: 3.3818|R121_loss: 0.3966|R212_loss: 0.4049
2024/08/16 13:37:46: model [INFO] Epoch:   0/  6|Batch: 969/16927||D_loss: 0.4685|D1_loss: 0.2476|D2_loss: 0.2209||G_loss: 2.9379|R121_loss: 0.3700|R212_loss: 0.4094
2024/08/16 13:37:46: model [INFO] Epoch:   0/  6|Batch: 974/16927||D_loss: 0.4190|D1_loss: 0.1565|D2_loss: 0.2625||G_loss: 3.2441|R121_loss: 0.3892|R212_loss: 0.4204
2024/08/16 13:37:46: model [INFO] Epoch:   0/  6|Batch: 979/16927||D_loss: 0.4163|D1_loss: 0.1634|D2_loss: 0.2529||G_loss: 3.1923|R121_loss: 0.3782|R212_loss: 0.4592
2024/08/16 13:37:46: model [INFO] Epoch:   0/  6|Batch: 984/16927||D_loss: 0.2665|D1_loss: 0.1344|D2_loss: 0.1321||G_loss: 3.9921|R121_loss: 0.4240|R212_loss: 0.4588
2024/08/16 13:37:46: model [INFO] Epoch:   0/  6|Batch: 989/16927||D_loss: 0.3936|D1_loss: 0.1232|D2_loss: 0.2704||G_loss: 3.4492|R121_loss: 0.3831|R212_loss: 0.4453
2024/08/16 13:37:46: model [INFO] Epoch:   0/  6|Batch: 994/16927||D_loss: 0.2972|D1_loss: 0.1676|D2_loss: 0.1296||G_loss: 3.9875|R121_loss: 0.4148|R212_loss: 0.4590
2024/08/16 13:37:46: model [INFO] Epoch:   0/  6|Batch: 999/16927||D_loss: 0.4207|D1_loss: 0.1442|D2_loss: 0.2765||G_loss: 3.2684|R121_loss: 0.3766|R212_loss: 0.4719
2024/08/16 13:37:46: model [INFO] Epoch:   0/  6|Batch: 1004/16927||D_loss: 0.3866|D1_loss: 0.1551|D2_loss: 0.2315||G_loss: 3.5033|R121_loss: 0.3781|R212_loss: 0.4591
2024/08/16 13:37:46: model [INFO] Epoch:   0/  6|Batch: 1009/16927||D_loss: 0.4766|D1_loss: 0.1744|D2_loss: 0.3023||G_loss: 2.9434|R121_loss: 0.3776|R212_loss: 0.3846
2024/08/16 13:37:46: model [INFO] Epoch:   0/  6|Batch: 1014/16927||D_loss: 0.4480|D1_loss: 0.2930|D2_loss: 0.1550||G_loss: 3.2468|R121_loss: 0.3909|R212_loss: 0.3909
2024/08/16 13:37:46: model [INFO] Epoch:   0/  6|Batch: 1019/16927||D_loss: 0.2859|D1_loss: 0.1497|D2_loss: 0.1362||G_loss: 3.9474|R121_loss: 0.4179|R212_loss: 0.4078
2024/08/16 13:37:46: model [INFO] Epoch:   0/  6|Batch: 1024/16927||D_loss: 0.4203|D1_loss: 0.2768|D2_loss: 0.1435||G_loss: 3.5261|R121_loss: 0.4135|R212_loss: 0.4122
2024/08/16 13:37:46: model [INFO] Epoch:   0/  6|Batch: 1029/16927||D_loss: 0.4014|D1_loss: 0.1409|D2_loss: 0.2605||G_loss: 3.3792|R121_loss: 0.3961|R212_loss: 0.4661
2024/08/16 13:37:46: model [INFO] Epoch:   0/  6|Batch: 1034/16927||D_loss: 0.5222|D1_loss: 0.2518|D2_loss: 0.2704||G_loss: 2.7444|R121_loss: 0.3877|R212_loss: 0.3994
2024/08/16 13:37:46: model [INFO] Epoch:   0/  6|Batch: 1039/16927||D_loss: 0.3660|D1_loss: 0.1539|D2_loss: 0.2121||G_loss: 3.4085|R121_loss: 0.3850|R212_loss: 0.4719
2024/08/16 13:37:46: model [INFO] Epoch:   0/  6|Batch: 1044/16927||D_loss: 0.6078|D1_loss: 0.3001|D2_loss: 0.3077||G_loss: 2.4544|R121_loss: 0.3773|R212_loss: 0.4014
2024/08/16 13:37:46: model [INFO] Epoch:   0/  6|Batch: 1049/16927||D_loss: 0.2647|D1_loss: 0.1432|D2_loss: 0.1215||G_loss: 4.0248|R121_loss: 0.4190|R212_loss: 0.4696
2024/08/16 13:37:46: model [INFO] Epoch:   0/  6|Batch: 1054/16927||D_loss: 0.3001|D1_loss: 0.1725|D2_loss: 0.1276||G_loss: 3.7761|R121_loss: 0.4048|R212_loss: 0.4465
2024/08/16 13:37:46: model [INFO] Epoch:   0/  6|Batch: 1059/16927||D_loss: 0.3422|D1_loss: 0.1835|D2_loss: 0.1587||G_loss: 3.6865|R121_loss: 0.3915|R212_loss: 0.4299
2024/08/16 13:37:46: model [INFO] Epoch:   0/  6|Batch: 1064/16927||D_loss: 0.4195|D1_loss: 0.1188|D2_loss: 0.3007||G_loss: 3.4961|R121_loss: 0.3765|R212_loss: 0.4389
2024/08/16 13:37:46: model [INFO] Epoch:   0/  6|Batch: 1069/16927||D_loss: 0.3052|D1_loss: 0.1703|D2_loss: 0.1349||G_loss: 3.7592|R121_loss: 0.3952|R212_loss: 0.4341
2024/08/16 13:37:46: model [INFO] Epoch:   0/  6|Batch: 1074/16927||D_loss: 0.5321|D1_loss: 0.3393|D2_loss: 0.1928||G_loss: 2.8154|R121_loss: 0.3843|R212_loss: 0.3961
2024/08/16 13:37:46: model [INFO] Epoch:   0/  6|Batch: 1079/16927||D_loss: 0.5815|D1_loss: 0.3584|D2_loss: 0.2231||G_loss: 2.5625|R121_loss: 0.3740|R212_loss: 0.3818
2024/08/16 13:37:46: model [INFO] Epoch:   0/  6|Batch: 1084/16927||D_loss: 0.3072|D1_loss: 0.1562|D2_loss: 0.1511||G_loss: 3.8841|R121_loss: 0.4066|R212_loss: 0.4632
2024/08/16 13:37:46: model [INFO] Epoch:   0/  6|Batch: 1089/16927||D_loss: 0.4990|D1_loss: 0.3272|D2_loss: 0.1718||G_loss: 2.9685|R121_loss: 0.3875|R212_loss: 0.4035
2024/08/16 13:37:46: model [INFO] Epoch:   0/  6|Batch: 1094/16927||D_loss: 0.3439|D1_loss: 0.1893|D2_loss: 0.1546||G_loss: 3.6152|R121_loss: 0.3914|R212_loss: 0.4110
2024/08/16 13:37:46: model [INFO] Epoch:   0/  6|Batch: 1099/16927||D_loss: 0.5473|D1_loss: 0.3638|D2_loss: 0.1835||G_loss: 2.7440|R121_loss: 0.3932|R212_loss: 0.3862
2024/08/16 13:37:46: model [INFO] Epoch:   0/  6|Batch: 1104/16927||D_loss: 0.3707|D1_loss: 0.2023|D2_loss: 0.1684||G_loss: 3.3510|R121_loss: 0.4108|R212_loss: 0.4238
2024/08/16 13:37:46: model [INFO] Epoch:   0/  6|Batch: 1109/16927||D_loss: 0.5503|D1_loss: 0.3766|D2_loss: 0.1736||G_loss: 2.7924|R121_loss: 0.4154|R212_loss: 0.3685
2024/08/16 13:37:46: model [INFO] Epoch:   0/  6|Batch: 1114/16927||D_loss: 0.5268|D1_loss: 0.1587|D2_loss: 0.3681||G_loss: 3.0504|R121_loss: 0.3562|R212_loss: 0.4730
2024/08/16 13:37:46: model [INFO] Epoch:   0/  6|Batch: 1119/16927||D_loss: 0.5878|D1_loss: 0.3435|D2_loss: 0.2443||G_loss: 2.5403|R121_loss: 0.3881|R212_loss: 0.3791
2024/08/16 13:37:46: model [INFO] Epoch:   0/  6|Batch: 1124/16927||D_loss: 0.5073|D1_loss: 0.1492|D2_loss: 0.3581||G_loss: 3.0938|R121_loss: 0.3659|R212_loss: 0.4586
2024/08/16 13:37:47: model [INFO] Epoch:   0/  6|Batch: 1129/16927||D_loss: 0.5356|D1_loss: 0.3698|D2_loss: 0.1658||G_loss: 2.8400|R121_loss: 0.3888|R212_loss: 0.3885
2024/08/16 13:37:47: model [INFO] Epoch:   0/  6|Batch: 1134/16927||D_loss: 0.5303|D1_loss: 0.2097|D2_loss: 0.3206||G_loss: 2.8675|R121_loss: 0.3592|R212_loss: 0.4092
2024/08/16 13:37:47: model [INFO] Epoch:   0/  6|Batch: 1139/16927||D_loss: 0.4743|D1_loss: 0.1470|D2_loss: 0.3273||G_loss: 3.1544|R121_loss: 0.3532|R212_loss: 0.4513
2024/08/16 13:37:47: model [INFO] Epoch:   0/  6|Batch: 1144/16927||D_loss: 0.5615|D1_loss: 0.3797|D2_loss: 0.1818||G_loss: 2.8746|R121_loss: 0.3942|R212_loss: 0.3834
2024/08/16 13:37:47: model [INFO] Epoch:   0/  6|Batch: 1149/16927||D_loss: 0.4757|D1_loss: 0.1426|D2_loss: 0.3331||G_loss: 3.1228|R121_loss: 0.3588|R212_loss: 0.4547
2024/08/16 13:37:47: model [INFO] Epoch:   0/  6|Batch: 1154/16927||D_loss: 0.5730|D1_loss: 0.3950|D2_loss: 0.1780||G_loss: 2.8429|R121_loss: 0.4024|R212_loss: 0.3793
2024/08/16 13:37:47: model [INFO] Epoch:   0/  6|Batch: 1159/16927||D_loss: 0.8188|D1_loss: 0.4033|D2_loss: 0.4155||G_loss: 1.9758|R121_loss: 0.3620|R212_loss: 0.3696
2024/08/16 13:37:47: model [INFO] Epoch:   0/  6|Batch: 1164/16927||D_loss: 0.4363|D1_loss: 0.1760|D2_loss: 0.2603||G_loss: 3.0937|R121_loss: 0.3511|R212_loss: 0.4460
2024/08/16 13:37:47: model [INFO] Epoch:   0/  6|Batch: 1169/16927||D_loss: 0.7579|D1_loss: 0.4047|D2_loss: 0.3532||G_loss: 2.0731|R121_loss: 0.3597|R212_loss: 0.3601
2024/08/16 13:37:47: model [INFO] Epoch:   0/  6|Batch: 1174/16927||D_loss: 0.5194|D1_loss: 0.2190|D2_loss: 0.3004||G_loss: 2.7956|R121_loss: 0.3907|R212_loss: 0.4437
2024/08/16 13:37:47: model [INFO] Epoch:   0/  6|Batch: 1179/16927||D_loss: 0.3284|D1_loss: 0.1706|D2_loss: 0.1578||G_loss: 3.7961|R121_loss: 0.4076|R212_loss: 0.4507
2024/08/16 13:37:47: model [INFO] Epoch:   0/  6|Batch: 1184/16927||D_loss: 0.7985|D1_loss: 0.4429|D2_loss: 0.3556||G_loss: 2.0198|R121_loss: 0.3740|R212_loss: 0.3677
2024/08/16 13:37:47: model [INFO] Epoch:   0/  6|Batch: 1189/16927||D_loss: 0.5024|D1_loss: 0.2041|D2_loss: 0.2983||G_loss: 2.9233|R121_loss: 0.3788|R212_loss: 0.4275
2024/08/16 13:37:47: model [INFO] Epoch:   0/  6|Batch: 1194/16927||D_loss: 0.7233|D1_loss: 0.4266|D2_loss: 0.2968||G_loss: 2.1962|R121_loss: 0.3782|R212_loss: 0.3598
2024/08/16 13:37:47: model [INFO] Epoch:   0/  6|Batch: 1199/16927||D_loss: 0.6341|D1_loss: 0.2393|D2_loss: 0.3948||G_loss: 2.5362|R121_loss: 0.3555|R212_loss: 0.4372
2024/08/16 13:37:47: model [INFO] Epoch:   0/  6|Batch: 1204/16927||D_loss: 0.8516|D1_loss: 0.4515|D2_loss: 0.4000||G_loss: 1.8743|R121_loss: 0.3420|R212_loss: 0.3543
2024/08/16 13:37:47: model [INFO] Epoch:   0/  6|Batch: 1209/16927||D_loss: 0.4030|D1_loss: 0.2078|D2_loss: 0.1952||G_loss: 3.4474|R121_loss: 0.3980|R212_loss: 0.4069
2024/08/16 13:37:47: model [INFO] Epoch:   0/  6|Batch: 1214/16927||D_loss: 0.4686|D1_loss: 0.1862|D2_loss: 0.2825||G_loss: 2.9778|R121_loss: 0.3860|R212_loss: 0.4048
2024/08/16 13:37:47: model [INFO] Epoch:   0/  6|Batch: 1219/16927||D_loss: 0.5772|D1_loss: 0.2332|D2_loss: 0.3440||G_loss: 2.7892|R121_loss: 0.3790|R212_loss: 0.4485
2024/08/16 13:37:47: model [INFO] Epoch:   0/  6|Batch: 1224/16927||D_loss: 0.8838|D1_loss: 0.4312|D2_loss: 0.4525||G_loss: 1.8159|R121_loss: 0.3430|R212_loss: 0.3467
2024/08/16 13:37:47: model [INFO] Epoch:   0/  6|Batch: 1229/16927||D_loss: 0.5647|D1_loss: 0.2897|D2_loss: 0.2750||G_loss: 2.9340|R121_loss: 0.3664|R212_loss: 0.4206
2024/08/16 13:37:47: model [INFO] Epoch:   0/  6|Batch: 1234/16927||D_loss: 0.4178|D1_loss: 0.2392|D2_loss: 0.1786||G_loss: 3.2881|R121_loss: 0.3995|R212_loss: 0.4363
2024/08/16 13:37:47: model [INFO] Epoch:   0/  6|Batch: 1239/16927||D_loss: 0.7434|D1_loss: 0.4478|D2_loss: 0.2956||G_loss: 2.2083|R121_loss: 0.3752|R212_loss: 0.3642
2024/08/16 13:37:47: model [INFO] Epoch:   0/  6|Batch: 1244/16927||D_loss: 0.7180|D1_loss: 0.2895|D2_loss: 0.4285||G_loss: 2.3125|R121_loss: 0.3490|R212_loss: 0.4009
2024/08/16 13:37:47: model [INFO] Epoch:   0/  6|Batch: 1249/16927||D_loss: 0.6469|D1_loss: 0.4389|D2_loss: 0.2080||G_loss: 2.5165|R121_loss: 0.3898|R212_loss: 0.3525
2024/08/16 13:37:47: model [INFO] Epoch:   0/  6|Batch: 1254/16927||D_loss: 0.3718|D1_loss: 0.1403|D2_loss: 0.2315||G_loss: 3.4121|R121_loss: 0.3900|R212_loss: 0.4501
2024/08/16 13:37:47: model [INFO] Epoch:   0/  6|Batch: 1259/16927||D_loss: 0.4963|D1_loss: 0.2774|D2_loss: 0.2189||G_loss: 2.9546|R121_loss: 0.3999|R212_loss: 0.4498
2024/08/16 13:37:47: model [INFO] Epoch:   0/  6|Batch: 1264/16927||D_loss: 0.6644|D1_loss: 0.4484|D2_loss: 0.2160||G_loss: 2.4568|R121_loss: 0.4043|R212_loss: 0.3513
2024/08/16 13:37:47: model [INFO] Epoch:   0/  6|Batch: 1269/16927||D_loss: 0.7847|D1_loss: 0.4589|D2_loss: 0.3258||G_loss: 2.0433|R121_loss: 0.3593|R212_loss: 0.3378
2024/08/16 13:37:47: model [INFO] Epoch:   0/  6|Batch: 1274/16927||D_loss: 0.6656|D1_loss: 0.4598|D2_loss: 0.2059||G_loss: 2.4414|R121_loss: 0.3708|R212_loss: 0.3393
2024/08/16 13:37:47: model [INFO] Epoch:   0/  6|Batch: 1279/16927||D_loss: 0.6908|D1_loss: 0.4592|D2_loss: 0.2316||G_loss: 2.3922|R121_loss: 0.3843|R212_loss: 0.3405
2024/08/16 13:37:47: model [INFO] Epoch:   0/  6|Batch: 1284/16927||D_loss: 0.6012|D1_loss: 0.3418|D2_loss: 0.2594||G_loss: 2.5770|R121_loss: 0.3713|R212_loss: 0.3462
2024/08/16 13:37:47: model [INFO] Epoch:   0/  6|Batch: 1289/16927||D_loss: 0.7628|D1_loss: 0.4765|D2_loss: 0.2863||G_loss: 2.2296|R121_loss: 0.3927|R212_loss: 0.3522
2024/08/16 13:37:47: model [INFO] Epoch:   0/  6|Batch: 1294/16927||D_loss: 0.6928|D1_loss: 0.2478|D2_loss: 0.4450||G_loss: 2.2966|R121_loss: 0.3508|R212_loss: 0.3752
2024/08/16 13:37:47: model [INFO] Epoch:   0/  6|Batch: 1299/16927||D_loss: 0.6094|D1_loss: 0.3574|D2_loss: 0.2520||G_loss: 2.6775|R121_loss: 0.3937|R212_loss: 0.3721
2024/08/16 13:37:47: model [INFO] Epoch:   0/  6|Batch: 1304/16927||D_loss: 0.8056|D1_loss: 0.4783|D2_loss: 0.3273||G_loss: 1.9954|R121_loss: 0.3511|R212_loss: 0.3427
2024/08/16 13:37:47: model [INFO] Epoch:   0/  6|Batch: 1309/16927||D_loss: 0.9138|D1_loss: 0.4834|D2_loss: 0.4303||G_loss: 1.7684|R121_loss: 0.3339|R212_loss: 0.3417
2024/08/16 13:37:48: model [INFO] Epoch:   0/  6|Batch: 1314/16927||D_loss: 0.7854|D1_loss: 0.4606|D2_loss: 0.3248||G_loss: 2.0341|R121_loss: 0.3831|R212_loss: 0.3344
2024/08/16 13:37:48: model [INFO] Epoch:   0/  6|Batch: 1319/16927||D_loss: 0.5389|D1_loss: 0.2856|D2_loss: 0.2533||G_loss: 2.7333|R121_loss: 0.3890|R212_loss: 0.4213
2024/08/16 13:37:48: model [INFO] Epoch:   0/  6|Batch: 1324/16927||D_loss: 0.9907|D1_loss: 0.4845|D2_loss: 0.5061||G_loss: 1.6801|R121_loss: 0.3318|R212_loss: 0.3534
2024/08/16 13:37:48: model [INFO] Epoch:   0/  6|Batch: 1329/16927||D_loss: 0.6088|D1_loss: 0.3088|D2_loss: 0.3000||G_loss: 2.5099|R121_loss: 0.3642|R212_loss: 0.4150
2024/08/16 13:37:48: model [INFO] Epoch:   0/  6|Batch: 1334/16927||D_loss: 0.7872|D1_loss: 0.4847|D2_loss: 0.3025||G_loss: 2.2373|R121_loss: 0.3571|R212_loss: 0.3405
2024/08/16 13:37:48: model [INFO] Epoch:   0/  6|Batch: 1339/16927||D_loss: 0.8495|D1_loss: 0.4860|D2_loss: 0.3635||G_loss: 1.9170|R121_loss: 0.3669|R212_loss: 0.3454
2024/08/16 13:37:48: model [INFO] Epoch:   0/  6|Batch: 1344/16927||D_loss: 0.9299|D1_loss: 0.4851|D2_loss: 0.4449||G_loss: 1.7541|R121_loss: 0.3370|R212_loss: 0.3533
2024/08/16 13:37:48: model [INFO] Epoch:   0/  6|Batch: 1349/16927||D_loss: 0.9287|D1_loss: 0.4933|D2_loss: 0.4354||G_loss: 1.7636|R121_loss: 0.3422|R212_loss: 0.3455
2024/08/16 13:37:48: model [INFO] Epoch:   0/  6|Batch: 1354/16927||D_loss: 0.5900|D1_loss: 0.3811|D2_loss: 0.2089||G_loss: 2.6756|R121_loss: 0.3746|R212_loss: 0.3894
2024/08/16 13:37:48: model [INFO] Epoch:   0/  6|Batch: 1359/16927||D_loss: 0.7277|D1_loss: 0.4924|D2_loss: 0.2353||G_loss: 2.3229|R121_loss: 0.3831|R212_loss: 0.3455
2024/08/16 13:37:48: model [INFO] Epoch:   0/  6|Batch: 1364/16927||D_loss: 0.6402|D1_loss: 0.3053|D2_loss: 0.3348||G_loss: 2.4595|R121_loss: 0.3594|R212_loss: 0.4039
2024/08/16 13:37:48: model [INFO] Epoch:   0/  6|Batch: 1369/16927||D_loss: 0.9331|D1_loss: 0.4819|D2_loss: 0.4512||G_loss: 1.7337|R121_loss: 0.3426|R212_loss: 0.3402
2024/08/16 13:37:48: model [INFO] Epoch:   0/  6|Batch: 1374/16927||D_loss: 0.6639|D1_loss: 0.3876|D2_loss: 0.2764||G_loss: 2.4609|R121_loss: 0.3741|R212_loss: 0.3695
2024/08/16 13:37:48: model [INFO] Epoch:   0/  6|Batch: 1379/16927||D_loss: 0.5745|D1_loss: 0.3229|D2_loss: 0.2517||G_loss: 2.5528|R121_loss: 0.3777|R212_loss: 0.3970
2024/08/16 13:37:48: model [INFO] Epoch:   0/  6|Batch: 1384/16927||D_loss: 0.9455|D1_loss: 0.4919|D2_loss: 0.4536||G_loss: 1.7280|R121_loss: 0.3407|R212_loss: 0.3279
2024/08/16 13:37:48: model [INFO] Epoch:   0/  6|Batch: 1389/16927||D_loss: 0.7767|D1_loss: 0.4819|D2_loss: 0.2948||G_loss: 2.0994|R121_loss: 0.3692|R212_loss: 0.3276
2024/08/16 13:37:48: model [INFO] Epoch:   0/  6|Batch: 1394/16927||D_loss: 0.8404|D1_loss: 0.3311|D2_loss: 0.5093||G_loss: 2.0447|R121_loss: 0.3248|R212_loss: 0.3948
2024/08/16 13:37:48: model [INFO] Epoch:   0/  6|Batch: 1399/16927||D_loss: 0.8865|D1_loss: 0.4830|D2_loss: 0.4035||G_loss: 1.7959|R121_loss: 0.3413|R212_loss: 0.3260
2024/08/16 13:37:48: model [INFO] Epoch:   0/  6|Batch: 1404/16927||D_loss: 0.8361|D1_loss: 0.3212|D2_loss: 0.5150||G_loss: 2.1018|R121_loss: 0.3314|R212_loss: 0.4233
2024/08/16 13:37:48: model [INFO] Epoch:   0/  6|Batch: 1409/16927||D_loss: 0.7814|D1_loss: 0.4587|D2_loss: 0.3227||G_loss: 2.2279|R121_loss: 0.3770|R212_loss: 0.3426
2024/08/16 13:37:48: model [INFO] Epoch:   0/  6|Batch: 1414/16927||D_loss: 0.7770|D1_loss: 0.4915|D2_loss: 0.2855||G_loss: 2.0939|R121_loss: 0.3599|R212_loss: 0.3340
2024/08/16 13:37:48: model [INFO] Epoch:   0/  6|Batch: 1419/16927||D_loss: 0.9767|D1_loss: 0.4919|D2_loss: 0.4848||G_loss: 1.6855|R121_loss: 0.3368|R212_loss: 0.3405
2024/08/16 13:37:48: model [INFO] Epoch:   0/  6|Batch: 1424/16927||D_loss: 0.6969|D1_loss: 0.3926|D2_loss: 0.3044||G_loss: 2.3739|R121_loss: 0.3697|R212_loss: 0.4147
2024/08/16 13:37:48: model [INFO] Epoch:   0/  6|Batch: 1429/16927||D_loss: 0.7427|D1_loss: 0.4011|D2_loss: 0.3416||G_loss: 2.2086|R121_loss: 0.3684|R212_loss: 0.3897
2024/08/16 13:37:48: model [INFO] Epoch:   0/  6|Batch: 1434/16927||D_loss: 0.8246|D1_loss: 0.4963|D2_loss: 0.3283||G_loss: 2.0434|R121_loss: 0.3663|R212_loss: 0.3441
2024/08/16 13:37:48: model [INFO] Epoch:   0/  6|Batch: 1439/16927||D_loss: 0.8778|D1_loss: 0.3287|D2_loss: 0.5491||G_loss: 1.9307|R121_loss: 0.3259|R212_loss: 0.3711
2024/08/16 13:37:48: model [INFO] Epoch:   0/  6|Batch: 1444/16927||D_loss: 0.8350|D1_loss: 0.3129|D2_loss: 0.5221||G_loss: 2.0159|R121_loss: 0.3391|R212_loss: 0.3891
2024/08/16 13:37:48: model [INFO] Epoch:   0/  6|Batch: 1449/16927||D_loss: 0.6434|D1_loss: 0.3209|D2_loss: 0.3225||G_loss: 2.5687|R121_loss: 0.3914|R212_loss: 0.4248
2024/08/16 13:37:48: model [INFO] Epoch:   0/  6|Batch: 1454/16927||D_loss: 0.6833|D1_loss: 0.3759|D2_loss: 0.3074||G_loss: 2.3478|R121_loss: 0.3695|R212_loss: 0.3839
2024/08/16 13:37:48: model [INFO] Epoch:   0/  6|Batch: 1459/16927||D_loss: 0.6625|D1_loss: 0.3511|D2_loss: 0.3114||G_loss: 2.2838|R121_loss: 0.3581|R212_loss: 0.4033
2024/08/16 13:37:48: model [INFO] Epoch:   0/  6|Batch: 1464/16927||D_loss: 1.0476|D1_loss: 0.5020|D2_loss: 0.5456||G_loss: 1.5923|R121_loss: 0.3243|R212_loss: 0.3367
2024/08/16 13:37:48: model [INFO] Epoch:   0/  6|Batch: 1469/16927||D_loss: 0.9249|D1_loss: 0.4138|D2_loss: 0.5112||G_loss: 1.8014|R121_loss: 0.3312|R212_loss: 0.3883
2024/08/16 13:37:48: model [INFO] Epoch:   0/  6|Batch: 1474/16927||D_loss: 0.9624|D1_loss: 0.5091|D2_loss: 0.4532||G_loss: 1.7578|R121_loss: 0.3747|R212_loss: 0.3469
2024/08/16 13:37:48: model [INFO] Epoch:   0/  6|Batch: 1479/16927||D_loss: 0.8142|D1_loss: 0.4480|D2_loss: 0.3662||G_loss: 2.0728|R121_loss: 0.3567|R212_loss: 0.3805
2024/08/16 13:37:48: model [INFO] Epoch:   0/  6|Batch: 1484/16927||D_loss: 0.7904|D1_loss: 0.3838|D2_loss: 0.4065||G_loss: 2.1223|R121_loss: 0.3745|R212_loss: 0.4256
2024/08/16 13:37:48: model [INFO] Epoch:   0/  6|Batch: 1489/16927||D_loss: 0.9460|D1_loss: 0.4188|D2_loss: 0.5272||G_loss: 1.8562|R121_loss: 0.3515|R212_loss: 0.3970
2024/08/16 13:37:48: model [INFO] Epoch:   0/  6|Batch: 1494/16927||D_loss: 1.0192|D1_loss: 0.4965|D2_loss: 0.5227||G_loss: 1.6124|R121_loss: 0.3316|R212_loss: 0.3410
2024/08/16 13:37:49: model [INFO] Epoch:   0/  6|Batch: 1499/16927||D_loss: 0.7864|D1_loss: 0.3945|D2_loss: 0.3919||G_loss: 2.0767|R121_loss: 0.3440|R212_loss: 0.4155
2024/08/16 13:37:49: model [INFO] Epoch:   0/  6|Batch: 1504/16927||D_loss: 1.0140|D1_loss: 0.4979|D2_loss: 0.5161||G_loss: 1.6314|R121_loss: 0.3331|R212_loss: 0.3381
2024/08/16 13:37:49: model [INFO] Epoch:   0/  6|Batch: 1509/16927||D_loss: 0.7784|D1_loss: 0.4026|D2_loss: 0.3758||G_loss: 2.0871|R121_loss: 0.3429|R212_loss: 0.4052
2024/08/16 13:37:49: model [INFO] Epoch:   0/  6|Batch: 1514/16927||D_loss: 1.0093|D1_loss: 0.4847|D2_loss: 0.5246||G_loss: 1.6567|R121_loss: 0.3270|R212_loss: 0.3564
2024/08/16 13:37:49: model [INFO] Epoch:   0/  6|Batch: 1519/16927||D_loss: 0.8585|D1_loss: 0.5075|D2_loss: 0.3510||G_loss: 1.9819|R121_loss: 0.3805|R212_loss: 0.3416
2024/08/16 13:37:49: model [INFO] Epoch:   0/  6|Batch: 1524/16927||D_loss: 0.9859|D1_loss: 0.5017|D2_loss: 0.4842||G_loss: 1.6714|R121_loss: 0.3316|R212_loss: 0.3288
2024/08/16 13:37:49: model [INFO] Epoch:   0/  6|Batch: 1529/16927||D_loss: 0.7361|D1_loss: 0.3420|D2_loss: 0.3942||G_loss: 2.6418|R121_loss: 0.3529|R212_loss: 0.4200
2024/08/16 13:37:49: model [INFO] Epoch:   0/  6|Batch: 1534/16927||D_loss: 1.0073|D1_loss: 0.4911|D2_loss: 0.5162||G_loss: 1.6477|R121_loss: 0.3394|R212_loss: 0.3373
2024/08/16 13:37:49: model [INFO] Epoch:   0/  6|Batch: 1539/16927||D_loss: 0.8250|D1_loss: 0.3741|D2_loss: 0.4509||G_loss: 2.0124|R121_loss: 0.3342|R212_loss: 0.4152
2024/08/16 13:37:49: model [INFO] Epoch:   0/  6|Batch: 1544/16927||D_loss: 0.7146|D1_loss: 0.3942|D2_loss: 0.3205||G_loss: 2.4100|R121_loss: 0.3796|R212_loss: 0.4337
2024/08/16 13:37:49: model [INFO] Epoch:   0/  6|Batch: 1549/16927||D_loss: 1.0244|D1_loss: 0.5007|D2_loss: 0.5237||G_loss: 1.6070|R121_loss: 0.3273|R212_loss: 0.3334
2024/08/16 13:37:49: model [INFO] Epoch:   0/  6|Batch: 1554/16927||D_loss: 0.8274|D1_loss: 0.3397|D2_loss: 0.4877||G_loss: 2.0460|R121_loss: 0.3240|R212_loss: 0.4175
2024/08/16 13:37:49: model [INFO] Epoch:   0/  6|Batch: 1559/16927||D_loss: 0.9419|D1_loss: 0.4520|D2_loss: 0.4899||G_loss: 1.8014|R121_loss: 0.3364|R212_loss: 0.3918
2024/08/16 13:37:49: model [INFO] Epoch:   0/  6|Batch: 1564/16927||D_loss: 0.7211|D1_loss: 0.3558|D2_loss: 0.3653||G_loss: 2.2792|R121_loss: 0.3719|R212_loss: 0.3942
2024/08/16 13:37:49: model [INFO] Epoch:   0/  6|Batch: 1569/16927||D_loss: 0.8948|D1_loss: 0.3733|D2_loss: 0.5215||G_loss: 1.8611|R121_loss: 0.3190|R212_loss: 0.3896
2024/08/16 13:37:49: model [INFO] Epoch:   0/  6|Batch: 1574/16927||D_loss: 0.9539|D1_loss: 0.4328|D2_loss: 0.5211||G_loss: 1.7438|R121_loss: 0.3210|R212_loss: 0.3867
2024/08/16 13:37:49: model [INFO] Epoch:   0/  6|Batch: 1579/16927||D_loss: 0.9453|D1_loss: 0.4922|D2_loss: 0.4531||G_loss: 1.7760|R121_loss: 0.3398|R212_loss: 0.3364
2024/08/16 13:37:49: model [INFO] Epoch:   0/  6|Batch: 1584/16927||D_loss: 0.7787|D1_loss: 0.4013|D2_loss: 0.3774||G_loss: 2.1652|R121_loss: 0.3825|R212_loss: 0.3941
2024/08/16 13:37:49: model [INFO] Epoch:   0/  6|Batch: 1589/16927||D_loss: 0.9360|D1_loss: 0.4932|D2_loss: 0.4428||G_loss: 1.7666|R121_loss: 0.3402|R212_loss: 0.3360
2024/08/16 13:37:49: model [INFO] Epoch:   0/  6|Batch: 1594/16927||D_loss: 0.9470|D1_loss: 0.5024|D2_loss: 0.4447||G_loss: 1.7496|R121_loss: 0.3310|R212_loss: 0.3359
2024/08/16 13:37:49: model [INFO] Epoch:   0/  6|Batch: 1599/16927||D_loss: 0.7058|D1_loss: 0.3282|D2_loss: 0.3776||G_loss: 2.4172|R121_loss: 0.3740|R212_loss: 0.4059
2024/08/16 13:37:49: model [INFO] Epoch:   0/  6|Batch: 1604/16927||D_loss: 1.0148|D1_loss: 0.5002|D2_loss: 0.5146||G_loss: 1.6382|R121_loss: 0.3285|R212_loss: 0.3381
2024/08/16 13:37:49: model [INFO] Epoch:   0/  6|Batch: 1609/16927||D_loss: 0.7843|D1_loss: 0.4007|D2_loss: 0.3836||G_loss: 2.1697|R121_loss: 0.3841|R212_loss: 0.3717
2024/08/16 13:37:49: model [INFO] Epoch:   0/  6|Batch: 1614/16927||D_loss: 1.0068|D1_loss: 0.4972|D2_loss: 0.5096||G_loss: 1.6525|R121_loss: 0.3324|R212_loss: 0.3429
2024/08/16 13:37:49: model [INFO] Epoch:   0/  6|Batch: 1619/16927||D_loss: 0.8936|D1_loss: 0.4402|D2_loss: 0.4534||G_loss: 1.8478|R121_loss: 0.3552|R212_loss: 0.3387
2024/08/16 13:37:49: model [INFO] Epoch:   0/  6|Batch: 1624/16927||D_loss: 1.0124|D1_loss: 0.4980|D2_loss: 0.5144||G_loss: 1.6138|R121_loss: 0.3222|R212_loss: 0.3297
2024/08/16 13:37:49: model [INFO] Epoch:   0/  6|Batch: 1629/16927||D_loss: 0.9953|D1_loss: 0.4950|D2_loss: 0.5003||G_loss: 1.6559|R121_loss: 0.3364|R212_loss: 0.3345
2024/08/16 13:37:49: model [INFO] Epoch:   0/  6|Batch: 1634/16927||D_loss: 0.9966|D1_loss: 0.4957|D2_loss: 0.5009||G_loss: 1.6511|R121_loss: 0.3312|R212_loss: 0.3307
2024/08/16 13:37:49: model [INFO] Epoch:   0/  6|Batch: 1639/16927||D_loss: 0.7971|D1_loss: 0.3975|D2_loss: 0.3997||G_loss: 2.1655|R121_loss: 0.3474|R212_loss: 0.4051
2024/08/16 13:37:49: model [INFO] Epoch:   0/  6|Batch: 1644/16927||D_loss: 0.9665|D1_loss: 0.4856|D2_loss: 0.4809||G_loss: 1.7012|R121_loss: 0.3457|R212_loss: 0.3356
2024/08/16 13:37:49: model [INFO] Epoch:   0/  6|Batch: 1649/16927||D_loss: 0.8502|D1_loss: 0.4903|D2_loss: 0.3599||G_loss: 1.9018|R121_loss: 0.3458|R212_loss: 0.3422
2024/08/16 13:37:49: model [INFO] Epoch:   0/  6|Batch: 1654/16927||D_loss: 1.0057|D1_loss: 0.4989|D2_loss: 0.5068||G_loss: 1.6232|R121_loss: 0.3221|R212_loss: 0.3167
2024/08/16 13:37:49: model [INFO] Epoch:   0/  6|Batch: 1659/16927||D_loss: 0.9201|D1_loss: 0.4232|D2_loss: 0.4969||G_loss: 1.8235|R121_loss: 0.3238|R212_loss: 0.4135
2024/08/16 13:37:49: model [INFO] Epoch:   0/  6|Batch: 1664/16927||D_loss: 0.9826|D1_loss: 0.4887|D2_loss: 0.4940||G_loss: 1.6628|R121_loss: 0.3301|R212_loss: 0.3337
2024/08/16 13:37:49: model [INFO] Epoch:   0/  6|Batch: 1669/16927||D_loss: 0.9460|D1_loss: 0.4439|D2_loss: 0.5020||G_loss: 1.8213|R121_loss: 0.3434|R212_loss: 0.3853
2024/08/16 13:37:49: model [INFO] Epoch:   0/  6|Batch: 1674/16927||D_loss: 0.9151|D1_loss: 0.4115|D2_loss: 0.5036||G_loss: 1.8441|R121_loss: 0.3237|R212_loss: 0.3910
2024/08/16 13:37:49: model [INFO] Epoch:   0/  6|Batch: 1679/16927||D_loss: 0.8189|D1_loss: 0.4031|D2_loss: 0.4158||G_loss: 1.9884|R121_loss: 0.3412|R212_loss: 0.4160
2024/08/16 13:37:50: model [INFO] Epoch:   0/  6|Batch: 1684/16927||D_loss: 0.9347|D1_loss: 0.4919|D2_loss: 0.4429||G_loss: 1.7411|R121_loss: 0.3412|R212_loss: 0.3308
2024/08/16 13:37:50: model [INFO] Epoch:   0/  6|Batch: 1689/16927||D_loss: 0.9321|D1_loss: 0.5080|D2_loss: 0.4241||G_loss: 1.7719|R121_loss: 0.3479|R212_loss: 0.3288
2024/08/16 13:37:50: model [INFO] Epoch:   0/  6|Batch: 1694/16927||D_loss: 0.9274|D1_loss: 0.4984|D2_loss: 0.4289||G_loss: 1.7636|R121_loss: 0.3446|R212_loss: 0.3358
2024/08/16 13:37:50: model [INFO] Epoch:   0/  6|Batch: 1699/16927||D_loss: 0.9702|D1_loss: 0.5085|D2_loss: 0.4616||G_loss: 1.7091|R121_loss: 0.3438|R212_loss: 0.3266
2024/08/16 13:37:50: model [INFO] Epoch:   0/  6|Batch: 1704/16927||D_loss: 0.9448|D1_loss: 0.4816|D2_loss: 0.4632||G_loss: 1.7800|R121_loss: 0.3291|R212_loss: 0.3762
2024/08/16 13:37:50: model [INFO] Epoch:   0/  6|Batch: 1709/16927||D_loss: 0.8240|D1_loss: 0.4008|D2_loss: 0.4232||G_loss: 2.1224|R121_loss: 0.3465|R212_loss: 0.4253
2024/08/16 13:37:50: model [INFO] Epoch:   0/  6|Batch: 1714/16927||D_loss: 0.9487|D1_loss: 0.4548|D2_loss: 0.4939||G_loss: 1.7764|R121_loss: 0.3245|R212_loss: 0.3833
2024/08/16 13:37:50: model [INFO] Epoch:   0/  6|Batch: 1719/16927||D_loss: 0.9005|D1_loss: 0.4146|D2_loss: 0.4859||G_loss: 1.8534|R121_loss: 0.3304|R212_loss: 0.3936
2024/08/16 13:37:50: model [INFO] Epoch:   0/  6|Batch: 1724/16927||D_loss: 0.9080|D1_loss: 0.4952|D2_loss: 0.4128||G_loss: 1.8815|R121_loss: 0.3331|R212_loss: 0.3600
2024/08/16 13:37:50: model [INFO] Epoch:   0/  6|Batch: 1729/16927||D_loss: 0.9444|D1_loss: 0.4939|D2_loss: 0.4505||G_loss: 1.9305|R121_loss: 0.3301|R212_loss: 0.3949
2024/08/16 13:37:50: model [INFO] Epoch:   0/  6|Batch: 1734/16927||D_loss: 0.9320|D1_loss: 0.4603|D2_loss: 0.4716||G_loss: 1.7768|R121_loss: 0.3334|R212_loss: 0.3645
2024/08/16 13:37:50: model [INFO] Epoch:   0/  6|Batch: 1739/16927||D_loss: 0.9070|D1_loss: 0.4076|D2_loss: 0.4994||G_loss: 1.8855|R121_loss: 0.3245|R212_loss: 0.3835
2024/08/16 13:37:50: model [INFO] Epoch:   0/  6|Batch: 1744/16927||D_loss: 0.7987|D1_loss: 0.4477|D2_loss: 0.3510||G_loss: 2.1270|R121_loss: 0.3653|R212_loss: 0.3819
2024/08/16 13:37:50: model [INFO] Epoch:   0/  6|Batch: 1749/16927||D_loss: 0.9379|D1_loss: 0.5077|D2_loss: 0.4302||G_loss: 1.7412|R121_loss: 0.3241|R212_loss: 0.3394
2024/08/16 13:37:50: model [INFO] Epoch:   0/  6|Batch: 1754/16927||D_loss: 0.9344|D1_loss: 0.4521|D2_loss: 0.4822||G_loss: 1.7933|R121_loss: 0.3219|R212_loss: 0.3848
2024/08/16 13:37:50: model [INFO] Epoch:   0/  6|Batch: 1759/16927||D_loss: 0.9819|D1_loss: 0.4984|D2_loss: 0.4835||G_loss: 1.7199|R121_loss: 0.3181|R212_loss: 0.3899
2024/08/16 13:37:50: model [INFO] Epoch:   0/  6|Batch: 1764/16927||D_loss: 0.9530|D1_loss: 0.4713|D2_loss: 0.4816||G_loss: 1.7583|R121_loss: 0.3274|R212_loss: 0.3843
2024/08/16 13:37:50: model [INFO] Epoch:   0/  6|Batch: 1769/16927||D_loss: 0.9517|D1_loss: 0.4945|D2_loss: 0.4572||G_loss: 1.8366|R121_loss: 0.3477|R212_loss: 0.4013
2024/08/16 13:37:50: model [INFO] Epoch:   0/  6|Batch: 1774/16927||D_loss: 0.8634|D1_loss: 0.4302|D2_loss: 0.4332||G_loss: 1.9049|R121_loss: 0.3374|R212_loss: 0.3949
2024/08/16 13:37:50: model [INFO] Epoch:   0/  6|Batch: 1779/16927||D_loss: 0.9721|D1_loss: 0.5135|D2_loss: 0.4586||G_loss: 1.7652|R121_loss: 0.3396|R212_loss: 0.3808
2024/08/16 13:37:50: model [INFO] Epoch:   0/  6|Batch: 1784/16927||D_loss: 0.9043|D1_loss: 0.4870|D2_loss: 0.4173||G_loss: 1.8620|R121_loss: 0.3510|R212_loss: 0.3890
2024/08/16 13:37:50: model [INFO] Epoch:   0/  6|Batch: 1789/16927||D_loss: 0.8924|D1_loss: 0.4062|D2_loss: 0.4862||G_loss: 1.8782|R121_loss: 0.3262|R212_loss: 0.3746
2024/08/16 13:37:50: model [INFO] Epoch:   0/  6|Batch: 1794/16927||D_loss: 0.9902|D1_loss: 0.5115|D2_loss: 0.4786||G_loss: 1.6612|R121_loss: 0.3218|R212_loss: 0.3253
2024/08/16 13:37:50: model [INFO] Epoch:   0/  6|Batch: 1799/16927||D_loss: 0.9649|D1_loss: 0.4944|D2_loss: 0.4705||G_loss: 1.7786|R121_loss: 0.3430|R212_loss: 0.3816
2024/08/16 13:37:50: model [INFO] Epoch:   0/  6|Batch: 1804/16927||D_loss: 0.9782|D1_loss: 0.4973|D2_loss: 0.4809||G_loss: 1.6856|R121_loss: 0.3347|R212_loss: 0.3240
2024/08/16 13:37:50: model [INFO] Epoch:   0/  6|Batch: 1809/16927||D_loss: 0.9211|D1_loss: 0.4367|D2_loss: 0.4845||G_loss: 1.7802|R121_loss: 0.3205|R212_loss: 0.3361
2024/08/16 13:37:50: model [INFO] Epoch:   0/  6|Batch: 1814/16927||D_loss: 0.9180|D1_loss: 0.4741|D2_loss: 0.4439||G_loss: 1.8090|R121_loss: 0.3256|R212_loss: 0.3911
2024/08/16 13:37:50: model [INFO] Epoch:   0/  6|Batch: 1819/16927||D_loss: 0.8244|D1_loss: 0.4113|D2_loss: 0.4130||G_loss: 2.0048|R121_loss: 0.3459|R212_loss: 0.3838
2024/08/16 13:37:50: model [INFO] Epoch:   0/  6|Batch: 1824/16927||D_loss: 0.9116|D1_loss: 0.4436|D2_loss: 0.4680||G_loss: 1.8140|R121_loss: 0.3229|R212_loss: 0.3845
2024/08/16 13:37:50: model [INFO] Epoch:   0/  6|Batch: 1829/16927||D_loss: 0.9386|D1_loss: 0.4785|D2_loss: 0.4601||G_loss: 1.7889|R121_loss: 0.3255|R212_loss: 0.3810
2024/08/16 13:37:50: model [INFO] Epoch:   0/  6|Batch: 1834/16927||D_loss: 0.8944|D1_loss: 0.4438|D2_loss: 0.4506||G_loss: 1.8588|R121_loss: 0.3295|R212_loss: 0.3868
2024/08/16 13:37:50: model [INFO] Epoch:   0/  6|Batch: 1839/16927||D_loss: 0.8981|D1_loss: 0.4988|D2_loss: 0.3993||G_loss: 1.8649|R121_loss: 0.3639|R212_loss: 0.3366
2024/08/16 13:37:50: model [INFO] Epoch:   0/  6|Batch: 1844/16927||D_loss: 0.8370|D1_loss: 0.3729|D2_loss: 0.4641||G_loss: 2.0388|R121_loss: 0.3494|R212_loss: 0.3841
2024/08/16 13:37:50: model [INFO] Epoch:   0/  6|Batch: 1849/16927||D_loss: 0.9108|D1_loss: 0.4730|D2_loss: 0.4378||G_loss: 1.8235|R121_loss: 0.3189|R212_loss: 0.3924
2024/08/16 13:37:50: model [INFO] Epoch:   0/  6|Batch: 1854/16927||D_loss: 0.8316|D1_loss: 0.4615|D2_loss: 0.3701||G_loss: 2.1038|R121_loss: 0.3736|R212_loss: 0.4080
2024/08/16 13:37:50: model [INFO] Epoch:   0/  6|Batch: 1859/16927||D_loss: 0.9539|D1_loss: 0.5030|D2_loss: 0.4509||G_loss: 1.7314|R121_loss: 0.3319|R212_loss: 0.3398
2024/08/16 13:37:50: model [INFO] Epoch:   0/  6|Batch: 1864/16927||D_loss: 0.9683|D1_loss: 0.5040|D2_loss: 0.4643||G_loss: 1.6983|R121_loss: 0.3229|R212_loss: 0.3372
2024/08/16 13:37:51: model [INFO] Epoch:   0/  6|Batch: 1869/16927||D_loss: 0.8858|D1_loss: 0.5187|D2_loss: 0.3671||G_loss: 1.9538|R121_loss: 0.3588|R212_loss: 0.3320
2024/08/16 13:37:51: model [INFO] Epoch:   0/  6|Batch: 1874/16927||D_loss: 0.9652|D1_loss: 0.4962|D2_loss: 0.4689||G_loss: 1.7001|R121_loss: 0.3193|R212_loss: 0.3360
2024/08/16 13:37:51: model [INFO] Epoch:   0/  6|Batch: 1879/16927||D_loss: 0.9635|D1_loss: 0.4970|D2_loss: 0.4664||G_loss: 1.7033|R121_loss: 0.3307|R212_loss: 0.3286
2024/08/16 13:37:51: model [INFO] Epoch:   0/  6|Batch: 1884/16927||D_loss: 0.8584|D1_loss: 0.4108|D2_loss: 0.4476||G_loss: 1.9663|R121_loss: 0.3325|R212_loss: 0.4219
2024/08/16 13:37:51: model [INFO] Epoch:   0/  6|Batch: 1889/16927||D_loss: 0.9211|D1_loss: 0.4669|D2_loss: 0.4543||G_loss: 1.8114|R121_loss: 0.3255|R212_loss: 0.3900
2024/08/16 13:37:51: model [INFO] Epoch:   0/  6|Batch: 1894/16927||D_loss: 0.9512|D1_loss: 0.4893|D2_loss: 0.4618||G_loss: 1.7497|R121_loss: 0.3415|R212_loss: 0.3287
2024/08/16 13:37:51: model [INFO] Epoch:   0/  6|Batch: 1899/16927||D_loss: 0.8683|D1_loss: 0.4949|D2_loss: 0.3734||G_loss: 1.9173|R121_loss: 0.3647|R212_loss: 0.3262
2024/08/16 13:37:51: model [INFO] Epoch:   0/  6|Batch: 1904/16927||D_loss: 0.8964|D1_loss: 0.4485|D2_loss: 0.4480||G_loss: 1.8596|R121_loss: 0.3141|R212_loss: 0.4007
2024/08/16 13:37:51: model [INFO] Epoch:   0/  6|Batch: 1909/16927||D_loss: 0.8991|D1_loss: 0.4676|D2_loss: 0.4314||G_loss: 1.8458|R121_loss: 0.3421|R212_loss: 0.3840
2024/08/16 13:37:51: model [INFO] Epoch:   0/  6|Batch: 1914/16927||D_loss: 0.9127|D1_loss: 0.4731|D2_loss: 0.4396||G_loss: 1.8564|R121_loss: 0.3576|R212_loss: 0.3368
2024/08/16 13:37:51: model [INFO] Epoch:   0/  6|Batch: 1919/16927||D_loss: 0.9483|D1_loss: 0.4903|D2_loss: 0.4580||G_loss: 1.8526|R121_loss: 0.3425|R212_loss: 0.3976
2024/08/16 13:37:51: model [INFO] Epoch:   0/  6|Batch: 1924/16927||D_loss: 0.8924|D1_loss: 0.4762|D2_loss: 0.4162||G_loss: 1.8398|R121_loss: 0.3548|R212_loss: 0.3217
2024/08/16 13:37:51: model [INFO] Epoch:   0/  6|Batch: 1929/16927||D_loss: 0.9026|D1_loss: 0.4649|D2_loss: 0.4377||G_loss: 1.8686|R121_loss: 0.3334|R212_loss: 0.3799
2024/08/16 13:37:51: model [INFO] Epoch:   0/  6|Batch: 1934/16927||D_loss: 0.9143|D1_loss: 0.4652|D2_loss: 0.4491||G_loss: 1.8088|R121_loss: 0.3134|R212_loss: 0.3705
2024/08/16 13:37:51: model [INFO] Epoch:   0/  6|Batch: 1939/16927||D_loss: 0.9174|D1_loss: 0.4707|D2_loss: 0.4467||G_loss: 1.8305|R121_loss: 0.3268|R212_loss: 0.3795
2024/08/16 13:37:51: model [INFO] Epoch:   0/  6|Batch: 1944/16927||D_loss: 0.9138|D1_loss: 0.4679|D2_loss: 0.4458||G_loss: 1.8246|R121_loss: 0.3283|R212_loss: 0.3731
2024/08/16 13:37:51: model [INFO] Epoch:   0/  6|Batch: 1949/16927||D_loss: 0.8678|D1_loss: 0.4444|D2_loss: 0.4234||G_loss: 1.9104|R121_loss: 0.3300|R212_loss: 0.3990
2024/08/16 13:37:51: model [INFO] Epoch:   0/  6|Batch: 1954/16927||D_loss: 0.9019|D1_loss: 0.4702|D2_loss: 0.4317||G_loss: 1.8503|R121_loss: 0.3313|R212_loss: 0.3820
2024/08/16 13:37:51: model [INFO] Epoch:   0/  6|Batch: 1959/16927||D_loss: 0.9091|D1_loss: 0.4737|D2_loss: 0.4354||G_loss: 1.8338|R121_loss: 0.3275|R212_loss: 0.3793
2024/08/16 13:37:51: model [INFO] Epoch:   0/  6|Batch: 1964/16927||D_loss: 0.9079|D1_loss: 0.4741|D2_loss: 0.4338||G_loss: 1.8322|R121_loss: 0.3383|R212_loss: 0.3808
2024/08/16 13:37:51: model [INFO] Epoch:   0/  6|Batch: 1969/16927||D_loss: 0.8769|D1_loss: 0.4635|D2_loss: 0.4135||G_loss: 1.8987|R121_loss: 0.3417|R212_loss: 0.3685
2024/08/16 13:37:51: model [INFO] Epoch:   0/  6|Batch: 1974/16927||D_loss: 0.9131|D1_loss: 0.4773|D2_loss: 0.4358||G_loss: 1.8018|R121_loss: 0.3335|R212_loss: 0.3367
2024/08/16 13:37:51: model [INFO] Epoch:   0/  6|Batch: 1979/16927||D_loss: 0.8655|D1_loss: 0.4713|D2_loss: 0.3942||G_loss: 1.9383|R121_loss: 0.3542|R212_loss: 0.3497
2024/08/16 13:37:51: model [INFO] Epoch:   0/  6|Batch: 1984/16927||D_loss: 0.8895|D1_loss: 0.4791|D2_loss: 0.4103||G_loss: 1.8317|R121_loss: 0.3323|R212_loss: 0.3323
2024/08/16 13:37:51: model [INFO] Epoch:   0/  6|Batch: 1989/16927||D_loss: 0.8872|D1_loss: 0.4570|D2_loss: 0.4302||G_loss: 1.8827|R121_loss: 0.3454|R212_loss: 0.3920
2024/08/16 13:37:51: model [INFO] Epoch:   0/  6|Batch: 1994/16927||D_loss: 0.9040|D1_loss: 0.4733|D2_loss: 0.4307||G_loss: 1.8074|R121_loss: 0.3395|R212_loss: 0.3350
2024/08/16 13:37:51: model [INFO] Epoch:   0/  6|Batch: 1999/16927||D_loss: 0.8701|D1_loss: 0.4365|D2_loss: 0.4337||G_loss: 1.9091|R121_loss: 0.3254|R212_loss: 0.3972
2024/08/16 13:37:51: model [INFO] Epoch:   0/  6|Batch: 2004/16927||D_loss: 0.8855|D1_loss: 0.4461|D2_loss: 0.4394||G_loss: 1.8869|R121_loss: 0.3314|R212_loss: 0.3903
2024/08/16 13:37:51: model [INFO] Epoch:   0/  6|Batch: 2009/16927||D_loss: 0.8813|D1_loss: 0.4611|D2_loss: 0.4202||G_loss: 1.8992|R121_loss: 0.3513|R212_loss: 0.3879
2024/08/16 13:37:51: model [INFO] Epoch:   0/  6|Batch: 2014/16927||D_loss: 0.9270|D1_loss: 0.4795|D2_loss: 0.4475||G_loss: 1.7952|R121_loss: 0.3307|R212_loss: 0.3381
2024/08/16 13:37:51: model [INFO] Epoch:   0/  6|Batch: 2019/16927||D_loss: 0.8990|D1_loss: 0.4499|D2_loss: 0.4491||G_loss: 1.8564|R121_loss: 0.3340|R212_loss: 0.3491
2024/08/16 13:37:51: model [INFO] Epoch:   0/  6|Batch: 2024/16927||D_loss: 0.8549|D1_loss: 0.4467|D2_loss: 0.4082||G_loss: 1.9087|R121_loss: 0.3328|R212_loss: 0.3782
2024/08/16 13:37:51: model [INFO] Epoch:   0/  6|Batch: 2029/16927||D_loss: 0.8391|D1_loss: 0.4457|D2_loss: 0.3933||G_loss: 1.9887|R121_loss: 0.3363|R212_loss: 0.3942
2024/08/16 13:37:51: model [INFO] Epoch:   0/  6|Batch: 2034/16927||D_loss: 0.8426|D1_loss: 0.4489|D2_loss: 0.3938||G_loss: 2.0077|R121_loss: 0.3601|R212_loss: 0.4097
2024/08/16 13:37:51: model [INFO] Epoch:   0/  6|Batch: 2039/16927||D_loss: 0.8817|D1_loss: 0.4424|D2_loss: 0.4393||G_loss: 1.8551|R121_loss: 0.3216|R212_loss: 0.3584
2024/08/16 13:37:51: model [INFO] Epoch:   0/  6|Batch: 2044/16927||D_loss: 0.9004|D1_loss: 0.4678|D2_loss: 0.4326||G_loss: 1.8500|R121_loss: 0.3395|R212_loss: 0.3661
2024/08/16 13:37:52: model [INFO] Epoch:   0/  6|Batch: 2049/16927||D_loss: 0.8720|D1_loss: 0.4744|D2_loss: 0.3977||G_loss: 1.8899|R121_loss: 0.3285|R212_loss: 0.3338
2024/08/16 13:37:52: model [INFO] Epoch:   0/  6|Batch: 2054/16927||D_loss: 0.9207|D1_loss: 0.4769|D2_loss: 0.4437||G_loss: 1.7921|R121_loss: 0.3216|R212_loss: 0.3476
2024/08/16 13:37:52: model [INFO] Epoch:   0/  6|Batch: 2059/16927||D_loss: 0.8772|D1_loss: 0.4351|D2_loss: 0.4421||G_loss: 1.9040|R121_loss: 0.3144|R212_loss: 0.4099
2024/08/16 13:37:52: model [INFO] Epoch:   0/  6|Batch: 2064/16927||D_loss: 0.8758|D1_loss: 0.4717|D2_loss: 0.4042||G_loss: 1.9512|R121_loss: 0.3520|R212_loss: 0.4059
2024/08/16 13:37:52: model [INFO] Epoch:   0/  6|Batch: 2069/16927||D_loss: 0.9104|D1_loss: 0.4703|D2_loss: 0.4400||G_loss: 1.7857|R121_loss: 0.3323|R212_loss: 0.3261
2024/08/16 13:37:52: model [INFO] Epoch:   0/  6|Batch: 2074/16927||D_loss: 0.8640|D1_loss: 0.4630|D2_loss: 0.4011||G_loss: 1.8837|R121_loss: 0.3561|R212_loss: 0.3251
2024/08/16 13:37:52: model [INFO] Epoch:   0/  6|Batch: 2079/16927||D_loss: 0.8545|D1_loss: 0.4587|D2_loss: 0.3958||G_loss: 1.8902|R121_loss: 0.3402|R212_loss: 0.3306
2024/08/16 13:37:52: model [INFO] Epoch:   0/  6|Batch: 2084/16927||D_loss: 0.8799|D1_loss: 0.4596|D2_loss: 0.4202||G_loss: 1.8560|R121_loss: 0.3485|R212_loss: 0.3179
2024/08/16 13:37:52: model [INFO] Epoch:   0/  6|Batch: 2089/16927||D_loss: 0.8621|D1_loss: 0.4582|D2_loss: 0.4039||G_loss: 1.8837|R121_loss: 0.3426|R212_loss: 0.3300
2024/08/16 13:37:52: model [INFO] Epoch:   0/  6|Batch: 2094/16927||D_loss: 0.8771|D1_loss: 0.4370|D2_loss: 0.4401||G_loss: 1.8970|R121_loss: 0.3266|R212_loss: 0.4021
2024/08/16 13:37:52: model [INFO] Epoch:   0/  6|Batch: 2099/16927||D_loss: 0.8743|D1_loss: 0.4415|D2_loss: 0.4329||G_loss: 1.9207|R121_loss: 0.3455|R212_loss: 0.3932
2024/08/16 13:37:52: model [INFO] Epoch:   0/  6|Batch: 2104/16927||D_loss: 0.8964|D1_loss: 0.4487|D2_loss: 0.4477||G_loss: 1.8433|R121_loss: 0.3364|R212_loss: 0.3575
2024/08/16 13:37:52: model [INFO] Epoch:   0/  6|Batch: 2109/16927||D_loss: 0.9081|D1_loss: 0.4640|D2_loss: 0.4441||G_loss: 1.8258|R121_loss: 0.3350|R212_loss: 0.3369
2024/08/16 13:37:52: model [INFO] Epoch:   0/  6|Batch: 2114/16927||D_loss: 0.8381|D1_loss: 0.4486|D2_loss: 0.3895||G_loss: 1.9739|R121_loss: 0.3427|R212_loss: 0.3861
2024/08/16 13:37:52: model [INFO] Epoch:   0/  6|Batch: 2119/16927||D_loss: 0.8731|D1_loss: 0.4144|D2_loss: 0.4588||G_loss: 1.9161|R121_loss: 0.3358|R212_loss: 0.3713
2024/08/16 13:37:52: model [INFO] Epoch:   0/  6|Batch: 2124/16927||D_loss: 0.8802|D1_loss: 0.4558|D2_loss: 0.4243||G_loss: 1.9106|R121_loss: 0.3448|R212_loss: 0.3653
2024/08/16 13:37:52: model [INFO] Epoch:   0/  6|Batch: 2129/16927||D_loss: 0.8984|D1_loss: 0.4424|D2_loss: 0.4559||G_loss: 1.8050|R121_loss: 0.3331|R212_loss: 0.3249
2024/08/16 13:37:52: model [INFO] Epoch:   0/  6|Batch: 2134/16927||D_loss: 0.8633|D1_loss: 0.4217|D2_loss: 0.4416||G_loss: 1.9677|R121_loss: 0.3197|R212_loss: 0.3988
2024/08/16 13:37:52: model [INFO] Epoch:   0/  6|Batch: 2139/16927||D_loss: 0.8711|D1_loss: 0.4514|D2_loss: 0.4197||G_loss: 1.8777|R121_loss: 0.3365|R212_loss: 0.3392
2024/08/16 13:37:52: model [INFO] Epoch:   0/  6|Batch: 2144/16927||D_loss: 0.8594|D1_loss: 0.4457|D2_loss: 0.4138||G_loss: 1.8854|R121_loss: 0.3358|R212_loss: 0.3283
2024/08/16 13:37:52: model [INFO] Epoch:   0/  6|Batch: 2149/16927||D_loss: 0.8407|D1_loss: 0.4252|D2_loss: 0.4155||G_loss: 2.0355|R121_loss: 0.3566|R212_loss: 0.4163
2024/08/16 13:37:52: model [INFO] Epoch:   0/  6|Batch: 2154/16927||D_loss: 0.8106|D1_loss: 0.4200|D2_loss: 0.3906||G_loss: 2.0341|R121_loss: 0.3509|R212_loss: 0.4023
2024/08/16 13:37:52: model [INFO] Epoch:   0/  6|Batch: 2159/16927||D_loss: 0.9065|D1_loss: 0.4634|D2_loss: 0.4431||G_loss: 1.8101|R121_loss: 0.3221|R212_loss: 0.3244
2024/08/16 13:37:52: model [INFO] Epoch:   0/  6|Batch: 2164/16927||D_loss: 0.8732|D1_loss: 0.4410|D2_loss: 0.4323||G_loss: 1.9301|R121_loss: 0.3408|R212_loss: 0.4061
2024/08/16 13:37:52: model [INFO] Epoch:   0/  6|Batch: 2169/16927||D_loss: 0.8676|D1_loss: 0.4517|D2_loss: 0.4160||G_loss: 1.8660|R121_loss: 0.3256|R212_loss: 0.3358
2024/08/16 13:37:52: model [INFO] Epoch:   0/  6|Batch: 2174/16927||D_loss: 0.8556|D1_loss: 0.4548|D2_loss: 0.4007||G_loss: 1.9094|R121_loss: 0.3491|R212_loss: 0.3399
2024/08/16 13:37:52: model [INFO] Epoch:   0/  6|Batch: 2179/16927||D_loss: 0.8987|D1_loss: 0.4700|D2_loss: 0.4287||G_loss: 1.9808|R121_loss: 0.3613|R212_loss: 0.3742
2024/08/16 13:37:52: model [INFO] Epoch:   0/  6|Batch: 2184/16927||D_loss: 0.9042|D1_loss: 0.4846|D2_loss: 0.4196||G_loss: 1.8598|R121_loss: 0.3248|R212_loss: 0.3947
2024/08/16 13:37:52: model [INFO] Epoch:   0/  6|Batch: 2189/16927||D_loss: 0.8890|D1_loss: 0.4700|D2_loss: 0.4190||G_loss: 1.8977|R121_loss: 0.3171|R212_loss: 0.4072
2024/08/16 13:37:52: model [INFO] Epoch:   0/  6|Batch: 2194/16927||D_loss: 0.8781|D1_loss: 0.4727|D2_loss: 0.4054||G_loss: 1.9070|R121_loss: 0.3375|R212_loss: 0.3575
2024/08/16 13:37:52: model [INFO] Epoch:   0/  6|Batch: 2199/16927||D_loss: 0.8848|D1_loss: 0.4577|D2_loss: 0.4271||G_loss: 1.8694|R121_loss: 0.3282|R212_loss: 0.3724
2024/08/16 13:37:52: model [INFO] Epoch:   0/  6|Batch: 2204/16927||D_loss: 0.8684|D1_loss: 0.4594|D2_loss: 0.4090||G_loss: 1.9339|R121_loss: 0.3377|R212_loss: 0.4140
2024/08/16 13:37:52: model [INFO] Epoch:   0/  6|Batch: 2209/16927||D_loss: 0.7857|D1_loss: 0.4385|D2_loss: 0.3471||G_loss: 2.0325|R121_loss: 0.3470|R212_loss: 0.3441
2024/08/16 13:37:52: model [INFO] Epoch:   0/  6|Batch: 2214/16927||D_loss: 0.8572|D1_loss: 0.4453|D2_loss: 0.4119||G_loss: 1.8794|R121_loss: 0.3258|R212_loss: 0.3325
2024/08/16 13:37:52: model [INFO] Epoch:   0/  6|Batch: 2219/16927||D_loss: 0.8612|D1_loss: 0.4503|D2_loss: 0.4108||G_loss: 1.8975|R121_loss: 0.3314|R212_loss: 0.3466
2024/08/16 13:37:52: model [INFO] Epoch:   0/  6|Batch: 2224/16927||D_loss: 0.8481|D1_loss: 0.4460|D2_loss: 0.4020||G_loss: 1.9460|R121_loss: 0.3221|R212_loss: 0.3986
2024/08/16 13:37:52: model [INFO] Epoch:   0/  6|Batch: 2229/16927||D_loss: 0.8459|D1_loss: 0.4587|D2_loss: 0.3872||G_loss: 1.9939|R121_loss: 0.3408|R212_loss: 0.4013
2024/08/16 13:37:53: model [INFO] Epoch:   0/  6|Batch: 2234/16927||D_loss: 0.8382|D1_loss: 0.4549|D2_loss: 0.3834||G_loss: 2.0299|R121_loss: 0.3564|R212_loss: 0.4191
2024/08/16 13:37:53: model [INFO] Epoch:   0/  6|Batch: 2239/16927||D_loss: 0.8924|D1_loss: 0.4925|D2_loss: 0.3999||G_loss: 2.0105|R121_loss: 0.3551|R212_loss: 0.3942
2024/08/16 13:37:53: model [INFO] Epoch:   0/  6|Batch: 2244/16927||D_loss: 0.9390|D1_loss: 0.5353|D2_loss: 0.4037||G_loss: 1.9523|R121_loss: 0.3651|R212_loss: 0.4026
2024/08/16 13:37:53: model [INFO] Epoch:   0/  6|Batch: 2249/16927||D_loss: 0.8524|D1_loss: 0.4398|D2_loss: 0.4126||G_loss: 1.9576|R121_loss: 0.3263|R212_loss: 0.4116
2024/08/16 13:37:53: model [INFO] Epoch:   0/  6|Batch: 2254/16927||D_loss: 0.8719|D1_loss: 0.4495|D2_loss: 0.4224||G_loss: 1.9099|R121_loss: 0.3327|R212_loss: 0.3779
2024/08/16 13:37:53: model [INFO] Epoch:   0/  6|Batch: 2259/16927||D_loss: 0.8554|D1_loss: 0.4486|D2_loss: 0.4068||G_loss: 1.9398|R121_loss: 0.3251|R212_loss: 0.3878
2024/08/16 13:37:53: model [INFO] Epoch:   0/  6|Batch: 2264/16927||D_loss: 0.8819|D1_loss: 0.4609|D2_loss: 0.4210||G_loss: 1.8963|R121_loss: 0.3181|R212_loss: 0.3781
2024/08/16 13:37:53: model [INFO] Epoch:   0/  6|Batch: 2269/16927||D_loss: 0.9333|D1_loss: 0.4523|D2_loss: 0.4811||G_loss: 1.9098|R121_loss: 0.3270|R212_loss: 0.3741
2024/08/16 13:37:53: model [INFO] Epoch:   0/  6|Batch: 2274/16927||D_loss: 0.8820|D1_loss: 0.4783|D2_loss: 0.4036||G_loss: 1.9242|R121_loss: 0.3511|R212_loss: 0.3934
2024/08/16 13:37:53: model [INFO] Epoch:   0/  6|Batch: 2279/16927||D_loss: 0.8470|D1_loss: 0.4720|D2_loss: 0.3750||G_loss: 1.9854|R121_loss: 0.3535|R212_loss: 0.3969
2024/08/16 13:37:53: model [INFO] Epoch:   0/  6|Batch: 2284/16927||D_loss: 0.8772|D1_loss: 0.4664|D2_loss: 0.4108||G_loss: 1.9230|R121_loss: 0.3453|R212_loss: 0.3987
2024/08/16 13:37:53: model [INFO] Epoch:   0/  6|Batch: 2289/16927||D_loss: 0.8289|D1_loss: 0.4350|D2_loss: 0.3938||G_loss: 1.9748|R121_loss: 0.3566|R212_loss: 0.3560
2024/08/16 13:37:53: model [INFO] Epoch:   0/  6|Batch: 2294/16927||D_loss: 0.8695|D1_loss: 0.4628|D2_loss: 0.4067||G_loss: 1.8563|R121_loss: 0.3199|R212_loss: 0.3437
2024/08/16 13:37:53: model [INFO] Epoch:   0/  6|Batch: 2299/16927||D_loss: 0.8422|D1_loss: 0.4585|D2_loss: 0.3838||G_loss: 1.9320|R121_loss: 0.3423|R212_loss: 0.3300
2024/08/16 13:37:53: model [INFO] Epoch:   0/  6|Batch: 2304/16927||D_loss: 0.8505|D1_loss: 0.4642|D2_loss: 0.3863||G_loss: 1.9470|R121_loss: 0.3503|R212_loss: 0.3393
2024/08/16 13:37:53: model [INFO] Epoch:   0/  6|Batch: 2309/16927||D_loss: 0.8645|D1_loss: 0.4496|D2_loss: 0.4148||G_loss: 1.8857|R121_loss: 0.3452|R212_loss: 0.3362
2024/08/16 13:37:53: model [INFO] Epoch:   0/  6|Batch: 2314/16927||D_loss: 0.8707|D1_loss: 0.4458|D2_loss: 0.4249||G_loss: 1.8724|R121_loss: 0.3306|R212_loss: 0.3485
2024/08/16 13:37:53: model [INFO] Epoch:   0/  6|Batch: 2319/16927||D_loss: 0.8561|D1_loss: 0.4560|D2_loss: 0.4002||G_loss: 1.9827|R121_loss: 0.3329|R212_loss: 0.4114
2024/08/16 13:37:53: model [INFO] Epoch:   0/  6|Batch: 2324/16927||D_loss: 0.8509|D1_loss: 0.4648|D2_loss: 0.3861||G_loss: 2.0002|R121_loss: 0.3485|R212_loss: 0.4035
2024/08/16 13:37:53: model [INFO] Epoch:   0/  6|Batch: 2329/16927||D_loss: 0.8842|D1_loss: 0.4518|D2_loss: 0.4324||G_loss: 1.9492|R121_loss: 0.3327|R212_loss: 0.4029
2024/08/16 13:37:53: model [INFO] Epoch:   0/  6|Batch: 2334/16927||D_loss: 0.8819|D1_loss: 0.4705|D2_loss: 0.4114||G_loss: 1.9301|R121_loss: 0.3549|R212_loss: 0.3330
2024/08/16 13:37:53: model [INFO] Epoch:   0/  6|Batch: 2339/16927||D_loss: 0.8361|D1_loss: 0.4548|D2_loss: 0.3813||G_loss: 2.0507|R121_loss: 0.3556|R212_loss: 0.4018
2024/08/16 13:37:53: model [INFO] Epoch:   0/  6|Batch: 2344/16927||D_loss: 0.8490|D1_loss: 0.4547|D2_loss: 0.3943||G_loss: 1.9871|R121_loss: 0.3437|R212_loss: 0.3450
2024/08/16 13:37:53: model [INFO] Epoch:   0/  6|Batch: 2349/16927||D_loss: 0.8433|D1_loss: 0.4420|D2_loss: 0.4013||G_loss: 1.9277|R121_loss: 0.3391|R212_loss: 0.3484
2024/08/16 13:37:53: model [INFO] Epoch:   0/  6|Batch: 2354/16927||D_loss: 0.8283|D1_loss: 0.4248|D2_loss: 0.4036||G_loss: 2.0131|R121_loss: 0.3525|R212_loss: 0.3952
2024/08/16 13:37:53: model [INFO] Epoch:   0/  6|Batch: 2359/16927||D_loss: 0.8274|D1_loss: 0.4354|D2_loss: 0.3920||G_loss: 1.9880|R121_loss: 0.3598|R212_loss: 0.3469
2024/08/16 13:37:53: model [INFO] Epoch:   0/  6|Batch: 2364/16927||D_loss: 0.8525|D1_loss: 0.4247|D2_loss: 0.4277||G_loss: 1.9859|R121_loss: 0.3223|R212_loss: 0.4077
2024/08/16 13:37:53: model [INFO] Epoch:   0/  6|Batch: 2369/16927||D_loss: 0.8469|D1_loss: 0.4290|D2_loss: 0.4180||G_loss: 1.9130|R121_loss: 0.3180|R212_loss: 0.3410
2024/08/16 13:37:53: model [INFO] Epoch:   0/  6|Batch: 2374/16927||D_loss: 0.8619|D1_loss: 0.4647|D2_loss: 0.3972||G_loss: 1.9570|R121_loss: 0.3315|R212_loss: 0.3954
2024/08/16 13:37:53: model [INFO] Epoch:   0/  6|Batch: 2379/16927||D_loss: 0.8226|D1_loss: 0.4357|D2_loss: 0.3869||G_loss: 1.9965|R121_loss: 0.3368|R212_loss: 0.3898
2024/08/16 13:37:53: model [INFO] Epoch:   0/  6|Batch: 2384/16927||D_loss: 0.8604|D1_loss: 0.4410|D2_loss: 0.4194||G_loss: 1.9473|R121_loss: 0.3216|R212_loss: 0.3823
2024/08/16 13:37:53: model [INFO] Epoch:   0/  6|Batch: 2389/16927||D_loss: 0.8155|D1_loss: 0.4114|D2_loss: 0.4041||G_loss: 2.0113|R121_loss: 0.3199|R212_loss: 0.3771
2024/08/16 13:37:53: model [INFO] Epoch:   0/  6|Batch: 2394/16927||D_loss: 0.8487|D1_loss: 0.4309|D2_loss: 0.4178||G_loss: 2.0062|R121_loss: 0.3334|R212_loss: 0.4148
2024/08/16 13:37:53: model [INFO] Epoch:   0/  6|Batch: 2399/16927||D_loss: 0.8385|D1_loss: 0.4351|D2_loss: 0.4034||G_loss: 2.0125|R121_loss: 0.3306|R212_loss: 0.4221
2024/08/16 13:37:53: model [INFO] Epoch:   0/  6|Batch: 2404/16927||D_loss: 0.8206|D1_loss: 0.4244|D2_loss: 0.3962||G_loss: 1.9681|R121_loss: 0.3334|R212_loss: 0.3461
2024/08/16 13:37:53: model [INFO] Epoch:   0/  6|Batch: 2409/16927||D_loss: 0.8376|D1_loss: 0.4534|D2_loss: 0.3843||G_loss: 1.9852|R121_loss: 0.3223|R212_loss: 0.4097
2024/08/16 13:37:53: model [INFO] Epoch:   0/  6|Batch: 2414/16927||D_loss: 0.8056|D1_loss: 0.4262|D2_loss: 0.3794||G_loss: 2.0100|R121_loss: 0.3453|R212_loss: 0.3424
2024/08/16 13:37:54: model [INFO] Epoch:   0/  6|Batch: 2419/16927||D_loss: 0.8316|D1_loss: 0.4196|D2_loss: 0.4120||G_loss: 1.9442|R121_loss: 0.3295|R212_loss: 0.3333
2024/08/16 13:37:54: model [INFO] Epoch:   0/  6|Batch: 2424/16927||D_loss: 0.8389|D1_loss: 0.4471|D2_loss: 0.3918||G_loss: 1.9819|R121_loss: 0.3253|R212_loss: 0.4063
2024/08/16 13:37:54: model [INFO] Epoch:   0/  6|Batch: 2429/16927||D_loss: 0.8436|D1_loss: 0.4344|D2_loss: 0.4091||G_loss: 1.9657|R121_loss: 0.3273|R212_loss: 0.3483
2024/08/16 13:37:54: model [INFO] Epoch:   0/  6|Batch: 2434/16927||D_loss: 0.8319|D1_loss: 0.4412|D2_loss: 0.3907||G_loss: 1.9908|R121_loss: 0.3308|R212_loss: 0.3929
2024/08/16 13:37:54: model [INFO] Epoch:   0/  6|Batch: 2439/16927||D_loss: 0.8098|D1_loss: 0.4242|D2_loss: 0.3857||G_loss: 2.0068|R121_loss: 0.3465|R212_loss: 0.3421
2024/08/16 13:37:54: model [INFO] Epoch:   0/  6|Batch: 2444/16927||D_loss: 0.8140|D1_loss: 0.4316|D2_loss: 0.3824||G_loss: 2.0314|R121_loss: 0.3263|R212_loss: 0.4040
2024/08/16 13:37:54: model [INFO] Epoch:   0/  6|Batch: 2449/16927||D_loss: 0.8160|D1_loss: 0.4297|D2_loss: 0.3863||G_loss: 2.0376|R121_loss: 0.3418|R212_loss: 0.3913
2024/08/16 13:37:54: model [INFO] Epoch:   0/  6|Batch: 2454/16927||D_loss: 0.8501|D1_loss: 0.4438|D2_loss: 0.4063||G_loss: 1.9938|R121_loss: 0.3303|R212_loss: 0.3815
2024/08/16 13:37:54: model [INFO] Epoch:   0/  6|Batch: 2459/16927||D_loss: 0.8253|D1_loss: 0.4507|D2_loss: 0.3746||G_loss: 2.0366|R121_loss: 0.3427|R212_loss: 0.4085
2024/08/16 13:37:54: model [INFO] Epoch:   0/  6|Batch: 2464/16927||D_loss: 0.8834|D1_loss: 0.5054|D2_loss: 0.3779||G_loss: 2.0597|R121_loss: 0.3608|R212_loss: 0.4092
2024/08/16 13:37:54: model [INFO] Epoch:   0/  6|Batch: 2469/16927||D_loss: 0.8278|D1_loss: 0.4380|D2_loss: 0.3898||G_loss: 2.0124|R121_loss: 0.3278|R212_loss: 0.4061
2024/08/16 13:37:54: model [INFO] Epoch:   0/  6|Batch: 2474/16927||D_loss: 0.8230|D1_loss: 0.4487|D2_loss: 0.3743||G_loss: 2.0575|R121_loss: 0.3479|R212_loss: 0.3879
2024/08/16 13:37:54: model [INFO] Epoch:   0/  6|Batch: 2479/16927||D_loss: 0.8343|D1_loss: 0.4289|D2_loss: 0.4055||G_loss: 2.0285|R121_loss: 0.3313|R212_loss: 0.3976
2024/08/16 13:37:54: model [INFO] Epoch:   0/  6|Batch: 2484/16927||D_loss: 0.8851|D1_loss: 0.4873|D2_loss: 0.3977||G_loss: 1.9436|R121_loss: 0.3502|R212_loss: 0.3642
2024/08/16 13:37:54: model [INFO] Epoch:   0/  6|Batch: 2489/16927||D_loss: 0.8259|D1_loss: 0.4460|D2_loss: 0.3799||G_loss: 2.0156|R121_loss: 0.3371|R212_loss: 0.3984
2024/08/16 13:37:54: model [INFO] Epoch:   0/  6|Batch: 2494/16927||D_loss: 0.8017|D1_loss: 0.4235|D2_loss: 0.3781||G_loss: 2.0745|R121_loss: 0.3500|R212_loss: 0.4017
2024/08/16 13:37:54: model [INFO] Epoch:   0/  6|Batch: 2499/16927||D_loss: 0.8408|D1_loss: 0.4469|D2_loss: 0.3939||G_loss: 1.9513|R121_loss: 0.3298|R212_loss: 0.3614
2024/08/16 13:37:54: model [INFO] Epoch:   0/  6|Batch: 2504/16927||D_loss: 0.8229|D1_loss: 0.4394|D2_loss: 0.3834||G_loss: 2.0101|R121_loss: 0.3391|R212_loss: 0.3841
2024/08/16 13:37:54: model [INFO] Epoch:   0/  6|Batch: 2509/16927||D_loss: 0.8243|D1_loss: 0.4281|D2_loss: 0.3962||G_loss: 2.0312|R121_loss: 0.3440|R212_loss: 0.3939
2024/08/16 13:37:54: model [INFO] Epoch:   0/  6|Batch: 2514/16927||D_loss: 0.7698|D1_loss: 0.4323|D2_loss: 0.3375||G_loss: 2.0976|R121_loss: 0.3411|R212_loss: 0.3393
2024/08/16 13:37:54: model [INFO] Epoch:   0/  6|Batch: 2519/16927||D_loss: 0.8415|D1_loss: 0.4461|D2_loss: 0.3954||G_loss: 1.9434|R121_loss: 0.3186|R212_loss: 0.3559
2024/08/16 13:37:54: model [INFO] Epoch:   0/  6|Batch: 2524/16927||D_loss: 0.8330|D1_loss: 0.4410|D2_loss: 0.3920||G_loss: 1.9803|R121_loss: 0.3330|R212_loss: 0.3545
2024/08/16 13:37:54: model [INFO] Epoch:   0/  6|Batch: 2529/16927||D_loss: 0.8884|D1_loss: 0.4888|D2_loss: 0.3996||G_loss: 2.0283|R121_loss: 0.3532|R212_loss: 0.3846
2024/08/16 13:37:54: model [INFO] Epoch:   0/  6|Batch: 2534/16927||D_loss: 0.8087|D1_loss: 0.4377|D2_loss: 0.3710||G_loss: 1.9981|R121_loss: 0.3343|R212_loss: 0.3291
2024/08/16 13:37:54: model [INFO] Epoch:   0/  6|Batch: 2539/16927||D_loss: 0.8014|D1_loss: 0.4465|D2_loss: 0.3550||G_loss: 2.0425|R121_loss: 0.3564|R212_loss: 0.3555
2024/08/16 13:37:54: model [INFO] Epoch:   0/  6|Batch: 2544/16927||D_loss: 0.7778|D1_loss: 0.4137|D2_loss: 0.3641||G_loss: 2.1218|R121_loss: 0.3485|R212_loss: 0.3983
2024/08/16 13:37:54: model [INFO] Epoch:   0/  6|Batch: 2549/16927||D_loss: 0.8179|D1_loss: 0.4312|D2_loss: 0.3867||G_loss: 2.0536|R121_loss: 0.3461|R212_loss: 0.4098
2024/08/16 13:37:54: model [INFO] Epoch:   0/  6|Batch: 2554/16927||D_loss: 0.8118|D1_loss: 0.4201|D2_loss: 0.3917||G_loss: 2.0563|R121_loss: 0.3451|R212_loss: 0.3915
2024/08/16 13:37:54: model [INFO] Epoch:   0/  6|Batch: 2559/16927||D_loss: 0.8480|D1_loss: 0.4484|D2_loss: 0.3995||G_loss: 1.9428|R121_loss: 0.3388|R212_loss: 0.3536
2024/08/16 13:37:54: model [INFO] Epoch:   0/  6|Batch: 2564/16927||D_loss: 0.8587|D1_loss: 0.4454|D2_loss: 0.4133||G_loss: 1.9462|R121_loss: 0.3224|R212_loss: 0.3899
2024/08/16 13:37:54: model [INFO] Epoch:   0/  6|Batch: 2569/16927||D_loss: 0.8315|D1_loss: 0.4455|D2_loss: 0.3860||G_loss: 2.0478|R121_loss: 0.3326|R212_loss: 0.3887
2024/08/16 13:37:54: model [INFO] Epoch:   0/  6|Batch: 2574/16927||D_loss: 0.8472|D1_loss: 0.4415|D2_loss: 0.4056||G_loss: 1.9903|R121_loss: 0.3332|R212_loss: 0.3933
2024/08/16 13:37:54: model [INFO] Epoch:   0/  6|Batch: 2579/16927||D_loss: 0.8304|D1_loss: 0.4442|D2_loss: 0.3861||G_loss: 1.9955|R121_loss: 0.3380|R212_loss: 0.3967
2024/08/16 13:37:54: model [INFO] Epoch:   0/  6|Batch: 2584/16927||D_loss: 0.8561|D1_loss: 0.4483|D2_loss: 0.4079||G_loss: 1.9298|R121_loss: 0.3261|R212_loss: 0.3445
2024/08/16 13:37:54: model [INFO] Epoch:   0/  6|Batch: 2589/16927||D_loss: 0.8728|D1_loss: 0.4624|D2_loss: 0.4104||G_loss: 1.9200|R121_loss: 0.3276|R212_loss: 0.3400
2024/08/16 13:37:54: model [INFO] Epoch:   0/  6|Batch: 2594/16927||D_loss: 0.8062|D1_loss: 0.4384|D2_loss: 0.3678||G_loss: 1.9985|R121_loss: 0.3258|R212_loss: 0.3391
2024/08/16 13:37:54: model [INFO] Epoch:   0/  6|Batch: 2599/16927||D_loss: 0.8645|D1_loss: 0.4892|D2_loss: 0.3753||G_loss: 2.0588|R121_loss: 0.3540|R212_loss: 0.4105
2024/08/16 13:37:55: model [INFO] Epoch:   0/  6|Batch: 2604/16927||D_loss: 0.8261|D1_loss: 0.4331|D2_loss: 0.3930||G_loss: 1.9735|R121_loss: 0.3192|R212_loss: 0.3497
2024/08/16 13:37:55: model [INFO] Epoch:   0/  6|Batch: 2609/16927||D_loss: 0.8449|D1_loss: 0.4508|D2_loss: 0.3941||G_loss: 1.9952|R121_loss: 0.3253|R212_loss: 0.3906
2024/08/16 13:37:55: model [INFO] Epoch:   0/  6|Batch: 2614/16927||D_loss: 0.8236|D1_loss: 0.4358|D2_loss: 0.3879||G_loss: 2.0194|R121_loss: 0.3146|R212_loss: 0.3781
2024/08/16 13:37:55: model [INFO] Epoch:   0/  6|Batch: 2619/16927||D_loss: 0.8149|D1_loss: 0.4499|D2_loss: 0.3650||G_loss: 2.0300|R121_loss: 0.3251|R212_loss: 0.3896
2024/08/16 13:37:55: model [INFO] Epoch:   0/  6|Batch: 2624/16927||D_loss: 0.8151|D1_loss: 0.4323|D2_loss: 0.3828||G_loss: 2.0075|R121_loss: 0.3178|R212_loss: 0.3549
2024/08/16 13:37:55: model [INFO] Epoch:   0/  6|Batch: 2629/16927||D_loss: 0.8064|D1_loss: 0.4319|D2_loss: 0.3745||G_loss: 2.0250|R121_loss: 0.3196|R212_loss: 0.3586
2024/08/16 13:37:55: model [INFO] Epoch:   0/  6|Batch: 2634/16927||D_loss: 0.7945|D1_loss: 0.4356|D2_loss: 0.3589||G_loss: 2.0950|R121_loss: 0.3473|R212_loss: 0.3869
2024/08/16 13:37:55: model [INFO] Epoch:   0/  6|Batch: 2639/16927||D_loss: 0.7894|D1_loss: 0.4220|D2_loss: 0.3673||G_loss: 2.0521|R121_loss: 0.3310|R212_loss: 0.3462
2024/08/16 13:37:55: model [INFO] Epoch:   0/  6|Batch: 2644/16927||D_loss: 0.8070|D1_loss: 0.4328|D2_loss: 0.3742||G_loss: 2.0643|R121_loss: 0.3373|R212_loss: 0.3578
2024/08/16 13:37:55: model [INFO] Epoch:   0/  6|Batch: 2649/16927||D_loss: 0.8148|D1_loss: 0.4542|D2_loss: 0.3606||G_loss: 2.0953|R121_loss: 0.3619|R212_loss: 0.4020
2024/08/16 13:37:55: model [INFO] Epoch:   0/  6|Batch: 2654/16927||D_loss: 0.7947|D1_loss: 0.4174|D2_loss: 0.3773||G_loss: 2.0501|R121_loss: 0.3357|R212_loss: 0.3426
2024/08/16 13:37:55: model [INFO] Epoch:   0/  6|Batch: 2659/16927||D_loss: 0.8211|D1_loss: 0.4641|D2_loss: 0.3570||G_loss: 2.1094|R121_loss: 0.3418|R212_loss: 0.3914
2024/08/16 13:37:55: model [INFO] Epoch:   0/  6|Batch: 2664/16927||D_loss: 0.8050|D1_loss: 0.4270|D2_loss: 0.3780||G_loss: 2.0628|R121_loss: 0.3304|R212_loss: 0.3614
2024/08/16 13:37:55: model [INFO] Epoch:   0/  6|Batch: 2669/16927||D_loss: 0.8241|D1_loss: 0.4789|D2_loss: 0.3453||G_loss: 2.1130|R121_loss: 0.3416|R212_loss: 0.4053
2024/08/16 13:37:55: model [INFO] Epoch:   0/  6|Batch: 2674/16927||D_loss: 0.8144|D1_loss: 0.4579|D2_loss: 0.3565||G_loss: 2.0804|R121_loss: 0.3488|R212_loss: 0.3476
2024/08/16 13:37:55: model [INFO] Epoch:   0/  6|Batch: 2679/16927||D_loss: 0.7834|D1_loss: 0.4156|D2_loss: 0.3679||G_loss: 2.1059|R121_loss: 0.3368|R212_loss: 0.3897
2024/08/16 13:37:55: model [INFO] Epoch:   0/  6|Batch: 2684/16927||D_loss: 0.7875|D1_loss: 0.4275|D2_loss: 0.3600||G_loss: 2.0579|R121_loss: 0.3294|R212_loss: 0.3555
2024/08/16 13:37:55: model [INFO] Epoch:   0/  6|Batch: 2689/16927||D_loss: 0.7877|D1_loss: 0.4268|D2_loss: 0.3610||G_loss: 2.1255|R121_loss: 0.3439|R212_loss: 0.4033
2024/08/16 13:37:55: model [INFO] Epoch:   0/  6|Batch: 2694/16927||D_loss: 0.8156|D1_loss: 0.4474|D2_loss: 0.3682||G_loss: 2.1340|R121_loss: 0.3621|R212_loss: 0.3819
2024/08/16 13:37:55: model [INFO] Epoch:   0/  6|Batch: 2699/16927||D_loss: 0.7796|D1_loss: 0.4167|D2_loss: 0.3629||G_loss: 2.0920|R121_loss: 0.3245|R212_loss: 0.3812
2024/08/16 13:37:55: model [INFO] Epoch:   0/  6|Batch: 2704/16927||D_loss: 0.7901|D1_loss: 0.4127|D2_loss: 0.3774||G_loss: 2.0829|R121_loss: 0.3315|R212_loss: 0.3648
2024/08/16 13:37:55: model [INFO] Epoch:   0/  6|Batch: 2709/16927||D_loss: 0.7939|D1_loss: 0.4267|D2_loss: 0.3672||G_loss: 2.0794|R121_loss: 0.3140|R212_loss: 0.3977
2024/08/16 13:37:55: model [INFO] Epoch:   0/  6|Batch: 2714/16927||D_loss: 0.7640|D1_loss: 0.4112|D2_loss: 0.3529||G_loss: 2.1474|R121_loss: 0.3319|R212_loss: 0.3915
2024/08/16 13:37:55: model [INFO] Epoch:   0/  6|Batch: 2719/16927||D_loss: 0.7893|D1_loss: 0.4236|D2_loss: 0.3657||G_loss: 2.0527|R121_loss: 0.3356|R212_loss: 0.3522
2024/08/16 13:37:55: model [INFO] Epoch:   0/  6|Batch: 2724/16927||D_loss: 0.7884|D1_loss: 0.4287|D2_loss: 0.3598||G_loss: 2.0815|R121_loss: 0.3178|R212_loss: 0.3855
2024/08/16 13:37:55: model [INFO] Epoch:   0/  6|Batch: 2729/16927||D_loss: 0.7808|D1_loss: 0.4247|D2_loss: 0.3561||G_loss: 2.0741|R121_loss: 0.3283|R212_loss: 0.3485
2024/08/16 13:37:55: model [INFO] Epoch:   0/  6|Batch: 2734/16927||D_loss: 0.7623|D1_loss: 0.4246|D2_loss: 0.3377||G_loss: 2.1200|R121_loss: 0.3346|R212_loss: 0.3586
2024/08/16 13:37:55: model [INFO] Epoch:   0/  6|Batch: 2739/16927||D_loss: 0.7758|D1_loss: 0.4287|D2_loss: 0.3471||G_loss: 2.1018|R121_loss: 0.3161|R212_loss: 0.3671
2024/08/16 13:37:55: model [INFO] Epoch:   0/  6|Batch: 2744/16927||D_loss: 0.7875|D1_loss: 0.4368|D2_loss: 0.3507||G_loss: 2.1186|R121_loss: 0.3303|R212_loss: 0.4168
2024/08/16 13:37:55: model [INFO] Epoch:   0/  6|Batch: 2749/16927||D_loss: 0.7923|D1_loss: 0.4502|D2_loss: 0.3421||G_loss: 2.1220|R121_loss: 0.3109|R212_loss: 0.3572
2024/08/16 13:37:55: model [INFO] Epoch:   0/  6|Batch: 2754/16927||D_loss: 0.7952|D1_loss: 0.4665|D2_loss: 0.3287||G_loss: 2.1064|R121_loss: 0.3136|R212_loss: 0.3979
2024/08/16 13:37:55: model [INFO] Epoch:   0/  6|Batch: 2759/16927||D_loss: 0.7839|D1_loss: 0.4446|D2_loss: 0.3393||G_loss: 2.1422|R121_loss: 0.3162|R212_loss: 0.3969
2024/08/16 13:37:55: model [INFO] Epoch:   0/  6|Batch: 2764/16927||D_loss: 0.7975|D1_loss: 0.4555|D2_loss: 0.3420||G_loss: 2.1607|R121_loss: 0.3307|R212_loss: 0.3711
2024/08/16 13:37:55: model [INFO] Epoch:   0/  6|Batch: 2769/16927||D_loss: 0.7795|D1_loss: 0.4359|D2_loss: 0.3436||G_loss: 2.1424|R121_loss: 0.3360|R212_loss: 0.3799
2024/08/16 13:37:55: model [INFO] Epoch:   0/  6|Batch: 2774/16927||D_loss: 0.8134|D1_loss: 0.4657|D2_loss: 0.3477||G_loss: 2.0958|R121_loss: 0.3546|R212_loss: 0.4001
2024/08/16 13:37:55: model [INFO] Epoch:   0/  6|Batch: 2779/16927||D_loss: 0.7576|D1_loss: 0.4174|D2_loss: 0.3402||G_loss: 2.1053|R121_loss: 0.3319|R212_loss: 0.3408
2024/08/16 13:37:55: model [INFO] Epoch:   0/  6|Batch: 2784/16927||D_loss: 0.7880|D1_loss: 0.4552|D2_loss: 0.3328||G_loss: 2.0939|R121_loss: 0.3265|R212_loss: 0.3988
2024/08/16 13:37:56: model [INFO] Epoch:   0/  6|Batch: 2789/16927||D_loss: 0.7619|D1_loss: 0.4195|D2_loss: 0.3424||G_loss: 2.1437|R121_loss: 0.3308|R212_loss: 0.3919
2024/08/16 13:37:56: model [INFO] Epoch:   0/  6|Batch: 2794/16927||D_loss: 0.7999|D1_loss: 0.4516|D2_loss: 0.3482||G_loss: 2.0968|R121_loss: 0.3222|R212_loss: 0.3652
2024/08/16 13:37:56: model [INFO] Epoch:   0/  6|Batch: 2799/16927||D_loss: 0.8244|D1_loss: 0.4703|D2_loss: 0.3541||G_loss: 2.0550|R121_loss: 0.3221|R212_loss: 0.3755
2024/08/16 13:37:56: model [INFO] Epoch:   0/  6|Batch: 2804/16927||D_loss: 0.8043|D1_loss: 0.4751|D2_loss: 0.3293||G_loss: 2.1381|R121_loss: 0.3272|R212_loss: 0.4099
2024/08/16 13:37:56: model [INFO] Epoch:   0/  6|Batch: 2809/16927||D_loss: 0.7702|D1_loss: 0.4335|D2_loss: 0.3367||G_loss: 2.1555|R121_loss: 0.3482|R212_loss: 0.3792
2024/08/16 13:37:56: model [INFO] Epoch:   0/  6|Batch: 2814/16927||D_loss: 0.7987|D1_loss: 0.4505|D2_loss: 0.3482||G_loss: 2.1041|R121_loss: 0.3335|R212_loss: 0.3959
2024/08/16 13:37:56: model [INFO] Epoch:   0/  6|Batch: 2819/16927||D_loss: 0.8130|D1_loss: 0.4620|D2_loss: 0.3510||G_loss: 2.0412|R121_loss: 0.3288|R212_loss: 0.3414
2024/08/16 13:37:56: model [INFO] Epoch:   0/  6|Batch: 2824/16927||D_loss: 0.8773|D1_loss: 0.5034|D2_loss: 0.3739||G_loss: 2.0588|R121_loss: 0.3466|R212_loss: 0.3860
2024/08/16 13:37:56: model [INFO] Epoch:   0/  6|Batch: 2829/16927||D_loss: 0.8180|D1_loss: 0.4633|D2_loss: 0.3548||G_loss: 2.0121|R121_loss: 0.3278|R212_loss: 0.3485
2024/08/16 13:37:56: model [INFO] Epoch:   0/  6|Batch: 2834/16927||D_loss: 0.8654|D1_loss: 0.4962|D2_loss: 0.3692||G_loss: 2.0209|R121_loss: 0.3220|R212_loss: 0.3499
2024/08/16 13:37:56: model [INFO] Epoch:   0/  6|Batch: 2839/16927||D_loss: 0.8532|D1_loss: 0.4769|D2_loss: 0.3763||G_loss: 1.9842|R121_loss: 0.3310|R212_loss: 0.3353
2024/08/16 13:37:56: model [INFO] Epoch:   0/  6|Batch: 2844/16927||D_loss: 0.8061|D1_loss: 0.4483|D2_loss: 0.3578||G_loss: 2.0295|R121_loss: 0.3288|R212_loss: 0.3390
2024/08/16 13:37:56: model [INFO] Epoch:   0/  6|Batch: 2849/16927||D_loss: 0.8499|D1_loss: 0.4796|D2_loss: 0.3703||G_loss: 2.0349|R121_loss: 0.3363|R212_loss: 0.3920
2024/08/16 13:37:56: model [INFO] Epoch:   0/  6|Batch: 2854/16927||D_loss: 0.8326|D1_loss: 0.4764|D2_loss: 0.3563||G_loss: 2.1020|R121_loss: 0.3285|R212_loss: 0.4050
2024/08/16 13:37:56: model [INFO] Epoch:   0/  6|Batch: 2859/16927||D_loss: 0.8243|D1_loss: 0.4643|D2_loss: 0.3600||G_loss: 2.0538|R121_loss: 0.3385|R212_loss: 0.3876
2024/08/16 13:37:56: model [INFO] Epoch:   0/  6|Batch: 2864/16927||D_loss: 0.8680|D1_loss: 0.4684|D2_loss: 0.3996||G_loss: 1.9875|R121_loss: 0.3118|R212_loss: 0.3978
2024/08/16 13:37:56: model [INFO] Epoch:   0/  6|Batch: 2869/16927||D_loss: 0.9070|D1_loss: 0.5354|D2_loss: 0.3716||G_loss: 2.0891|R121_loss: 0.3588|R212_loss: 0.3828
2024/08/16 13:37:56: model [INFO] Epoch:   0/  6|Batch: 2874/16927||D_loss: 0.8857|D1_loss: 0.4968|D2_loss: 0.3889||G_loss: 2.0536|R121_loss: 0.3324|R212_loss: 0.4037
2024/08/16 13:37:56: model [INFO] Epoch:   0/  6|Batch: 2879/16927||D_loss: 0.8243|D1_loss: 0.4484|D2_loss: 0.3759||G_loss: 2.0731|R121_loss: 0.3292|R212_loss: 0.3903
2024/08/16 13:37:56: model [INFO] Epoch:   0/  6|Batch: 2884/16927||D_loss: 0.8631|D1_loss: 0.4641|D2_loss: 0.3990||G_loss: 1.9683|R121_loss: 0.3244|R212_loss: 0.3419
2024/08/16 13:37:56: model [INFO] Epoch:   0/  6|Batch: 2889/16927||D_loss: 0.8789|D1_loss: 0.4778|D2_loss: 0.4010||G_loss: 2.0276|R121_loss: 0.3308|R212_loss: 0.3921
2024/08/16 13:37:56: model [INFO] Epoch:   0/  6|Batch: 2894/16927||D_loss: 0.8112|D1_loss: 0.4186|D2_loss: 0.3927||G_loss: 2.1062|R121_loss: 0.3399|R212_loss: 0.3888
2024/08/16 13:37:56: model [INFO] Epoch:   0/  6|Batch: 2899/16927||D_loss: 0.7961|D1_loss: 0.4563|D2_loss: 0.3398||G_loss: 2.0659|R121_loss: 0.3455|R212_loss: 0.3429
2024/08/16 13:37:56: model [INFO] Epoch:   0/  6|Batch: 2904/16927||D_loss: 0.8673|D1_loss: 0.4653|D2_loss: 0.4019||G_loss: 1.9956|R121_loss: 0.3212|R212_loss: 0.3730
2024/08/16 13:37:56: model [INFO] Epoch:   0/  6|Batch: 2909/16927||D_loss: 0.8356|D1_loss: 0.4799|D2_loss: 0.3557||G_loss: 2.0630|R121_loss: 0.3259|R212_loss: 0.4030
2024/08/16 13:37:56: model [INFO] Epoch:   0/  6|Batch: 2914/16927||D_loss: 0.8487|D1_loss: 0.4535|D2_loss: 0.3952||G_loss: 2.0098|R121_loss: 0.3412|R212_loss: 0.3316
2024/08/16 13:37:56: model [INFO] Epoch:   0/  6|Batch: 2919/16927||D_loss: 0.8324|D1_loss: 0.4529|D2_loss: 0.3795||G_loss: 2.0174|R121_loss: 0.3159|R212_loss: 0.3859
2024/08/16 13:37:56: model [INFO] Epoch:   0/  6|Batch: 2924/16927||D_loss: 0.8573|D1_loss: 0.4757|D2_loss: 0.3816||G_loss: 2.0169|R121_loss: 0.3179|R212_loss: 0.3920
2024/08/16 13:37:56: model [INFO] Epoch:   0/  6|Batch: 2929/16927||D_loss: 0.8145|D1_loss: 0.4404|D2_loss: 0.3742||G_loss: 2.1549|R121_loss: 0.3331|R212_loss: 0.4179
2024/08/16 13:37:56: model [INFO] Epoch:   0/  6|Batch: 2934/16927||D_loss: 0.8437|D1_loss: 0.4637|D2_loss: 0.3799||G_loss: 1.9797|R121_loss: 0.3181|R212_loss: 0.3415
2024/08/16 13:37:56: model [INFO] Epoch:   0/  6|Batch: 2939/16927||D_loss: 0.8202|D1_loss: 0.4463|D2_loss: 0.3739||G_loss: 2.0482|R121_loss: 0.3196|R212_loss: 0.3781
2024/08/16 13:37:56: model [INFO] Epoch:   0/  6|Batch: 2944/16927||D_loss: 0.8330|D1_loss: 0.4686|D2_loss: 0.3644||G_loss: 2.0891|R121_loss: 0.3121|R212_loss: 0.3922
2024/08/16 13:37:56: model [INFO] Epoch:   0/  6|Batch: 2949/16927||D_loss: 0.8244|D1_loss: 0.4635|D2_loss: 0.3609||G_loss: 2.1258|R121_loss: 0.3333|R212_loss: 0.3944
2024/08/16 13:37:56: model [INFO] Epoch:   0/  6|Batch: 2954/16927||D_loss: 0.8112|D1_loss: 0.4487|D2_loss: 0.3625||G_loss: 2.0785|R121_loss: 0.3108|R212_loss: 0.3832
2024/08/16 13:37:56: model [INFO] Epoch:   0/  6|Batch: 2959/16927||D_loss: 0.8110|D1_loss: 0.4623|D2_loss: 0.3487||G_loss: 2.0551|R121_loss: 0.3244|R212_loss: 0.3296
2024/08/16 13:37:56: model [INFO] Epoch:   0/  6|Batch: 2964/16927||D_loss: 0.8189|D1_loss: 0.4659|D2_loss: 0.3530||G_loss: 2.0807|R121_loss: 0.3095|R212_loss: 0.3943
2024/08/16 13:37:57: model [INFO] Epoch:   0/  6|Batch: 2969/16927||D_loss: 0.7877|D1_loss: 0.4309|D2_loss: 0.3567||G_loss: 2.1316|R121_loss: 0.3284|R212_loss: 0.3673
2024/08/16 13:37:57: model [INFO] Epoch:   0/  6|Batch: 2974/16927||D_loss: 0.8432|D1_loss: 0.4449|D2_loss: 0.3982||G_loss: 2.0609|R121_loss: 0.3149|R212_loss: 0.3532
2024/08/16 13:37:57: model [INFO] Epoch:   0/  6|Batch: 2979/16927||D_loss: 0.8311|D1_loss: 0.4446|D2_loss: 0.3864||G_loss: 2.0869|R121_loss: 0.3262|R212_loss: 0.3695
2024/08/16 13:37:57: model [INFO] Epoch:   0/  6|Batch: 2984/16927||D_loss: 0.8650|D1_loss: 0.4938|D2_loss: 0.3712||G_loss: 2.0663|R121_loss: 0.3121|R212_loss: 0.3870
2024/08/16 13:37:57: model [INFO] Epoch:   0/  6|Batch: 2989/16927||D_loss: 0.8326|D1_loss: 0.4568|D2_loss: 0.3758||G_loss: 2.0109|R121_loss: 0.3108|R212_loss: 0.3321
2024/08/16 13:37:57: model [INFO] Epoch:   0/  6|Batch: 2994/16927||D_loss: 0.8293|D1_loss: 0.4457|D2_loss: 0.3836||G_loss: 1.9985|R121_loss: 0.3110|R212_loss: 0.3190
2024/08/16 13:37:57: model [INFO] Epoch:   0/  6|Batch: 2999/16927||D_loss: 0.8024|D1_loss: 0.4304|D2_loss: 0.3720||G_loss: 2.1060|R121_loss: 0.3345|R212_loss: 0.3308
2024/08/16 13:37:57: model [INFO] Epoch:   0/  6|Batch: 3004/16927||D_loss: 0.8377|D1_loss: 0.4619|D2_loss: 0.3759||G_loss: 2.0454|R121_loss: 0.3215|R212_loss: 0.3806
2024/08/16 13:37:57: model [INFO] Epoch:   0/  6|Batch: 3009/16927||D_loss: 0.8734|D1_loss: 0.4811|D2_loss: 0.3924||G_loss: 2.0687|R121_loss: 0.3316|R212_loss: 0.3371
2024/08/16 13:37:57: model [INFO] Epoch:   0/  6|Batch: 3014/16927||D_loss: 0.8054|D1_loss: 0.4323|D2_loss: 0.3731||G_loss: 2.0686|R121_loss: 0.3311|R212_loss: 0.3361
2024/08/16 13:37:57: model [INFO] Epoch:   0/  6|Batch: 3019/16927||D_loss: 0.8706|D1_loss: 0.4668|D2_loss: 0.4038||G_loss: 2.0255|R121_loss: 0.3117|R212_loss: 0.3737
2024/08/16 13:37:57: model [INFO] Epoch:   0/  6|Batch: 3024/16927||D_loss: 0.8311|D1_loss: 0.4778|D2_loss: 0.3533||G_loss: 2.1504|R121_loss: 0.3413|R212_loss: 0.3454
2024/08/16 13:37:57: model [INFO] Epoch:   0/  6|Batch: 3029/16927||D_loss: 0.8638|D1_loss: 0.4944|D2_loss: 0.3694||G_loss: 2.0710|R121_loss: 0.3250|R212_loss: 0.3739
2024/08/16 13:37:57: model [INFO] Epoch:   0/  6|Batch: 3034/16927||D_loss: 0.8096|D1_loss: 0.4648|D2_loss: 0.3449||G_loss: 2.1338|R121_loss: 0.3460|R212_loss: 0.4030
2024/08/16 13:37:57: model [INFO] Epoch:   0/  6|Batch: 3039/16927||D_loss: 0.8276|D1_loss: 0.4436|D2_loss: 0.3841||G_loss: 2.0014|R121_loss: 0.3052|R212_loss: 0.3261
2024/08/16 13:37:57: model [INFO] Epoch:   0/  6|Batch: 3044/16927||D_loss: 0.8669|D1_loss: 0.4677|D2_loss: 0.3991||G_loss: 2.0548|R121_loss: 0.3109|R212_loss: 0.3848
2024/08/16 13:37:57: model [INFO] Epoch:   0/  6|Batch: 3049/16927||D_loss: 0.8537|D1_loss: 0.4863|D2_loss: 0.3674||G_loss: 2.0752|R121_loss: 0.3290|R212_loss: 0.3947
2024/08/16 13:37:57: model [INFO] Epoch:   0/  6|Batch: 3054/16927||D_loss: 0.8290|D1_loss: 0.4586|D2_loss: 0.3704||G_loss: 2.0459|R121_loss: 0.3160|R212_loss: 0.3401
2024/08/16 13:37:57: model [INFO] Epoch:   0/  6|Batch: 3059/16927||D_loss: 0.8317|D1_loss: 0.4439|D2_loss: 0.3877||G_loss: 2.0615|R121_loss: 0.3347|R212_loss: 0.3308
2024/08/16 13:37:57: model [INFO] Epoch:   0/  6|Batch: 3064/16927||D_loss: 0.8532|D1_loss: 0.4854|D2_loss: 0.3677||G_loss: 2.0664|R121_loss: 0.3377|R212_loss: 0.3323
2024/08/16 13:37:57: model [INFO] Epoch:   0/  6|Batch: 3069/16927||D_loss: 0.8279|D1_loss: 0.4569|D2_loss: 0.3710||G_loss: 2.0819|R121_loss: 0.3111|R212_loss: 0.3813
2024/08/16 13:37:57: model [INFO] Epoch:   0/  6|Batch: 3074/16927||D_loss: 0.8299|D1_loss: 0.4599|D2_loss: 0.3699||G_loss: 2.0524|R121_loss: 0.3213|R212_loss: 0.3256
2024/08/16 13:37:57: model [INFO] Epoch:   0/  6|Batch: 3079/16927||D_loss: 0.8220|D1_loss: 0.4488|D2_loss: 0.3732||G_loss: 2.0582|R121_loss: 0.3043|R212_loss: 0.3261
2024/08/16 13:37:57: model [INFO] Epoch:   0/  6|Batch: 3084/16927||D_loss: 0.8210|D1_loss: 0.4611|D2_loss: 0.3598||G_loss: 2.1046|R121_loss: 0.3305|R212_loss: 0.3849
2024/08/16 13:37:57: model [INFO] Epoch:   0/  6|Batch: 3089/16927||D_loss: 0.7961|D1_loss: 0.4408|D2_loss: 0.3553||G_loss: 2.0799|R121_loss: 0.2976|R212_loss: 0.3446
2024/08/16 13:37:57: model [INFO] Epoch:   0/  6|Batch: 3094/16927||D_loss: 0.9061|D1_loss: 0.5350|D2_loss: 0.3712||G_loss: 2.0306|R121_loss: 0.3232|R212_loss: 0.3679
2024/08/16 13:37:57: model [INFO] Epoch:   0/  6|Batch: 3099/16927||D_loss: 0.8588|D1_loss: 0.4885|D2_loss: 0.3704||G_loss: 2.0877|R121_loss: 0.3156|R212_loss: 0.3431
2024/08/16 13:37:57: model [INFO] Epoch:   0/  6|Batch: 3104/16927||D_loss: 0.8605|D1_loss: 0.4834|D2_loss: 0.3770||G_loss: 2.0848|R121_loss: 0.3195|R212_loss: 0.3323
2024/08/16 13:37:57: model [INFO] Epoch:   0/  6|Batch: 3109/16927||D_loss: 0.7946|D1_loss: 0.4432|D2_loss: 0.3514||G_loss: 2.0783|R121_loss: 0.3303|R212_loss: 0.3342
2024/08/16 13:37:57: model [INFO] Epoch:   0/  6|Batch: 3114/16927||D_loss: 0.8204|D1_loss: 0.4677|D2_loss: 0.3526||G_loss: 2.0295|R121_loss: 0.3053|R212_loss: 0.3265
2024/08/16 13:37:57: model [INFO] Epoch:   0/  6|Batch: 3119/16927||D_loss: 0.8735|D1_loss: 0.4944|D2_loss: 0.3791||G_loss: 2.0672|R121_loss: 0.3372|R212_loss: 0.3821
2024/08/16 13:37:57: model [INFO] Epoch:   0/  6|Batch: 3124/16927||D_loss: 0.8497|D1_loss: 0.4691|D2_loss: 0.3807||G_loss: 2.0498|R121_loss: 0.3335|R212_loss: 0.3353
2024/08/16 13:37:57: model [INFO] Epoch:   0/  6|Batch: 3129/16927||D_loss: 0.8324|D1_loss: 0.4644|D2_loss: 0.3680||G_loss: 2.0527|R121_loss: 0.3159|R212_loss: 0.3376
2024/08/16 13:37:57: model [INFO] Epoch:   0/  6|Batch: 3134/16927||D_loss: 0.8629|D1_loss: 0.4744|D2_loss: 0.3885||G_loss: 2.1087|R121_loss: 0.3133|R212_loss: 0.4187
2024/08/16 13:37:57: model [INFO] Epoch:   0/  6|Batch: 3139/16927||D_loss: 0.8844|D1_loss: 0.4923|D2_loss: 0.3921||G_loss: 2.0343|R121_loss: 0.3311|R212_loss: 0.3690
2024/08/16 13:37:57: model [INFO] Epoch:   0/  6|Batch: 3144/16927||D_loss: 0.8528|D1_loss: 0.4834|D2_loss: 0.3694||G_loss: 2.0682|R121_loss: 0.3155|R212_loss: 0.3844
2024/08/16 13:37:57: model [INFO] Epoch:   0/  6|Batch: 3149/16927||D_loss: 0.8642|D1_loss: 0.4851|D2_loss: 0.3791||G_loss: 2.0769|R121_loss: 0.3139|R212_loss: 0.3687
2024/08/16 13:37:58: model [INFO] Epoch:   0/  6|Batch: 3154/16927||D_loss: 0.8379|D1_loss: 0.4823|D2_loss: 0.3556||G_loss: 2.0425|R121_loss: 0.3223|R212_loss: 0.3346
2024/08/16 13:37:58: model [INFO] Epoch:   0/  6|Batch: 3159/16927||D_loss: 0.8779|D1_loss: 0.4920|D2_loss: 0.3859||G_loss: 2.0400|R121_loss: 0.3189|R212_loss: 0.3330
2024/08/16 13:37:58: model [INFO] Epoch:   0/  6|Batch: 3164/16927||D_loss: 0.8572|D1_loss: 0.4681|D2_loss: 0.3892||G_loss: 2.0983|R121_loss: 0.3148|R212_loss: 0.3703
2024/08/16 13:37:58: model [INFO] Epoch:   0/  6|Batch: 3169/16927||D_loss: 0.8686|D1_loss: 0.4880|D2_loss: 0.3806||G_loss: 2.0144|R121_loss: 0.3379|R212_loss: 0.3726
2024/08/16 13:37:58: model [INFO] Epoch:   0/  6|Batch: 3174/16927||D_loss: 0.8398|D1_loss: 0.4860|D2_loss: 0.3538||G_loss: 2.0791|R121_loss: 0.3266|R212_loss: 0.3377
2024/08/16 13:37:58: model [INFO] Epoch:   0/  6|Batch: 3179/16927||D_loss: 0.9230|D1_loss: 0.5144|D2_loss: 0.4086||G_loss: 2.0704|R121_loss: 0.3301|R212_loss: 0.3737
2024/08/16 13:37:58: model [INFO] Epoch:   0/  6|Batch: 3184/16927||D_loss: 0.8473|D1_loss: 0.4645|D2_loss: 0.3828||G_loss: 2.0426|R121_loss: 0.3109|R212_loss: 0.3777
2024/08/16 13:37:58: model [INFO] Epoch:   0/  6|Batch: 3189/16927||D_loss: 0.8801|D1_loss: 0.4858|D2_loss: 0.3943||G_loss: 2.0676|R121_loss: 0.3230|R212_loss: 0.3640
2024/08/16 13:37:58: model [INFO] Epoch:   0/  6|Batch: 3194/16927||D_loss: 0.8901|D1_loss: 0.5338|D2_loss: 0.3563||G_loss: 2.1133|R121_loss: 0.3441|R212_loss: 0.3843
2024/08/16 13:37:58: model [INFO] Epoch:   0/  6|Batch: 3199/16927||D_loss: 0.8689|D1_loss: 0.4780|D2_loss: 0.3909||G_loss: 2.0559|R121_loss: 0.3056|R212_loss: 0.3319
2024/08/16 13:37:58: model [INFO] Epoch:   0/  6|Batch: 3204/16927||D_loss: 0.8232|D1_loss: 0.4569|D2_loss: 0.3663||G_loss: 2.0929|R121_loss: 0.3168|R212_loss: 0.3417
2024/08/16 13:37:58: model [INFO] Epoch:   0/  6|Batch: 3209/16927||D_loss: 0.8241|D1_loss: 0.4482|D2_loss: 0.3759||G_loss: 2.1297|R121_loss: 0.3297|R212_loss: 0.3758
2024/08/16 13:37:58: model [INFO] Epoch:   0/  6|Batch: 3214/16927||D_loss: 0.8190|D1_loss: 0.4621|D2_loss: 0.3569||G_loss: 2.1220|R121_loss: 0.3036|R212_loss: 0.3762
2024/08/16 13:37:58: model [INFO] Epoch:   0/  6|Batch: 3219/16927||D_loss: 0.8676|D1_loss: 0.4872|D2_loss: 0.3803||G_loss: 2.1008|R121_loss: 0.3091|R212_loss: 0.3720
2024/08/16 13:37:58: model [INFO] Epoch:   0/  6|Batch: 3224/16927||D_loss: 0.8435|D1_loss: 0.4496|D2_loss: 0.3939||G_loss: 2.0773|R121_loss: 0.3174|R212_loss: 0.3199
2024/08/16 13:37:58: model [INFO] Epoch:   0/  6|Batch: 3229/16927||D_loss: 0.8455|D1_loss: 0.4605|D2_loss: 0.3851||G_loss: 2.0679|R121_loss: 0.3205|R212_loss: 0.3254
2024/08/16 13:37:58: model [INFO] Epoch:   0/  6|Batch: 3234/16927||D_loss: 0.8480|D1_loss: 0.4896|D2_loss: 0.3585||G_loss: 2.0925|R121_loss: 0.3227|R212_loss: 0.3620
2024/08/16 13:37:58: model [INFO] Epoch:   0/  6|Batch: 3239/16927||D_loss: 0.8822|D1_loss: 0.4900|D2_loss: 0.3922||G_loss: 2.0367|R121_loss: 0.2967|R212_loss: 0.3621
2024/08/16 13:37:58: model [INFO] Epoch:   0/  6|Batch: 3244/16927||D_loss: 0.8416|D1_loss: 0.4493|D2_loss: 0.3923||G_loss: 2.1107|R121_loss: 0.3119|R212_loss: 0.4000
2024/08/16 13:37:58: model [INFO] Epoch:   0/  6|Batch: 3249/16927||D_loss: 0.8441|D1_loss: 0.4517|D2_loss: 0.3924||G_loss: 2.1467|R121_loss: 0.3259|R212_loss: 0.3976
2024/08/16 13:37:58: model [INFO] Epoch:   0/  6|Batch: 3254/16927||D_loss: 0.9094|D1_loss: 0.4667|D2_loss: 0.4427||G_loss: 2.1660|R121_loss: 0.3404|R212_loss: 0.4037
2024/08/16 13:37:58: model [INFO] Epoch:   0/  6|Batch: 3259/16927||D_loss: 0.8769|D1_loss: 0.4695|D2_loss: 0.4074||G_loss: 2.0445|R121_loss: 0.3178|R212_loss: 0.3595
2024/08/16 13:37:58: model [INFO] Epoch:   0/  6|Batch: 3264/16927||D_loss: 0.9151|D1_loss: 0.4705|D2_loss: 0.4447||G_loss: 2.0296|R121_loss: 0.3329|R212_loss: 0.3490
2024/08/16 13:37:58: model [INFO] Epoch:   0/  6|Batch: 3269/16927||D_loss: 0.9546|D1_loss: 0.5557|D2_loss: 0.3990||G_loss: 1.9792|R121_loss: 0.3342|R212_loss: 0.3671
2024/08/16 13:37:58: model [INFO] Epoch:   0/  6|Batch: 3274/16927||D_loss: 0.8695|D1_loss: 0.4813|D2_loss: 0.3882||G_loss: 2.0536|R121_loss: 0.3317|R212_loss: 0.3579
2024/08/16 13:37:58: model [INFO] Epoch:   0/  6|Batch: 3279/16927||D_loss: 0.9196|D1_loss: 0.4821|D2_loss: 0.4375||G_loss: 1.8893|R121_loss: 0.2971|R212_loss: 0.3207
2024/08/16 13:37:58: model [INFO] Epoch:   0/  6|Batch: 3284/16927||D_loss: 0.9089|D1_loss: 0.4765|D2_loss: 0.4324||G_loss: 1.9538|R121_loss: 0.3132|R212_loss: 0.3722
2024/08/16 13:37:58: model [INFO] Epoch:   0/  6|Batch: 3289/16927||D_loss: 0.9474|D1_loss: 0.5120|D2_loss: 0.4355||G_loss: 1.9265|R121_loss: 0.3053|R212_loss: 0.3693
2024/08/16 13:37:58: model [INFO] Epoch:   0/  6|Batch: 3294/16927||D_loss: 0.9376|D1_loss: 0.4948|D2_loss: 0.4428||G_loss: 1.9379|R121_loss: 0.3041|R212_loss: 0.3580
2024/08/16 13:37:58: model [INFO] Epoch:   0/  6|Batch: 3299/16927||D_loss: 0.8890|D1_loss: 0.4870|D2_loss: 0.4021||G_loss: 2.0338|R121_loss: 0.3132|R212_loss: 0.3656
2024/08/16 13:37:58: model [INFO] Epoch:   0/  6|Batch: 3304/16927||D_loss: 0.8431|D1_loss: 0.4627|D2_loss: 0.3804||G_loss: 2.0745|R121_loss: 0.3091|R212_loss: 0.3622
2024/08/16 13:37:58: model [INFO] Epoch:   0/  6|Batch: 3309/16927||D_loss: 0.8543|D1_loss: 0.4864|D2_loss: 0.3679||G_loss: 2.0564|R121_loss: 0.2916|R212_loss: 0.3747
2024/08/16 13:37:58: model [INFO] Epoch:   0/  6|Batch: 3314/16927||D_loss: 0.8481|D1_loss: 0.4732|D2_loss: 0.3749||G_loss: 2.0686|R121_loss: 0.3097|R212_loss: 0.3737
2024/08/16 13:37:58: model [INFO] Epoch:   0/  6|Batch: 3319/16927||D_loss: 0.8605|D1_loss: 0.4953|D2_loss: 0.3652||G_loss: 2.1273|R121_loss: 0.3214|R212_loss: 0.3727
2024/08/16 13:37:58: model [INFO] Epoch:   0/  6|Batch: 3324/16927||D_loss: 0.8838|D1_loss: 0.4987|D2_loss: 0.3851||G_loss: 2.0526|R121_loss: 0.3328|R212_loss: 0.3717
2024/08/16 13:37:58: model [INFO] Epoch:   0/  6|Batch: 3329/16927||D_loss: 0.8680|D1_loss: 0.4774|D2_loss: 0.3906||G_loss: 2.0632|R121_loss: 0.3010|R212_loss: 0.3614
2024/08/16 13:37:58: model [INFO] Epoch:   0/  6|Batch: 3334/16927||D_loss: 0.8839|D1_loss: 0.4882|D2_loss: 0.3957||G_loss: 2.0946|R121_loss: 0.3233|R212_loss: 0.3593
2024/08/16 13:37:59: model [INFO] Epoch:   0/  6|Batch: 3339/16927||D_loss: 0.8278|D1_loss: 0.4552|D2_loss: 0.3726||G_loss: 2.0874|R121_loss: 0.3119|R212_loss: 0.3670
2024/08/16 13:37:59: model [INFO] Epoch:   0/  6|Batch: 3344/16927||D_loss: 0.8724|D1_loss: 0.5206|D2_loss: 0.3519||G_loss: 2.0581|R121_loss: 0.3034|R212_loss: 0.3846
2024/08/16 13:37:59: model [INFO] Epoch:   0/  6|Batch: 3349/16927||D_loss: 0.8423|D1_loss: 0.4896|D2_loss: 0.3527||G_loss: 2.1066|R121_loss: 0.3179|R212_loss: 0.3874
2024/08/16 13:37:59: model [INFO] Epoch:   0/  6|Batch: 3354/16927||D_loss: 0.9397|D1_loss: 0.5267|D2_loss: 0.4130||G_loss: 1.9787|R121_loss: 0.2903|R212_loss: 0.3613
2024/08/16 13:37:59: model [INFO] Epoch:   0/  6|Batch: 3359/16927||D_loss: 0.9615|D1_loss: 0.5514|D2_loss: 0.4101||G_loss: 1.8951|R121_loss: 0.3098|R212_loss: 0.3124
2024/08/16 13:37:59: model [INFO] Epoch:   0/  6|Batch: 3364/16927||D_loss: 0.9621|D1_loss: 0.5378|D2_loss: 0.4242||G_loss: 1.8982|R121_loss: 0.3044|R212_loss: 0.3135
2024/08/16 13:37:59: model [INFO] Epoch:   0/  6|Batch: 3369/16927||D_loss: 0.9023|D1_loss: 0.5224|D2_loss: 0.3799||G_loss: 2.0699|R121_loss: 0.3067|R212_loss: 0.3763
2024/08/16 13:37:59: model [INFO] Epoch:   0/  6|Batch: 3374/16927||D_loss: 0.9301|D1_loss: 0.5353|D2_loss: 0.3948||G_loss: 2.0140|R121_loss: 0.3257|R212_loss: 0.3165
2024/08/16 13:37:59: model [INFO] Epoch:   0/  6|Batch: 3379/16927||D_loss: 0.8946|D1_loss: 0.4969|D2_loss: 0.3977||G_loss: 2.0809|R121_loss: 0.3120|R212_loss: 0.3455
2024/08/16 13:37:59: model [INFO] Epoch:   0/  6|Batch: 3384/16927||D_loss: 0.8895|D1_loss: 0.4949|D2_loss: 0.3946||G_loss: 2.0816|R121_loss: 0.3114|R212_loss: 0.3562
2024/08/16 13:37:59: model [INFO] Epoch:   0/  6|Batch: 3389/16927||D_loss: 0.8883|D1_loss: 0.4908|D2_loss: 0.3975||G_loss: 1.9697|R121_loss: 0.3118|R212_loss: 0.3177
2024/08/16 13:37:59: model [INFO] Epoch:   0/  6|Batch: 3394/16927||D_loss: 0.9089|D1_loss: 0.4860|D2_loss: 0.4230||G_loss: 1.9774|R121_loss: 0.3237|R212_loss: 0.3035
2024/08/16 13:37:59: model [INFO] Epoch:   1/  6|Batch:  4/16927||D_loss: 0.9033|D1_loss: 0.4888|D2_loss: 0.4145||G_loss: 1.9771|R121_loss: 0.3133|R212_loss: 0.3092
2024/08/16 13:37:59: model [INFO] Epoch:   1/  6|Batch:  9/16927||D_loss: 0.9081|D1_loss: 0.5201|D2_loss: 0.3880||G_loss: 2.0857|R121_loss: 0.3343|R212_loss: 0.3654
2024/08/16 13:37:59: model [INFO] Epoch:   1/  6|Batch: 14/16927||D_loss: 0.9476|D1_loss: 0.4875|D2_loss: 0.4601||G_loss: 2.0588|R121_loss: 0.3118|R212_loss: 0.3810
2024/08/16 13:37:59: model [INFO] Epoch:   1/  6|Batch: 19/16927||D_loss: 0.8536|D1_loss: 0.4767|D2_loss: 0.3768||G_loss: 2.0765|R121_loss: 0.3058|R212_loss: 0.3616
2024/08/16 13:37:59: model [INFO] Epoch:   1/  6|Batch: 24/16927||D_loss: 0.8910|D1_loss: 0.5107|D2_loss: 0.3804||G_loss: 2.0422|R121_loss: 0.3160|R212_loss: 0.3726
2024/08/16 13:37:59: model [INFO] Epoch:   1/  6|Batch: 29/16927||D_loss: 0.9266|D1_loss: 0.5278|D2_loss: 0.3987||G_loss: 1.9083|R121_loss: 0.3024|R212_loss: 0.3154
2024/08/16 13:37:59: model [INFO] Epoch:   1/  6|Batch: 34/16927||D_loss: 0.8870|D1_loss: 0.4973|D2_loss: 0.3897||G_loss: 2.0179|R121_loss: 0.2977|R212_loss: 0.3743
2024/08/16 13:37:59: model [INFO] Epoch:   1/  6|Batch: 39/16927||D_loss: 0.9069|D1_loss: 0.5108|D2_loss: 0.3961||G_loss: 1.9337|R121_loss: 0.2977|R212_loss: 0.3150
2024/08/16 13:37:59: model [INFO] Epoch:   1/  6|Batch: 44/16927||D_loss: 0.9267|D1_loss: 0.5284|D2_loss: 0.3983||G_loss: 2.0266|R121_loss: 0.3155|R212_loss: 0.3626
2024/08/16 13:37:59: model [INFO] Epoch:   1/  6|Batch: 49/16927||D_loss: 0.9152|D1_loss: 0.5074|D2_loss: 0.4078||G_loss: 1.9352|R121_loss: 0.3196|R212_loss: 0.3132
2024/08/16 13:37:59: model [INFO] Epoch:   1/  6|Batch: 54/16927||D_loss: 0.9619|D1_loss: 0.5235|D2_loss: 0.4384||G_loss: 1.9552|R121_loss: 0.2962|R212_loss: 0.3096
2024/08/16 13:37:59: model [INFO] Epoch:   1/  6|Batch: 59/16927||D_loss: 0.9572|D1_loss: 0.5454|D2_loss: 0.4118||G_loss: 1.9432|R121_loss: 0.2862|R212_loss: 0.3065
2024/08/16 13:37:59: model [INFO] Epoch:   1/  6|Batch: 64/16927||D_loss: 0.9357|D1_loss: 0.5017|D2_loss: 0.4340||G_loss: 2.1072|R121_loss: 0.3006|R212_loss: 0.3380
2024/08/16 13:37:59: model [INFO] Epoch:   1/  6|Batch: 69/16927||D_loss: 0.9033|D1_loss: 0.4984|D2_loss: 0.4049||G_loss: 2.0804|R121_loss: 0.3269|R212_loss: 0.3588
2024/08/16 13:37:59: model [INFO] Epoch:   1/  6|Batch: 74/16927||D_loss: 0.8689|D1_loss: 0.5048|D2_loss: 0.3641||G_loss: 2.0690|R121_loss: 0.3329|R212_loss: 0.3698
2024/08/16 13:37:59: model [INFO] Epoch:   1/  6|Batch: 79/16927||D_loss: 0.9200|D1_loss: 0.5102|D2_loss: 0.4098||G_loss: 1.9734|R121_loss: 0.2975|R212_loss: 0.3772
2024/08/16 13:37:59: model [INFO] Epoch:   1/  6|Batch: 84/16927||D_loss: 0.9679|D1_loss: 0.5701|D2_loss: 0.3978||G_loss: 2.0148|R121_loss: 0.3071|R212_loss: 0.3691
2024/08/16 13:37:59: model [INFO] Epoch:   1/  6|Batch: 89/16927||D_loss: 0.9280|D1_loss: 0.5185|D2_loss: 0.4094||G_loss: 1.9464|R121_loss: 0.3072|R212_loss: 0.3671
2024/08/16 13:37:59: model [INFO] Epoch:   1/  6|Batch: 94/16927||D_loss: 0.9189|D1_loss: 0.5011|D2_loss: 0.4178||G_loss: 1.9864|R121_loss: 0.3024|R212_loss: 0.3597
2024/08/16 13:37:59: model [INFO] Epoch:   1/  6|Batch: 99/16927||D_loss: 0.9819|D1_loss: 0.5483|D2_loss: 0.4336||G_loss: 1.8974|R121_loss: 0.2965|R212_loss: 0.3071
2024/08/16 13:37:59: model [INFO] Epoch:   1/  6|Batch: 104/16927||D_loss: 0.9610|D1_loss: 0.5289|D2_loss: 0.4321||G_loss: 2.0024|R121_loss: 0.3017|R212_loss: 0.3541
2024/08/16 13:37:59: model [INFO] Epoch:   1/  6|Batch: 109/16927||D_loss: 0.8931|D1_loss: 0.5186|D2_loss: 0.3745||G_loss: 2.0498|R121_loss: 0.3270|R212_loss: 0.3368
2024/08/16 13:37:59: model [INFO] Epoch:   1/  6|Batch: 114/16927||D_loss: 0.8974|D1_loss: 0.5286|D2_loss: 0.3688||G_loss: 2.0579|R121_loss: 0.3075|R212_loss: 0.3732
2024/08/16 13:37:59: model [INFO] Epoch:   1/  6|Batch: 119/16927||D_loss: 0.9436|D1_loss: 0.5444|D2_loss: 0.3992||G_loss: 1.8952|R121_loss: 0.3002|R212_loss: 0.2973
2024/08/16 13:38:00: model [INFO] Epoch:   1/  6|Batch: 124/16927||D_loss: 0.9907|D1_loss: 0.5229|D2_loss: 0.4678||G_loss: 1.9851|R121_loss: 0.3068|R212_loss: 0.3400
2024/08/16 13:38:00: model [INFO] Epoch:   1/  6|Batch: 129/16927||D_loss: 0.9325|D1_loss: 0.5345|D2_loss: 0.3980||G_loss: 1.9755|R121_loss: 0.2878|R212_loss: 0.3677
2024/08/16 13:38:00: model [INFO] Epoch:   1/  6|Batch: 134/16927||D_loss: 0.9580|D1_loss: 0.5449|D2_loss: 0.4131||G_loss: 1.9746|R121_loss: 0.3303|R212_loss: 0.2950
2024/08/16 13:38:00: model [INFO] Epoch:   1/  6|Batch: 139/16927||D_loss: 0.8994|D1_loss: 0.4911|D2_loss: 0.4083||G_loss: 2.0227|R121_loss: 0.2921|R212_loss: 0.3563
2024/08/16 13:38:00: model [INFO] Epoch:   1/  6|Batch: 144/16927||D_loss: 0.9111|D1_loss: 0.4909|D2_loss: 0.4202||G_loss: 2.0623|R121_loss: 0.2857|R212_loss: 0.3726
2024/08/16 13:38:00: model [INFO] Epoch:   1/  6|Batch: 149/16927||D_loss: 0.9043|D1_loss: 0.5026|D2_loss: 0.4018||G_loss: 2.0160|R121_loss: 0.3079|R212_loss: 0.3656
2024/08/16 13:38:00: model [INFO] Epoch:   1/  6|Batch: 154/16927||D_loss: 0.8943|D1_loss: 0.4921|D2_loss: 0.4021||G_loss: 1.9924|R121_loss: 0.3080|R212_loss: 0.3571
2024/08/16 13:38:00: model [INFO] Epoch:   1/  6|Batch: 159/16927||D_loss: 0.9271|D1_loss: 0.5185|D2_loss: 0.4085||G_loss: 2.0416|R121_loss: 0.3286|R212_loss: 0.3569
2024/08/16 13:38:00: model [INFO] Epoch:   1/  6|Batch: 164/16927||D_loss: 0.8792|D1_loss: 0.4835|D2_loss: 0.3957||G_loss: 2.0568|R121_loss: 0.2922|R212_loss: 0.3691
2024/08/16 13:38:00: model [INFO] Epoch:   1/  6|Batch: 169/16927||D_loss: 0.9668|D1_loss: 0.5455|D2_loss: 0.4213||G_loss: 1.9195|R121_loss: 0.3070|R212_loss: 0.2925
2024/08/16 13:38:00: model [INFO] Epoch:   1/  6|Batch: 174/16927||D_loss: 0.9004|D1_loss: 0.4992|D2_loss: 0.4012||G_loss: 1.9544|R121_loss: 0.3135|R212_loss: 0.3052
2024/08/16 13:38:00: model [INFO] Epoch:   1/  6|Batch: 179/16927||D_loss: 0.9973|D1_loss: 0.5480|D2_loss: 0.4493||G_loss: 2.0494|R121_loss: 0.2868|R212_loss: 0.3885
2024/08/16 13:38:00: model [INFO] Epoch:   1/  6|Batch: 184/16927||D_loss: 0.9717|D1_loss: 0.5410|D2_loss: 0.4307||G_loss: 2.0196|R121_loss: 0.3349|R212_loss: 0.2805
2024/08/16 13:38:00: model [INFO] Epoch:   1/  6|Batch: 189/16927||D_loss: 0.9626|D1_loss: 0.5421|D2_loss: 0.4205||G_loss: 2.0189|R121_loss: 0.3023|R212_loss: 0.3567
2024/08/16 13:38:00: model [INFO] Epoch:   1/  6|Batch: 194/16927||D_loss: 0.9370|D1_loss: 0.5023|D2_loss: 0.4347||G_loss: 2.0635|R121_loss: 0.2964|R212_loss: 0.3502
2024/08/16 13:38:00: model [INFO] Epoch:   1/  6|Batch: 199/16927||D_loss: 0.9577|D1_loss: 0.5476|D2_loss: 0.4100||G_loss: 2.0770|R121_loss: 0.2930|R212_loss: 0.3547
2024/08/16 13:38:00: model [INFO] Epoch:   1/  6|Batch: 204/16927||D_loss: 0.9101|D1_loss: 0.4854|D2_loss: 0.4247||G_loss: 1.9362|R121_loss: 0.2840|R212_loss: 0.2824
2024/08/16 13:38:00: model [INFO] Epoch:   1/  6|Batch: 209/16927||D_loss: 0.8648|D1_loss: 0.4812|D2_loss: 0.3836||G_loss: 2.0860|R121_loss: 0.2874|R212_loss: 0.3612
2024/08/16 13:38:00: model [INFO] Epoch:   1/  6|Batch: 214/16927||D_loss: 0.9727|D1_loss: 0.5350|D2_loss: 0.4378||G_loss: 1.9437|R121_loss: 0.2830|R212_loss: 0.2785
2024/08/16 13:38:00: model [INFO] Epoch:   1/  6|Batch: 219/16927||D_loss: 1.0781|D1_loss: 0.6111|D2_loss: 0.4670||G_loss: 2.0850|R121_loss: 0.3301|R212_loss: 0.3723
2024/08/16 13:38:00: model [INFO] Epoch:   1/  6|Batch: 224/16927||D_loss: 0.9609|D1_loss: 0.5487|D2_loss: 0.4122||G_loss: 2.0756|R121_loss: 0.3118|R212_loss: 0.3615
2024/08/16 13:38:00: model [INFO] Epoch:   1/  6|Batch: 229/16927||D_loss: 0.9735|D1_loss: 0.5575|D2_loss: 0.4160||G_loss: 1.9857|R121_loss: 0.3079|R212_loss: 0.2902
2024/08/16 13:38:00: model [INFO] Epoch:   1/  6|Batch: 234/16927||D_loss: 0.9107|D1_loss: 0.5077|D2_loss: 0.4031||G_loss: 2.0444|R121_loss: 0.2753|R212_loss: 0.3754
2024/08/16 13:38:00: model [INFO] Epoch:   1/  6|Batch: 239/16927||D_loss: 0.8963|D1_loss: 0.4969|D2_loss: 0.3995||G_loss: 1.9952|R121_loss: 0.2925|R212_loss: 0.2996
2024/08/16 13:38:00: model [INFO] Epoch:   1/  6|Batch: 244/16927||D_loss: 0.9812|D1_loss: 0.5505|D2_loss: 0.4307||G_loss: 2.0242|R121_loss: 0.2981|R212_loss: 0.3380
2024/08/16 13:38:00: model [INFO] Epoch:   1/  6|Batch: 249/16927||D_loss: 0.9512|D1_loss: 0.5463|D2_loss: 0.4049||G_loss: 1.9524|R121_loss: 0.2872|R212_loss: 0.3448
2024/08/16 13:38:00: model [INFO] Epoch:   1/  6|Batch: 254/16927||D_loss: 1.0347|D1_loss: 0.6300|D2_loss: 0.4048||G_loss: 2.0122|R121_loss: 0.3268|R212_loss: 0.2990
2024/08/16 13:38:00: model [INFO] Epoch:   1/  6|Batch: 259/16927||D_loss: 0.9171|D1_loss: 0.5009|D2_loss: 0.4162||G_loss: 2.0377|R121_loss: 0.2868|R212_loss: 0.3601
2024/08/16 13:38:00: model [INFO] Epoch:   1/  6|Batch: 264/16927||D_loss: 0.9860|D1_loss: 0.4943|D2_loss: 0.4916||G_loss: 2.0297|R121_loss: 0.2809|R212_loss: 0.3834
2024/08/16 13:38:00: model [INFO] Epoch:   1/  6|Batch: 269/16927||D_loss: 0.9050|D1_loss: 0.4932|D2_loss: 0.4119||G_loss: 2.0532|R121_loss: 0.2848|R212_loss: 0.3637
2024/08/16 13:38:00: model [INFO] Epoch:   1/  6|Batch: 274/16927||D_loss: 0.9574|D1_loss: 0.4960|D2_loss: 0.4614||G_loss: 2.0547|R121_loss: 0.2921|R212_loss: 0.4098
2024/08/16 13:38:00: model [INFO] Epoch:   1/  6|Batch: 279/16927||D_loss: 0.9942|D1_loss: 0.5614|D2_loss: 0.4328||G_loss: 1.9777|R121_loss: 0.3016|R212_loss: 0.3663
2024/08/16 13:38:00: model [INFO] Epoch:   1/  6|Batch: 284/16927||D_loss: 0.9556|D1_loss: 0.5397|D2_loss: 0.4159||G_loss: 2.0215|R121_loss: 0.3190|R212_loss: 0.3540
2024/08/16 13:38:00: model [INFO] Epoch:   1/  6|Batch: 289/16927||D_loss: 1.0068|D1_loss: 0.5178|D2_loss: 0.4890||G_loss: 2.0120|R121_loss: 0.3023|R212_loss: 0.3499
2024/08/16 13:38:00: model [INFO] Epoch:   1/  6|Batch: 294/16927||D_loss: 0.9445|D1_loss: 0.5101|D2_loss: 0.4344||G_loss: 1.9196|R121_loss: 0.2871|R212_loss: 0.3068
2024/08/16 13:38:00: model [INFO] Epoch:   1/  6|Batch: 299/16927||D_loss: 1.0409|D1_loss: 0.6108|D2_loss: 0.4302||G_loss: 1.9732|R121_loss: 0.3208|R212_loss: 0.3308
2024/08/16 13:38:00: model [INFO] Epoch:   1/  6|Batch: 304/16927||D_loss: 0.9860|D1_loss: 0.5330|D2_loss: 0.4530||G_loss: 1.8948|R121_loss: 0.2923|R212_loss: 0.2949
2024/08/16 13:38:01: model [INFO] Epoch:   1/  6|Batch: 309/16927||D_loss: 0.9597|D1_loss: 0.5143|D2_loss: 0.4454||G_loss: 2.0568|R121_loss: 0.2901|R212_loss: 0.3984
2024/08/16 13:38:01: model [INFO] Epoch:   1/  6|Batch: 314/16927||D_loss: 0.9721|D1_loss: 0.5473|D2_loss: 0.4247||G_loss: 2.0215|R121_loss: 0.2994|R212_loss: 0.3647
2024/08/16 13:38:01: model [INFO] Epoch:   1/  6|Batch: 319/16927||D_loss: 0.9995|D1_loss: 0.5483|D2_loss: 0.4512||G_loss: 1.9239|R121_loss: 0.2977|R212_loss: 0.2944
2024/08/16 13:38:01: model [INFO] Epoch:   1/  6|Batch: 324/16927||D_loss: 1.0513|D1_loss: 0.5353|D2_loss: 0.5160||G_loss: 1.9877|R121_loss: 0.3008|R212_loss: 0.3765
2024/08/16 13:38:01: model [INFO] Epoch:   1/  6|Batch: 329/16927||D_loss: 0.9789|D1_loss: 0.5542|D2_loss: 0.4247||G_loss: 1.9166|R121_loss: 0.2808|R212_loss: 0.2996
2024/08/16 13:38:01: model [INFO] Epoch:   1/  6|Batch: 334/16927||D_loss: 1.0595|D1_loss: 0.5504|D2_loss: 0.5091||G_loss: 1.9729|R121_loss: 0.3056|R212_loss: 0.3454
2024/08/16 13:38:01: model [INFO] Epoch:   1/  6|Batch: 339/16927||D_loss: 0.9491|D1_loss: 0.5345|D2_loss: 0.4146||G_loss: 1.9955|R121_loss: 0.2918|R212_loss: 0.3668
2024/08/16 13:38:01: model [INFO] Epoch:   1/  6|Batch: 344/16927||D_loss: 1.0314|D1_loss: 0.5413|D2_loss: 0.4901||G_loss: 1.9898|R121_loss: 0.3011|R212_loss: 0.3384
2024/08/16 13:38:01: model [INFO] Epoch:   1/  6|Batch: 349/16927||D_loss: 0.9720|D1_loss: 0.5555|D2_loss: 0.4165||G_loss: 1.9101|R121_loss: 0.2873|R212_loss: 0.2966
2024/08/16 13:38:01: model [INFO] Epoch:   1/  6|Batch: 354/16927||D_loss: 0.9558|D1_loss: 0.5326|D2_loss: 0.4232||G_loss: 1.9943|R121_loss: 0.2789|R212_loss: 0.3636
2024/08/16 13:38:01: model [INFO] Epoch:   1/  6|Batch: 359/16927||D_loss: 1.0069|D1_loss: 0.5742|D2_loss: 0.4327||G_loss: 1.8860|R121_loss: 0.2798|R212_loss: 0.2959
2024/08/16 13:38:01: model [INFO] Epoch:   1/  6|Batch: 364/16927||D_loss: 1.0103|D1_loss: 0.5626|D2_loss: 0.4477||G_loss: 1.9788|R121_loss: 0.3071|R212_loss: 0.3309
2024/08/16 13:38:01: model [INFO] Epoch:   1/  6|Batch: 369/16927||D_loss: 1.0475|D1_loss: 0.5621|D2_loss: 0.4854||G_loss: 2.0587|R121_loss: 0.3095|R212_loss: 0.3501
2024/08/16 13:38:01: model [INFO] Epoch:   1/  6|Batch: 374/16927||D_loss: 0.9776|D1_loss: 0.5660|D2_loss: 0.4116||G_loss: 1.9604|R121_loss: 0.2863|R212_loss: 0.3552
2024/08/16 13:38:01: model [INFO] Epoch:   1/  6|Batch: 379/16927||D_loss: 1.0384|D1_loss: 0.5857|D2_loss: 0.4527||G_loss: 1.8560|R121_loss: 0.3230|R212_loss: 0.2869
2024/08/16 13:38:01: model [INFO] Epoch:   1/  6|Batch: 384/16927||D_loss: 1.0123|D1_loss: 0.5627|D2_loss: 0.4496||G_loss: 1.9474|R121_loss: 0.3132|R212_loss: 0.3572
2024/08/16 13:38:01: model [INFO] Epoch:   1/  6|Batch: 389/16927||D_loss: 0.9823|D1_loss: 0.5824|D2_loss: 0.4000||G_loss: 1.9029|R121_loss: 0.2905|R212_loss: 0.2851
2024/08/16 13:38:01: model [INFO] Epoch:   1/  6|Batch: 394/16927||D_loss: 0.9639|D1_loss: 0.5650|D2_loss: 0.3990||G_loss: 2.0509|R121_loss: 0.3020|R212_loss: 0.3673
2024/08/16 13:38:01: model [INFO] Epoch:   1/  6|Batch: 399/16927||D_loss: 0.9823|D1_loss: 0.5515|D2_loss: 0.4308||G_loss: 2.0002|R121_loss: 0.2806|R212_loss: 0.3529
2024/08/16 13:38:01: model [INFO] Epoch:   1/  6|Batch: 404/16927||D_loss: 0.9973|D1_loss: 0.5678|D2_loss: 0.4295||G_loss: 1.9311|R121_loss: 0.2857|R212_loss: 0.3547
2024/08/16 13:38:01: model [INFO] Epoch:   1/  6|Batch: 409/16927||D_loss: 0.9458|D1_loss: 0.5538|D2_loss: 0.3920||G_loss: 2.0190|R121_loss: 0.2812|R212_loss: 0.3674
2024/08/16 13:38:01: model [INFO] Epoch:   1/  6|Batch: 414/16927||D_loss: 1.0617|D1_loss: 0.5785|D2_loss: 0.4832||G_loss: 1.8973|R121_loss: 0.2863|R212_loss: 0.2940
2024/08/16 13:38:01: model [INFO] Epoch:   1/  6|Batch: 419/16927||D_loss: 1.0257|D1_loss: 0.6032|D2_loss: 0.4224||G_loss: 1.8952|R121_loss: 0.2923|R212_loss: 0.2811
2024/08/16 13:38:01: model [INFO] Epoch:   1/  6|Batch: 424/16927||D_loss: 1.0030|D1_loss: 0.5427|D2_loss: 0.4603||G_loss: 2.0256|R121_loss: 0.2993|R212_loss: 0.3389
2024/08/16 13:38:01: model [INFO] Epoch:   1/  6|Batch: 429/16927||D_loss: 1.1126|D1_loss: 0.6754|D2_loss: 0.4372||G_loss: 1.9592|R121_loss: 0.3121|R212_loss: 0.2757
2024/08/16 13:38:01: model [INFO] Epoch:   1/  6|Batch: 434/16927||D_loss: 0.9462|D1_loss: 0.5246|D2_loss: 0.4217||G_loss: 2.0807|R121_loss: 0.2913|R212_loss: 0.3552
2024/08/16 13:38:01: model [INFO] Epoch:   1/  6|Batch: 439/16927||D_loss: 0.9009|D1_loss: 0.5070|D2_loss: 0.3939||G_loss: 2.0839|R121_loss: 0.2869|R212_loss: 0.3621
2024/08/16 13:38:01: model [INFO] Epoch:   1/  6|Batch: 444/16927||D_loss: 0.9925|D1_loss: 0.5812|D2_loss: 0.4113||G_loss: 1.9031|R121_loss: 0.3111|R212_loss: 0.2888
2024/08/16 13:38:01: model [INFO] Epoch:   1/  6|Batch: 449/16927||D_loss: 1.0129|D1_loss: 0.5625|D2_loss: 0.4504||G_loss: 1.8597|R121_loss: 0.2818|R212_loss: 0.2937
2024/08/16 13:38:01: model [INFO] Epoch:   1/  6|Batch: 454/16927||D_loss: 0.9552|D1_loss: 0.5167|D2_loss: 0.4385||G_loss: 2.0054|R121_loss: 0.2824|R212_loss: 0.3459
2024/08/16 13:38:01: model [INFO] Epoch:   1/  6|Batch: 459/16927||D_loss: 1.0106|D1_loss: 0.5473|D2_loss: 0.4632||G_loss: 1.9850|R121_loss: 0.2714|R212_loss: 0.3407
2024/08/16 13:38:01: model [INFO] Epoch:   1/  6|Batch: 464/16927||D_loss: 0.9831|D1_loss: 0.5255|D2_loss: 0.4576||G_loss: 1.9795|R121_loss: 0.2684|R212_loss: 0.3594
2024/08/16 13:38:01: model [INFO] Epoch:   1/  6|Batch: 469/16927||D_loss: 1.0788|D1_loss: 0.5938|D2_loss: 0.4850||G_loss: 1.9086|R121_loss: 0.2811|R212_loss: 0.3338
2024/08/16 13:38:01: model [INFO] Epoch:   1/  6|Batch: 474/16927||D_loss: 1.0452|D1_loss: 0.6297|D2_loss: 0.4156||G_loss: 1.9882|R121_loss: 0.3135|R212_loss: 0.3553
2024/08/16 13:38:01: model [INFO] Epoch:   1/  6|Batch: 479/16927||D_loss: 0.9386|D1_loss: 0.5040|D2_loss: 0.4346||G_loss: 2.0081|R121_loss: 0.2783|R212_loss: 0.3421
2024/08/16 13:38:01: model [INFO] Epoch:   1/  6|Batch: 484/16927||D_loss: 1.0435|D1_loss: 0.5634|D2_loss: 0.4800||G_loss: 1.9591|R121_loss: 0.2794|R212_loss: 0.3366
2024/08/16 13:38:01: model [INFO] Epoch:   1/  6|Batch: 489/16927||D_loss: 0.9914|D1_loss: 0.5530|D2_loss: 0.4383||G_loss: 1.9875|R121_loss: 0.2725|R212_loss: 0.3374
2024/08/16 13:38:02: model [INFO] Epoch:   1/  6|Batch: 494/16927||D_loss: 0.9722|D1_loss: 0.5351|D2_loss: 0.4371||G_loss: 1.9749|R121_loss: 0.2790|R212_loss: 0.3542
2024/08/16 13:38:02: model [INFO] Epoch:   1/  6|Batch: 499/16927||D_loss: 1.1510|D1_loss: 0.6006|D2_loss: 0.5504||G_loss: 1.8990|R121_loss: 0.2756|R212_loss: 0.3206
2024/08/16 13:38:02: model [INFO] Epoch:   1/  6|Batch: 504/16927||D_loss: 1.0681|D1_loss: 0.5849|D2_loss: 0.4832||G_loss: 1.9585|R121_loss: 0.2720|R212_loss: 0.3534
2024/08/16 13:38:02: model [INFO] Epoch:   1/  6|Batch: 509/16927||D_loss: 0.9957|D1_loss: 0.5622|D2_loss: 0.4336||G_loss: 1.8885|R121_loss: 0.2716|R212_loss: 0.3504
2024/08/16 13:38:02: model [INFO] Epoch:   1/  6|Batch: 514/16927||D_loss: 1.1063|D1_loss: 0.6072|D2_loss: 0.4990||G_loss: 1.9622|R121_loss: 0.2919|R212_loss: 0.3900
2024/08/16 13:38:02: model [INFO] Epoch:   1/  6|Batch: 519/16927||D_loss: 0.9961|D1_loss: 0.5622|D2_loss: 0.4339||G_loss: 1.9151|R121_loss: 0.2666|R212_loss: 0.3375
2024/08/16 13:38:02: model [INFO] Epoch:   1/  6|Batch: 524/16927||D_loss: 1.0297|D1_loss: 0.5393|D2_loss: 0.4905||G_loss: 1.9643|R121_loss: 0.2740|R212_loss: 0.3314
2024/08/16 13:38:02: model [INFO] Epoch:   1/  6|Batch: 529/16927||D_loss: 1.2632|D1_loss: 0.7241|D2_loss: 0.5391||G_loss: 1.8806|R121_loss: 0.3467|R212_loss: 0.2886
2024/08/16 13:38:02: model [INFO] Epoch:   1/  6|Batch: 534/16927||D_loss: 0.9712|D1_loss: 0.5431|D2_loss: 0.4281||G_loss: 1.9687|R121_loss: 0.2723|R212_loss: 0.3468
2024/08/16 13:38:02: model [INFO] Epoch:   1/  6|Batch: 539/16927||D_loss: 0.9872|D1_loss: 0.5453|D2_loss: 0.4418||G_loss: 1.9722|R121_loss: 0.2813|R212_loss: 0.3426
2024/08/16 13:38:02: model [INFO] Epoch:   1/  6|Batch: 544/16927||D_loss: 1.0513|D1_loss: 0.5708|D2_loss: 0.4805||G_loss: 2.0130|R121_loss: 0.2954|R212_loss: 0.3343
2024/08/16 13:38:02: model [INFO] Epoch:   1/  6|Batch: 549/16927||D_loss: 1.0128|D1_loss: 0.5350|D2_loss: 0.4778||G_loss: 2.0141|R121_loss: 0.2683|R212_loss: 0.3388
2024/08/16 13:38:02: model [INFO] Epoch:   1/  6|Batch: 554/16927||D_loss: 1.0684|D1_loss: 0.6119|D2_loss: 0.4565||G_loss: 2.0170|R121_loss: 0.3226|R212_loss: 0.3640
2024/08/16 13:38:02: model [INFO] Epoch:   1/  6|Batch: 559/16927||D_loss: 1.0875|D1_loss: 0.5785|D2_loss: 0.5090||G_loss: 1.8725|R121_loss: 0.2910|R212_loss: 0.2917
2024/08/16 13:38:02: model [INFO] Epoch:   1/  6|Batch: 564/16927||D_loss: 1.0349|D1_loss: 0.5363|D2_loss: 0.4986||G_loss: 1.9416|R121_loss: 0.2711|R212_loss: 0.3424
2024/08/16 13:38:02: model [INFO] Epoch:   1/  6|Batch: 569/16927||D_loss: 1.0469|D1_loss: 0.5524|D2_loss: 0.4945||G_loss: 1.9917|R121_loss: 0.2883|R212_loss: 0.3440
2024/08/16 13:38:02: model [INFO] Epoch:   1/  6|Batch: 574/16927||D_loss: 1.0875|D1_loss: 0.5439|D2_loss: 0.5437||G_loss: 1.9624|R121_loss: 0.2880|R212_loss: 0.3379
2024/08/16 13:38:02: model [INFO] Epoch:   1/  6|Batch: 579/16927||D_loss: 0.9753|D1_loss: 0.5244|D2_loss: 0.4509||G_loss: 2.0242|R121_loss: 0.2751|R212_loss: 0.3373
2024/08/16 13:38:02: model [INFO] Epoch:   1/  6|Batch: 584/16927||D_loss: 1.0398|D1_loss: 0.5715|D2_loss: 0.4682||G_loss: 2.0476|R121_loss: 0.2912|R212_loss: 0.3401
2024/08/16 13:38:02: model [INFO] Epoch:   1/  6|Batch: 589/16927||D_loss: 1.0971|D1_loss: 0.5972|D2_loss: 0.4998||G_loss: 1.8066|R121_loss: 0.2854|R212_loss: 0.2762
2024/08/16 13:38:02: model [INFO] Epoch:   1/  6|Batch: 594/16927||D_loss: 1.0379|D1_loss: 0.5499|D2_loss: 0.4880||G_loss: 1.9248|R121_loss: 0.2727|R212_loss: 0.3341
2024/08/16 13:38:02: model [INFO] Epoch:   1/  6|Batch: 599/16927||D_loss: 0.9936|D1_loss: 0.5860|D2_loss: 0.4076||G_loss: 2.0024|R121_loss: 0.2975|R212_loss: 0.3546
2024/08/16 13:38:02: model [INFO] Epoch:   1/  6|Batch: 604/16927||D_loss: 1.0433|D1_loss: 0.5074|D2_loss: 0.5359||G_loss: 2.0029|R121_loss: 0.2707|R212_loss: 0.3404
2024/08/16 13:38:02: model [INFO] Epoch:   1/  6|Batch: 609/16927||D_loss: 1.0620|D1_loss: 0.5853|D2_loss: 0.4767||G_loss: 1.8785|R121_loss: 0.2943|R212_loss: 0.2790
2024/08/16 13:38:02: model [INFO] Epoch:   1/  6|Batch: 614/16927||D_loss: 1.0597|D1_loss: 0.5444|D2_loss: 0.5154||G_loss: 2.0349|R121_loss: 0.2982|R212_loss: 0.3556
2024/08/16 13:38:02: model [INFO] Epoch:   1/  6|Batch: 619/16927||D_loss: 1.0481|D1_loss: 0.5550|D2_loss: 0.4930||G_loss: 1.9117|R121_loss: 0.2615|R212_loss: 0.3377
2024/08/16 13:38:02: model [INFO] Epoch:   1/  6|Batch: 624/16927||D_loss: 1.0093|D1_loss: 0.5533|D2_loss: 0.4559||G_loss: 1.9679|R121_loss: 0.2762|R212_loss: 0.3285
2024/08/16 13:38:02: model [INFO] Epoch:   1/  6|Batch: 629/16927||D_loss: 1.0620|D1_loss: 0.5654|D2_loss: 0.4966||G_loss: 1.8971|R121_loss: 0.2830|R212_loss: 0.2842
2024/08/16 13:38:02: model [INFO] Epoch:   1/  6|Batch: 634/16927||D_loss: 0.9956|D1_loss: 0.5694|D2_loss: 0.4262||G_loss: 2.0054|R121_loss: 0.2980|R212_loss: 0.3446
2024/08/16 13:38:02: model [INFO] Epoch:   1/  6|Batch: 639/16927||D_loss: 1.0122|D1_loss: 0.5592|D2_loss: 0.4530||G_loss: 1.9784|R121_loss: 0.2824|R212_loss: 0.3402
2024/08/16 13:38:02: model [INFO] Epoch:   1/  6|Batch: 644/16927||D_loss: 1.0793|D1_loss: 0.5874|D2_loss: 0.4919||G_loss: 2.0015|R121_loss: 0.2760|R212_loss: 0.3476
2024/08/16 13:38:02: model [INFO] Epoch:   1/  6|Batch: 649/16927||D_loss: 1.0202|D1_loss: 0.5329|D2_loss: 0.4873||G_loss: 2.1033|R121_loss: 0.2738|R212_loss: 0.3606
2024/08/16 13:38:02: model [INFO] Epoch:   1/  6|Batch: 654/16927||D_loss: 1.0908|D1_loss: 0.5447|D2_loss: 0.5462||G_loss: 1.9466|R121_loss: 0.2595|R212_loss: 0.3277
2024/08/16 13:38:02: model [INFO] Epoch:   1/  6|Batch: 659/16927||D_loss: 1.0305|D1_loss: 0.5352|D2_loss: 0.4954||G_loss: 1.9962|R121_loss: 0.2685|R212_loss: 0.3434
2024/08/16 13:38:02: model [INFO] Epoch:   1/  6|Batch: 664/16927||D_loss: 1.1007|D1_loss: 0.6015|D2_loss: 0.4992||G_loss: 1.9867|R121_loss: 0.3015|R212_loss: 0.3308
2024/08/16 13:38:02: model [INFO] Epoch:   1/  6|Batch: 669/16927||D_loss: 1.0633|D1_loss: 0.6125|D2_loss: 0.4508||G_loss: 1.9935|R121_loss: 0.3218|R212_loss: 0.3356
2024/08/16 13:38:02: model [INFO] Epoch:   1/  6|Batch: 674/16927||D_loss: 1.0621|D1_loss: 0.5375|D2_loss: 0.5246||G_loss: 1.9235|R121_loss: 0.2874|R212_loss: 0.2656
2024/08/16 13:38:03: model [INFO] Epoch:   1/  6|Batch: 679/16927||D_loss: 0.9872|D1_loss: 0.5495|D2_loss: 0.4377||G_loss: 1.9744|R121_loss: 0.2679|R212_loss: 0.3417
2024/08/16 13:38:03: model [INFO] Epoch:   1/  6|Batch: 684/16927||D_loss: 1.0160|D1_loss: 0.5505|D2_loss: 0.4655||G_loss: 1.8886|R121_loss: 0.2610|R212_loss: 0.2776
2024/08/16 13:38:03: model [INFO] Epoch:   1/  6|Batch: 689/16927||D_loss: 1.0728|D1_loss: 0.5523|D2_loss: 0.5205||G_loss: 1.8486|R121_loss: 0.2627|R212_loss: 0.2652
2024/08/16 13:38:03: model [INFO] Epoch:   1/  6|Batch: 694/16927||D_loss: 1.0272|D1_loss: 0.5421|D2_loss: 0.4851||G_loss: 1.9405|R121_loss: 0.2624|R212_loss: 0.3335
2024/08/16 13:38:03: model [INFO] Epoch:   1/  6|Batch: 699/16927||D_loss: 1.0241|D1_loss: 0.5355|D2_loss: 0.4886||G_loss: 1.9138|R121_loss: 0.2583|R212_loss: 0.2807
2024/08/16 13:38:03: model [INFO] Epoch:   1/  6|Batch: 704/16927||D_loss: 1.1101|D1_loss: 0.5864|D2_loss: 0.5237||G_loss: 2.0064|R121_loss: 0.2651|R212_loss: 0.3148
2024/08/16 13:38:03: model [INFO] Epoch:   1/  6|Batch: 709/16927||D_loss: 1.1565|D1_loss: 0.6116|D2_loss: 0.5449||G_loss: 1.9640|R121_loss: 0.2888|R212_loss: 0.2745
2024/08/16 13:38:03: model [INFO] Epoch:   1/  6|Batch: 714/16927||D_loss: 1.0309|D1_loss: 0.6066|D2_loss: 0.4243||G_loss: 1.9760|R121_loss: 0.2957|R212_loss: 0.3404
2024/08/16 13:38:03: model [INFO] Epoch:   1/  6|Batch: 719/16927||D_loss: 1.1066|D1_loss: 0.6328|D2_loss: 0.4739||G_loss: 1.9812|R121_loss: 0.2875|R212_loss: 0.3285
2024/08/16 13:38:03: model [INFO] Epoch:   1/  6|Batch: 724/16927||D_loss: 1.0711|D1_loss: 0.5288|D2_loss: 0.5423||G_loss: 1.9143|R121_loss: 0.2676|R212_loss: 0.2676
2024/08/16 13:38:03: model [INFO] Epoch:   1/  6|Batch: 729/16927||D_loss: 1.1223|D1_loss: 0.5835|D2_loss: 0.5388||G_loss: 1.8753|R121_loss: 0.2723|R212_loss: 0.3218
2024/08/16 13:38:03: model [INFO] Epoch:   1/  6|Batch: 734/16927||D_loss: 1.1430|D1_loss: 0.5706|D2_loss: 0.5724||G_loss: 1.8658|R121_loss: 0.2709|R212_loss: 0.2678
2024/08/16 13:38:03: model [INFO] Epoch:   1/  6|Batch: 739/16927||D_loss: 1.0595|D1_loss: 0.5811|D2_loss: 0.4784||G_loss: 1.8905|R121_loss: 0.2939|R212_loss: 0.3507
2024/08/16 13:38:03: model [INFO] Epoch:   1/  6|Batch: 744/16927||D_loss: 1.1405|D1_loss: 0.6019|D2_loss: 0.5386||G_loss: 1.8304|R121_loss: 0.2677|R212_loss: 0.3233
2024/08/16 13:38:03: model [INFO] Epoch:   1/  6|Batch: 749/16927||D_loss: 1.0112|D1_loss: 0.5616|D2_loss: 0.4496||G_loss: 1.9906|R121_loss: 0.2787|R212_loss: 0.3234
2024/08/16 13:38:03: model [INFO] Epoch:   1/  6|Batch: 754/16927||D_loss: 1.0926|D1_loss: 0.6407|D2_loss: 0.4519||G_loss: 1.9746|R121_loss: 0.3043|R212_loss: 0.3398
2024/08/16 13:38:03: model [INFO] Epoch:   1/  6|Batch: 759/16927||D_loss: 1.1104|D1_loss: 0.5824|D2_loss: 0.5281||G_loss: 1.8609|R121_loss: 0.2693|R212_loss: 0.2921
2024/08/16 13:38:03: model [INFO] Epoch:   1/  6|Batch: 764/16927||D_loss: 1.0231|D1_loss: 0.5682|D2_loss: 0.4550||G_loss: 1.9517|R121_loss: 0.2634|R212_loss: 0.3257
2024/08/16 13:38:03: model [INFO] Epoch:   1/  6|Batch: 769/16927||D_loss: 1.1191|D1_loss: 0.5799|D2_loss: 0.5392||G_loss: 1.8352|R121_loss: 0.2514|R212_loss: 0.2724
2024/08/16 13:38:03: model [INFO] Epoch:   1/  6|Batch: 774/16927||D_loss: 1.1098|D1_loss: 0.6100|D2_loss: 0.4998||G_loss: 1.8332|R121_loss: 0.2679|R212_loss: 0.2678
2024/08/16 13:38:03: model [INFO] Epoch:   1/  6|Batch: 779/16927||D_loss: 1.1039|D1_loss: 0.5998|D2_loss: 0.5041||G_loss: 1.8650|R121_loss: 0.2687|R212_loss: 0.2716
2024/08/16 13:38:03: model [INFO] Epoch:   1/  6|Batch: 784/16927||D_loss: 1.0490|D1_loss: 0.5892|D2_loss: 0.4598||G_loss: 1.9154|R121_loss: 0.2764|R212_loss: 0.2689
2024/08/16 13:38:03: model [INFO] Epoch:   1/  6|Batch: 789/16927||D_loss: 1.1117|D1_loss: 0.5800|D2_loss: 0.5318||G_loss: 1.9857|R121_loss: 0.2730|R212_loss: 0.3193
2024/08/16 13:38:03: model [INFO] Epoch:   1/  6|Batch: 794/16927||D_loss: 1.1050|D1_loss: 0.5635|D2_loss: 0.5414||G_loss: 1.9254|R121_loss: 0.2789|R212_loss: 0.2629
2024/08/16 13:38:03: model [INFO] Epoch:   1/  6|Batch: 799/16927||D_loss: 1.1341|D1_loss: 0.6318|D2_loss: 0.5023||G_loss: 1.9900|R121_loss: 0.2849|R212_loss: 0.3226
2024/08/16 13:38:03: model [INFO] Epoch:   1/  6|Batch: 804/16927||D_loss: 1.1805|D1_loss: 0.5990|D2_loss: 0.5816||G_loss: 1.8916|R121_loss: 0.2541|R212_loss: 0.3249
2024/08/16 13:38:03: model [INFO] Epoch:   1/  6|Batch: 809/16927||D_loss: 1.0717|D1_loss: 0.5866|D2_loss: 0.4851||G_loss: 1.9043|R121_loss: 0.2701|R212_loss: 0.2723
2024/08/16 13:38:03: model [INFO] Epoch:   1/  6|Batch: 814/16927||D_loss: 1.1817|D1_loss: 0.6239|D2_loss: 0.5578||G_loss: 1.8719|R121_loss: 0.2783|R212_loss: 0.2813
2024/08/16 13:38:03: model [INFO] Epoch:   1/  6|Batch: 819/16927||D_loss: 1.1869|D1_loss: 0.5859|D2_loss: 0.6010||G_loss: 1.9011|R121_loss: 0.2574|R212_loss: 0.3319
2024/08/16 13:38:03: model [INFO] Epoch:   1/  6|Batch: 824/16927||D_loss: 1.0884|D1_loss: 0.5811|D2_loss: 0.5073||G_loss: 1.9098|R121_loss: 0.2753|R212_loss: 0.3111
2024/08/16 13:38:03: model [INFO] Epoch:   1/  6|Batch: 829/16927||D_loss: 1.1616|D1_loss: 0.6255|D2_loss: 0.5361||G_loss: 1.9056|R121_loss: 0.2689|R212_loss: 0.3228
2024/08/16 13:38:03: model [INFO] Epoch:   1/  6|Batch: 834/16927||D_loss: 1.1128|D1_loss: 0.6044|D2_loss: 0.5084||G_loss: 1.9123|R121_loss: 0.2741|R212_loss: 0.3093
2024/08/16 13:38:03: model [INFO] Epoch:   1/  6|Batch: 839/16927||D_loss: 1.1283|D1_loss: 0.5714|D2_loss: 0.5569||G_loss: 1.9746|R121_loss: 0.2419|R212_loss: 0.3824
2024/08/16 13:38:03: model [INFO] Epoch:   1/  6|Batch: 844/16927||D_loss: 1.1433|D1_loss: 0.6242|D2_loss: 0.5191||G_loss: 1.8234|R121_loss: 0.2609|R212_loss: 0.2673
2024/08/16 13:38:03: model [INFO] Epoch:   1/  6|Batch: 849/16927||D_loss: 1.2474|D1_loss: 0.6653|D2_loss: 0.5821||G_loss: 1.9187|R121_loss: 0.2916|R212_loss: 0.3144
2024/08/16 13:38:03: model [INFO] Epoch:   1/  6|Batch: 854/16927||D_loss: 1.0360|D1_loss: 0.5876|D2_loss: 0.4484||G_loss: 1.9709|R121_loss: 0.2674|R212_loss: 0.3165
2024/08/16 13:38:04: model [INFO] Epoch:   1/  6|Batch: 859/16927||D_loss: 1.0748|D1_loss: 0.6002|D2_loss: 0.4746||G_loss: 1.8103|R121_loss: 0.2442|R212_loss: 0.2664
2024/08/16 13:38:04: model [INFO] Epoch:   1/  6|Batch: 864/16927||D_loss: 1.1016|D1_loss: 0.6334|D2_loss: 0.4682||G_loss: 2.0052|R121_loss: 0.2772|R212_loss: 0.3180
2024/08/16 13:38:04: model [INFO] Epoch:   1/  6|Batch: 869/16927||D_loss: 1.0453|D1_loss: 0.5794|D2_loss: 0.4659||G_loss: 1.9082|R121_loss: 0.2386|R212_loss: 0.3180
2024/08/16 13:38:04: model [INFO] Epoch:   1/  6|Batch: 874/16927||D_loss: 1.0989|D1_loss: 0.6351|D2_loss: 0.4639||G_loss: 1.9648|R121_loss: 0.2846|R212_loss: 0.2695
2024/08/16 13:38:04: model [INFO] Epoch:   1/  6|Batch: 879/16927||D_loss: 1.1031|D1_loss: 0.6131|D2_loss: 0.4900||G_loss: 1.9490|R121_loss: 0.2613|R212_loss: 0.3181
2024/08/16 13:38:04: model [INFO] Epoch:   1/  6|Batch: 884/16927||D_loss: 1.0956|D1_loss: 0.6013|D2_loss: 0.4943||G_loss: 1.9230|R121_loss: 0.2818|R212_loss: 0.2667
2024/08/16 13:38:04: model [INFO] Epoch:   1/  6|Batch: 889/16927||D_loss: 1.0375|D1_loss: 0.5901|D2_loss: 0.4474||G_loss: 2.0297|R121_loss: 0.2744|R212_loss: 0.3215
2024/08/16 13:38:04: model [INFO] Epoch:   1/  6|Batch: 894/16927||D_loss: 1.2196|D1_loss: 0.6868|D2_loss: 0.5328||G_loss: 1.8908|R121_loss: 0.2994|R212_loss: 0.2626
2024/08/16 13:38:04: model [INFO] Epoch:   1/  6|Batch: 899/16927||D_loss: 1.1590|D1_loss: 0.6312|D2_loss: 0.5278||G_loss: 1.9530|R121_loss: 0.2747|R212_loss: 0.3254
2024/08/16 13:38:04: model [INFO] Epoch:   1/  6|Batch: 904/16927||D_loss: 1.1831|D1_loss: 0.6884|D2_loss: 0.4947||G_loss: 2.0202|R121_loss: 0.3137|R212_loss: 0.3226
2024/08/16 13:38:04: model [INFO] Epoch:   1/  6|Batch: 909/16927||D_loss: 1.0535|D1_loss: 0.5981|D2_loss: 0.4553||G_loss: 2.0654|R121_loss: 0.3139|R212_loss: 0.3283
2024/08/16 13:38:04: model [INFO] Epoch:   1/  6|Batch: 914/16927||D_loss: 1.1266|D1_loss: 0.6225|D2_loss: 0.5041||G_loss: 1.7724|R121_loss: 0.2399|R212_loss: 0.2662
2024/08/16 13:38:04: model [INFO] Epoch:   1/  6|Batch: 919/16927||D_loss: 1.1597|D1_loss: 0.6082|D2_loss: 0.5516||G_loss: 2.0021|R121_loss: 0.2609|R212_loss: 0.3637
2024/08/16 13:38:04: model [INFO] Epoch:   1/  6|Batch: 924/16927||D_loss: 1.2150|D1_loss: 0.6304|D2_loss: 0.5846||G_loss: 1.7955|R121_loss: 0.2402|R212_loss: 0.2590
2024/08/16 13:38:04: model [INFO] Epoch:   1/  6|Batch: 929/16927||D_loss: 1.1882|D1_loss: 0.6426|D2_loss: 0.5456||G_loss: 2.0597|R121_loss: 0.2935|R212_loss: 0.3589
2024/08/16 13:38:04: model [INFO] Epoch:   1/  6|Batch: 934/16927||D_loss: 1.1700|D1_loss: 0.5941|D2_loss: 0.5759||G_loss: 1.9768|R121_loss: 0.2451|R212_loss: 0.3488
2024/08/16 13:38:04: model [INFO] Epoch:   1/  6|Batch: 939/16927||D_loss: 1.0624|D1_loss: 0.6052|D2_loss: 0.4572||G_loss: 1.9986|R121_loss: 0.2631|R212_loss: 0.3336
2024/08/16 13:38:04: model [INFO] Epoch:   1/  6|Batch: 944/16927||D_loss: 1.1524|D1_loss: 0.6245|D2_loss: 0.5280||G_loss: 1.9683|R121_loss: 0.2831|R212_loss: 0.3037
2024/08/16 13:38:04: model [INFO] Epoch:   1/  6|Batch: 949/16927||D_loss: 1.0747|D1_loss: 0.5867|D2_loss: 0.4879||G_loss: 1.9349|R121_loss: 0.2502|R212_loss: 0.3158
2024/08/16 13:38:04: model [INFO] Epoch:   1/  6|Batch: 954/16927||D_loss: 1.1018|D1_loss: 0.6338|D2_loss: 0.4680||G_loss: 1.9581|R121_loss: 0.2487|R212_loss: 0.3199
2024/08/16 13:38:04: model [INFO] Epoch:   1/  6|Batch: 959/16927||D_loss: 1.1103|D1_loss: 0.6274|D2_loss: 0.4829||G_loss: 1.9290|R121_loss: 0.2411|R212_loss: 0.3043
2024/08/16 13:38:04: model [INFO] Epoch:   1/  6|Batch: 964/16927||D_loss: 1.1741|D1_loss: 0.6262|D2_loss: 0.5479||G_loss: 1.8291|R121_loss: 0.2507|R212_loss: 0.2491
2024/08/16 13:38:04: model [INFO] Epoch:   1/  6|Batch: 969/16927||D_loss: 1.2004|D1_loss: 0.6636|D2_loss: 0.5368||G_loss: 1.8857|R121_loss: 0.2678|R212_loss: 0.2643
2024/08/16 13:38:04: model [INFO] Epoch:   1/  6|Batch: 974/16927||D_loss: 1.1894|D1_loss: 0.6031|D2_loss: 0.5863||G_loss: 1.9688|R121_loss: 0.2422|R212_loss: 0.3236
2024/08/16 13:38:04: model [INFO] Epoch:   1/  6|Batch: 979/16927||D_loss: 1.0848|D1_loss: 0.6228|D2_loss: 0.4620||G_loss: 1.9396|R121_loss: 0.2457|R212_loss: 0.3261
2024/08/16 13:38:04: model [INFO] Epoch:   1/  6|Batch: 984/16927||D_loss: 1.0274|D1_loss: 0.5956|D2_loss: 0.4318||G_loss: 2.0370|R121_loss: 0.2696|R212_loss: 0.3148
2024/08/16 13:38:04: model [INFO] Epoch:   1/  6|Batch: 989/16927||D_loss: 1.0675|D1_loss: 0.6247|D2_loss: 0.4427||G_loss: 2.0058|R121_loss: 0.2582|R212_loss: 0.3072
2024/08/16 13:38:04: model [INFO] Epoch:   1/  6|Batch: 994/16927||D_loss: 1.0713|D1_loss: 0.6155|D2_loss: 0.4558||G_loss: 2.0537|R121_loss: 0.2792|R212_loss: 0.3345
2024/08/16 13:38:04: model [INFO] Epoch:   1/  6|Batch: 999/16927||D_loss: 1.0443|D1_loss: 0.6015|D2_loss: 0.4428||G_loss: 2.0644|R121_loss: 0.2550|R212_loss: 0.3324
2024/08/16 13:38:04: model [INFO] Epoch:   1/  6|Batch: 1004/16927||D_loss: 1.1586|D1_loss: 0.6286|D2_loss: 0.5300||G_loss: 2.0227|R121_loss: 0.2394|R212_loss: 0.3513
2024/08/16 13:38:04: model [INFO] Epoch:   1/  6|Batch: 1009/16927||D_loss: 1.1629|D1_loss: 0.5960|D2_loss: 0.5668||G_loss: 2.0310|R121_loss: 0.2408|R212_loss: 0.3070
2024/08/16 13:38:04: model [INFO] Epoch:   1/  6|Batch: 1014/16927||D_loss: 1.2184|D1_loss: 0.6638|D2_loss: 0.5546||G_loss: 1.8385|R121_loss: 0.2525|R212_loss: 0.2498
2024/08/16 13:38:04: model [INFO] Epoch:   1/  6|Batch: 1019/16927||D_loss: 1.1213|D1_loss: 0.6030|D2_loss: 0.5184||G_loss: 2.1203|R121_loss: 0.2791|R212_loss: 0.3161
2024/08/16 13:38:04: model [INFO] Epoch:   1/  6|Batch: 1024/16927||D_loss: 1.1538|D1_loss: 0.6405|D2_loss: 0.5132||G_loss: 1.8446|R121_loss: 0.2690|R212_loss: 0.2486
2024/08/16 13:38:04: model [INFO] Epoch:   1/  6|Batch: 1029/16927||D_loss: 1.0807|D1_loss: 0.5797|D2_loss: 0.5010||G_loss: 2.0046|R121_loss: 0.2573|R212_loss: 0.3065
2024/08/16 13:38:04: model [INFO] Epoch:   1/  6|Batch: 1034/16927||D_loss: 1.1585|D1_loss: 0.6524|D2_loss: 0.5061||G_loss: 1.8757|R121_loss: 0.2665|R212_loss: 0.2488
2024/08/16 13:38:04: model [INFO] Epoch:   1/  6|Batch: 1039/16927||D_loss: 1.0886|D1_loss: 0.6216|D2_loss: 0.4671||G_loss: 1.9546|R121_loss: 0.2422|R212_loss: 0.3305
2024/08/16 13:38:05: model [INFO] Epoch:   1/  6|Batch: 1044/16927||D_loss: 1.1064|D1_loss: 0.6264|D2_loss: 0.4799||G_loss: 1.8871|R121_loss: 0.2437|R212_loss: 0.2418
2024/08/16 13:38:05: model [INFO] Epoch:   1/  6|Batch: 1049/16927||D_loss: 1.0710|D1_loss: 0.5936|D2_loss: 0.4774||G_loss: 2.0138|R121_loss: 0.2703|R212_loss: 0.3214
2024/08/16 13:38:05: model [INFO] Epoch:   1/  6|Batch: 1054/16927||D_loss: 1.0933|D1_loss: 0.6289|D2_loss: 0.4643||G_loss: 2.0104|R121_loss: 0.2505|R212_loss: 0.3114
2024/08/16 13:38:05: model [INFO] Epoch:   1/  6|Batch: 1059/16927||D_loss: 1.0728|D1_loss: 0.5920|D2_loss: 0.4808||G_loss: 2.0927|R121_loss: 0.2492|R212_loss: 0.3053
2024/08/16 13:38:05: model [INFO] Epoch:   1/  6|Batch: 1064/16927||D_loss: 1.1877|D1_loss: 0.5732|D2_loss: 0.6145||G_loss: 2.1558|R121_loss: 0.2527|R212_loss: 0.3631
2024/08/16 13:38:05: model [INFO] Epoch:   1/  6|Batch: 1069/16927||D_loss: 1.0401|D1_loss: 0.5822|D2_loss: 0.4579||G_loss: 2.0889|R121_loss: 0.2712|R212_loss: 0.2955
2024/08/16 13:38:05: model [INFO] Epoch:   1/  6|Batch: 1074/16927||D_loss: 1.2454|D1_loss: 0.7021|D2_loss: 0.5433||G_loss: 1.7992|R121_loss: 0.2825|R212_loss: 0.2368
2024/08/16 13:38:05: model [INFO] Epoch:   1/  6|Batch: 1079/16927||D_loss: 1.1430|D1_loss: 0.6423|D2_loss: 0.5008||G_loss: 1.8094|R121_loss: 0.2503|R212_loss: 0.2361
2024/08/16 13:38:05: model [INFO] Epoch:   1/  6|Batch: 1084/16927||D_loss: 1.1373|D1_loss: 0.6616|D2_loss: 0.4756||G_loss: 2.0061|R121_loss: 0.2845|R212_loss: 0.3184
2024/08/16 13:38:05: model [INFO] Epoch:   1/  6|Batch: 1089/16927||D_loss: 1.1897|D1_loss: 0.6264|D2_loss: 0.5632||G_loss: 1.8246|R121_loss: 0.2478|R212_loss: 0.2368
2024/08/16 13:38:05: model [INFO] Epoch:   1/  6|Batch: 1094/16927||D_loss: 1.0945|D1_loss: 0.5717|D2_loss: 0.5228||G_loss: 2.0391|R121_loss: 0.2654|R212_loss: 0.2984
2024/08/16 13:38:05: model [INFO] Epoch:   1/  6|Batch: 1099/16927||D_loss: 1.1385|D1_loss: 0.6340|D2_loss: 0.5045||G_loss: 1.8298|R121_loss: 0.2603|R212_loss: 0.2388
2024/08/16 13:38:05: model [INFO] Epoch:   1/  6|Batch: 1104/16927||D_loss: 1.1134|D1_loss: 0.6000|D2_loss: 0.5134||G_loss: 2.0515|R121_loss: 0.2781|R212_loss: 0.3029
2024/08/16 13:38:05: model [INFO] Epoch:   1/  6|Batch: 1109/16927||D_loss: 1.1490|D1_loss: 0.6147|D2_loss: 0.5343||G_loss: 1.8235|R121_loss: 0.2434|R212_loss: 0.2263
2024/08/16 13:38:05: model [INFO] Epoch:   1/  6|Batch: 1114/16927||D_loss: 1.2488|D1_loss: 0.6323|D2_loss: 0.6165||G_loss: 2.0137|R121_loss: 0.2559|R212_loss: 0.3681
2024/08/16 13:38:05: model [INFO] Epoch:   1/  6|Batch: 1119/16927||D_loss: 1.1466|D1_loss: 0.5870|D2_loss: 0.5596||G_loss: 1.9019|R121_loss: 0.2456|R212_loss: 0.2420
2024/08/16 13:38:05: model [INFO] Epoch:   1/  6|Batch: 1124/16927||D_loss: 1.1169|D1_loss: 0.6077|D2_loss: 0.5092||G_loss: 1.9621|R121_loss: 0.2412|R212_loss: 0.3163
2024/08/16 13:38:05: model [INFO] Epoch:   1/  6|Batch: 1129/16927||D_loss: 1.1110|D1_loss: 0.6065|D2_loss: 0.5045||G_loss: 1.9320|R121_loss: 0.2616|R212_loss: 0.2582
2024/08/16 13:38:05: model [INFO] Epoch:   1/  6|Batch: 1134/16927||D_loss: 1.1446|D1_loss: 0.6152|D2_loss: 0.5294||G_loss: 1.9304|R121_loss: 0.2457|R212_loss: 0.2884
2024/08/16 13:38:05: model [INFO] Epoch:   1/  6|Batch: 1139/16927||D_loss: 1.1478|D1_loss: 0.5953|D2_loss: 0.5525||G_loss: 1.8796|R121_loss: 0.2282|R212_loss: 0.3025
2024/08/16 13:38:05: model [INFO] Epoch:   1/  6|Batch: 1144/16927||D_loss: 1.1339|D1_loss: 0.6012|D2_loss: 0.5327||G_loss: 1.9092|R121_loss: 0.2688|R212_loss: 0.2370
2024/08/16 13:38:05: model [INFO] Epoch:   1/  6|Batch: 1149/16927||D_loss: 1.1336|D1_loss: 0.6294|D2_loss: 0.5042||G_loss: 1.8909|R121_loss: 0.2305|R212_loss: 0.3129
2024/08/16 13:38:05: model [INFO] Epoch:   1/  6|Batch: 1154/16927||D_loss: 1.1324|D1_loss: 0.6248|D2_loss: 0.5076||G_loss: 1.9358|R121_loss: 0.2714|R212_loss: 0.2320
2024/08/16 13:38:05: model [INFO] Epoch:   1/  6|Batch: 1159/16927||D_loss: 1.1577|D1_loss: 0.6278|D2_loss: 0.5299||G_loss: 1.8697|R121_loss: 0.2506|R212_loss: 0.2347
2024/08/16 13:38:05: model [INFO] Epoch:   1/  6|Batch: 1164/16927||D_loss: 1.1410|D1_loss: 0.6148|D2_loss: 0.5262||G_loss: 1.9156|R121_loss: 0.2482|R212_loss: 0.3112
2024/08/16 13:38:05: model [INFO] Epoch:   1/  6|Batch: 1169/16927||D_loss: 1.1104|D1_loss: 0.5927|D2_loss: 0.5177||G_loss: 1.8395|R121_loss: 0.2438|R212_loss: 0.2303
2024/08/16 13:38:05: model [INFO] Epoch:   1/  6|Batch: 1174/16927||D_loss: 1.1069|D1_loss: 0.6102|D2_loss: 0.4967||G_loss: 1.9445|R121_loss: 0.2511|R212_loss: 0.3063
2024/08/16 13:38:05: model [INFO] Epoch:   1/  6|Batch: 1179/16927||D_loss: 1.1412|D1_loss: 0.6466|D2_loss: 0.4946||G_loss: 1.9941|R121_loss: 0.2789|R212_loss: 0.3143
2024/08/16 13:38:05: model [INFO] Epoch:   1/  6|Batch: 1184/16927||D_loss: 1.1555|D1_loss: 0.6028|D2_loss: 0.5527||G_loss: 1.9134|R121_loss: 0.2555|R212_loss: 0.2486
2024/08/16 13:38:05: model [INFO] Epoch:   1/  6|Batch: 1189/16927||D_loss: 1.1098|D1_loss: 0.6119|D2_loss: 0.4978||G_loss: 1.9307|R121_loss: 0.2486|R212_loss: 0.2942
2024/08/16 13:38:05: model [INFO] Epoch:   1/  6|Batch: 1194/16927||D_loss: 1.1671|D1_loss: 0.6308|D2_loss: 0.5363||G_loss: 1.9207|R121_loss: 0.2572|R212_loss: 0.2296
2024/08/16 13:38:05: model [INFO] Epoch:   1/  6|Batch: 1199/16927||D_loss: 1.2488|D1_loss: 0.6731|D2_loss: 0.5757||G_loss: 1.9259|R121_loss: 0.2655|R212_loss: 0.3413
2024/08/16 13:38:05: model [INFO] Epoch:   1/  6|Batch: 1204/16927||D_loss: 1.1623|D1_loss: 0.6375|D2_loss: 0.5248||G_loss: 1.9038|R121_loss: 0.2567|R212_loss: 0.2338
2024/08/16 13:38:05: model [INFO] Epoch:   1/  6|Batch: 1209/16927||D_loss: 1.2295|D1_loss: 0.6441|D2_loss: 0.5854||G_loss: 2.0330|R121_loss: 0.2941|R212_loss: 0.2948
2024/08/16 13:38:05: model [INFO] Epoch:   1/  6|Batch: 1214/16927||D_loss: 1.1083|D1_loss: 0.6201|D2_loss: 0.4882||G_loss: 1.9416|R121_loss: 0.2311|R212_loss: 0.2864
2024/08/16 13:38:05: model [INFO] Epoch:   1/  6|Batch: 1219/16927||D_loss: 1.1151|D1_loss: 0.6393|D2_loss: 0.4759||G_loss: 1.9530|R121_loss: 0.2469|R212_loss: 0.2922
2024/08/16 13:38:05: model [INFO] Epoch:   1/  6|Batch: 1224/16927||D_loss: 1.1910|D1_loss: 0.6150|D2_loss: 0.5760||G_loss: 1.9426|R121_loss: 0.2320|R212_loss: 0.2332
2024/08/16 13:38:06: model [INFO] Epoch:   1/  6|Batch: 1229/16927||D_loss: 1.1221|D1_loss: 0.6558|D2_loss: 0.4663||G_loss: 1.9762|R121_loss: 0.2547|R212_loss: 0.2836
2024/08/16 13:38:06: model [INFO] Epoch:   1/  6|Batch: 1234/16927||D_loss: 1.1363|D1_loss: 0.6649|D2_loss: 0.4714||G_loss: 2.0932|R121_loss: 0.2972|R212_loss: 0.2882
2024/08/16 13:38:06: model [INFO] Epoch:   1/  6|Batch: 1239/16927||D_loss: 1.2267|D1_loss: 0.6569|D2_loss: 0.5698||G_loss: 1.9234|R121_loss: 0.2655|R212_loss: 0.2293
2024/08/16 13:38:06: model [INFO] Epoch:   1/  6|Batch: 1244/16927||D_loss: 1.1170|D1_loss: 0.6613|D2_loss: 0.4556||G_loss: 1.9282|R121_loss: 0.2424|R212_loss: 0.2784
2024/08/16 13:38:06: model [INFO] Epoch:   1/  6|Batch: 1249/16927||D_loss: 1.2981|D1_loss: 0.7092|D2_loss: 0.5889||G_loss: 1.8819|R121_loss: 0.2790|R212_loss: 0.2298
2024/08/16 13:38:06: model [INFO] Epoch:   1/  6|Batch: 1254/16927||D_loss: 1.1000|D1_loss: 0.6212|D2_loss: 0.4788||G_loss: 2.0184|R121_loss: 0.2608|R212_loss: 0.3211
2024/08/16 13:38:06: model [INFO] Epoch:   1/  6|Batch: 1259/16927||D_loss: 1.2711|D1_loss: 0.7060|D2_loss: 0.5652||G_loss: 1.9237|R121_loss: 0.2745|R212_loss: 0.3387
2024/08/16 13:38:06: model [INFO] Epoch:   1/  6|Batch: 1264/16927||D_loss: 1.2134|D1_loss: 0.6509|D2_loss: 0.5625||G_loss: 1.9176|R121_loss: 0.2800|R212_loss: 0.2433
2024/08/16 13:38:06: model [INFO] Epoch:   1/  6|Batch: 1269/16927||D_loss: 1.2488|D1_loss: 0.6676|D2_loss: 0.5812||G_loss: 1.8932|R121_loss: 0.2573|R212_loss: 0.2273
2024/08/16 13:38:06: model [INFO] Epoch:   1/  6|Batch: 1274/16927||D_loss: 1.2073|D1_loss: 0.6658|D2_loss: 0.5415||G_loss: 1.9427|R121_loss: 0.2768|R212_loss: 0.2231
2024/08/16 13:38:06: model [INFO] Epoch:   1/  6|Batch: 1279/16927||D_loss: 1.1700|D1_loss: 0.6294|D2_loss: 0.5406||G_loss: 1.8974|R121_loss: 0.2463|R212_loss: 0.2326
2024/08/16 13:38:06: model [INFO] Epoch:   1/  6|Batch: 1284/16927||D_loss: 1.2763|D1_loss: 0.6626|D2_loss: 0.6136||G_loss: 1.8635|R121_loss: 0.2371|R212_loss: 0.2902
2024/08/16 13:38:06: model [INFO] Epoch:   1/  6|Batch: 1289/16927||D_loss: 1.2647|D1_loss: 0.7166|D2_loss: 0.5481||G_loss: 1.9533|R121_loss: 0.3099|R212_loss: 0.2286
2024/08/16 13:38:06: model [INFO] Epoch:   1/  6|Batch: 1294/16927||D_loss: 1.1932|D1_loss: 0.6553|D2_loss: 0.5379||G_loss: 1.8956|R121_loss: 0.2382|R212_loss: 0.2802
2024/08/16 13:38:06: model [INFO] Epoch:   1/  6|Batch: 1299/16927||D_loss: 1.2372|D1_loss: 0.6456|D2_loss: 0.5916||G_loss: 1.9452|R121_loss: 0.2551|R212_loss: 0.3042
2024/08/16 13:38:06: model [INFO] Epoch:   1/  6|Batch: 1304/16927||D_loss: 1.2048|D1_loss: 0.6457|D2_loss: 0.5591||G_loss: 1.9181|R121_loss: 0.2517|R212_loss: 0.2386
2024/08/16 13:38:06: model [INFO] Epoch:   1/  6|Batch: 1309/16927||D_loss: 1.1883|D1_loss: 0.6178|D2_loss: 0.5705||G_loss: 1.9075|R121_loss: 0.2375|R212_loss: 0.2376
2024/08/16 13:38:06: model [INFO] Epoch:   1/  6|Batch: 1314/16927||D_loss: 1.1424|D1_loss: 0.6070|D2_loss: 0.5354||G_loss: 1.9919|R121_loss: 0.2573|R212_loss: 0.2401
2024/08/16 13:38:06: model [INFO] Epoch:   1/  6|Batch: 1319/16927||D_loss: 1.1946|D1_loss: 0.6420|D2_loss: 0.5526||G_loss: 2.0624|R121_loss: 0.2802|R212_loss: 0.2907
2024/08/16 13:38:06: model [INFO] Epoch:   1/  6|Batch: 1324/16927||D_loss: 1.2990|D1_loss: 0.7220|D2_loss: 0.5769||G_loss: 1.8557|R121_loss: 0.2366|R212_loss: 0.2461
2024/08/16 13:38:06: model [INFO] Epoch:   1/  6|Batch: 1329/16927||D_loss: 1.2127|D1_loss: 0.6211|D2_loss: 0.5916||G_loss: 1.9588|R121_loss: 0.2273|R212_loss: 0.3053
2024/08/16 13:38:06: model [INFO] Epoch:   1/  6|Batch: 1334/16927||D_loss: 1.3006|D1_loss: 0.7612|D2_loss: 0.5394||G_loss: 1.9254|R121_loss: 0.2757|R212_loss: 0.2243
2024/08/16 13:38:06: model [INFO] Epoch:   1/  6|Batch: 1339/16927||D_loss: 1.1618|D1_loss: 0.6530|D2_loss: 0.5088||G_loss: 1.9241|R121_loss: 0.2753|R212_loss: 0.2312
2024/08/16 13:38:06: model [INFO] Epoch:   1/  6|Batch: 1344/16927||D_loss: 1.2055|D1_loss: 0.6368|D2_loss: 0.5687||G_loss: 1.7817|R121_loss: 0.2148|R212_loss: 0.2283
2024/08/16 13:38:06: model [INFO] Epoch:   1/  6|Batch: 1349/16927||D_loss: 1.2229|D1_loss: 0.6768|D2_loss: 0.5461||G_loss: 1.8363|R121_loss: 0.2424|R212_loss: 0.2211
2024/08/16 13:38:06: model [INFO] Epoch:   1/  6|Batch: 1354/16927||D_loss: 1.2093|D1_loss: 0.6393|D2_loss: 0.5701||G_loss: 2.0484|R121_loss: 0.2732|R212_loss: 0.2918
2024/08/16 13:38:06: model [INFO] Epoch:   1/  6|Batch: 1359/16927||D_loss: 1.1738|D1_loss: 0.6493|D2_loss: 0.5245||G_loss: 1.9368|R121_loss: 0.2679|R212_loss: 0.2148
2024/08/16 13:38:06: model [INFO] Epoch:   1/  6|Batch: 1364/16927||D_loss: 1.2319|D1_loss: 0.6558|D2_loss: 0.5761||G_loss: 2.0570|R121_loss: 0.2670|R212_loss: 0.3283
2024/08/16 13:38:06: model [INFO] Epoch:   1/  6|Batch: 1369/16927||D_loss: 1.1799|D1_loss: 0.6416|D2_loss: 0.5383||G_loss: 1.8993|R121_loss: 0.2474|R212_loss: 0.2348
2024/08/16 13:38:06: model [INFO] Epoch:   1/  6|Batch: 1374/16927||D_loss: 1.2701|D1_loss: 0.6848|D2_loss: 0.5852||G_loss: 2.1375|R121_loss: 0.2770|R212_loss: 0.2895
2024/08/16 13:38:06: model [INFO] Epoch:   1/  6|Batch: 1379/16927||D_loss: 1.2103|D1_loss: 0.6649|D2_loss: 0.5454||G_loss: 1.9004|R121_loss: 0.2517|R212_loss: 0.2766
2024/08/16 13:38:06: model [INFO] Epoch:   1/  6|Batch: 1384/16927||D_loss: 1.2841|D1_loss: 0.6844|D2_loss: 0.5997||G_loss: 1.8598|R121_loss: 0.2565|R212_loss: 0.2142
2024/08/16 13:38:06: model [INFO] Epoch:   1/  6|Batch: 1389/16927||D_loss: 1.2102|D1_loss: 0.6144|D2_loss: 0.5957||G_loss: 1.8497|R121_loss: 0.2394|R212_loss: 0.2127
2024/08/16 13:38:06: model [INFO] Epoch:   1/  6|Batch: 1394/16927||D_loss: 1.2564|D1_loss: 0.6918|D2_loss: 0.5646||G_loss: 1.7975|R121_loss: 0.2152|R212_loss: 0.2757
2024/08/16 13:38:06: model [INFO] Epoch:   1/  6|Batch: 1399/16927||D_loss: 1.2282|D1_loss: 0.6292|D2_loss: 0.5990||G_loss: 1.8415|R121_loss: 0.2339|R212_loss: 0.2145
2024/08/16 13:38:06: model [INFO] Epoch:   1/  6|Batch: 1404/16927||D_loss: 1.2578|D1_loss: 0.7176|D2_loss: 0.5402||G_loss: 1.9647|R121_loss: 0.2438|R212_loss: 0.2855
2024/08/16 13:38:06: model [INFO] Epoch:   1/  6|Batch: 1409/16927||D_loss: 1.2242|D1_loss: 0.6305|D2_loss: 0.5937||G_loss: 1.9756|R121_loss: 0.2572|R212_loss: 0.2275
2024/08/16 13:38:07: model [INFO] Epoch:   1/  6|Batch: 1414/16927||D_loss: 1.3067|D1_loss: 0.7054|D2_loss: 0.6013||G_loss: 1.9068|R121_loss: 0.2794|R212_loss: 0.2134
2024/08/16 13:38:07: model [INFO] Epoch:   1/  6|Batch: 1419/16927||D_loss: 1.2615|D1_loss: 0.6720|D2_loss: 0.5895||G_loss: 1.8577|R121_loss: 0.2417|R212_loss: 0.2276
2024/08/16 13:38:07: model [INFO] Epoch:   1/  6|Batch: 1424/16927||D_loss: 1.2968|D1_loss: 0.6702|D2_loss: 0.6265||G_loss: 2.0525|R121_loss: 0.2495|R212_loss: 0.3469
2024/08/16 13:38:07: model [INFO] Epoch:   1/  6|Batch: 1429/16927||D_loss: 1.3256|D1_loss: 0.7819|D2_loss: 0.5438||G_loss: 1.9432|R121_loss: 0.3003|R212_loss: 0.2691
2024/08/16 13:38:07: model [INFO] Epoch:   1/  6|Batch: 1434/16927||D_loss: 1.2869|D1_loss: 0.7021|D2_loss: 0.5849||G_loss: 1.8955|R121_loss: 0.2868|R212_loss: 0.2187
2024/08/16 13:38:07: model [INFO] Epoch:   1/  6|Batch: 1439/16927||D_loss: 1.3432|D1_loss: 0.6945|D2_loss: 0.6486||G_loss: 1.8662|R121_loss: 0.2287|R212_loss: 0.2973
2024/08/16 13:38:07: model [INFO] Epoch:   1/  6|Batch: 1444/16927||D_loss: 1.2306|D1_loss: 0.6829|D2_loss: 0.5476||G_loss: 1.8866|R121_loss: 0.2313|R212_loss: 0.2677
2024/08/16 13:38:07: model [INFO] Epoch:   1/  6|Batch: 1449/16927||D_loss: 1.2762|D1_loss: 0.7332|D2_loss: 0.5430||G_loss: 2.0485|R121_loss: 0.3214|R212_loss: 0.2872
2024/08/16 13:38:07: model [INFO] Epoch:   1/  6|Batch: 1454/16927||D_loss: 1.2735|D1_loss: 0.6879|D2_loss: 0.5856||G_loss: 2.0231|R121_loss: 0.2878|R212_loss: 0.2702
2024/08/16 13:38:07: model [INFO] Epoch:   1/  6|Batch: 1459/16927||D_loss: 1.2064|D1_loss: 0.6651|D2_loss: 0.5414||G_loss: 1.9000|R121_loss: 0.2281|R212_loss: 0.2774
2024/08/16 13:38:07: model [INFO] Epoch:   1/  6|Batch: 1464/16927||D_loss: 1.3703|D1_loss: 0.7446|D2_loss: 0.6257||G_loss: 1.7570|R121_loss: 0.2378|R212_loss: 0.2077
2024/08/16 13:38:07: model [INFO] Epoch:   1/  6|Batch: 1469/16927||D_loss: 1.2841|D1_loss: 0.6753|D2_loss: 0.6089||G_loss: 1.8752|R121_loss: 0.2283|R212_loss: 0.2868
2024/08/16 13:38:07: model [INFO] Epoch:   1/  6|Batch: 1474/16927||D_loss: 1.3076|D1_loss: 0.7496|D2_loss: 0.5580||G_loss: 1.9026|R121_loss: 0.3000|R212_loss: 0.2097
2024/08/16 13:38:07: model [INFO] Epoch:   1/  6|Batch: 1479/16927||D_loss: 1.2009|D1_loss: 0.6603|D2_loss: 0.5406||G_loss: 2.0316|R121_loss: 0.2608|R212_loss: 0.2761
2024/08/16 13:38:07: model [INFO] Epoch:   1/  6|Batch: 1484/16927||D_loss: 1.1789|D1_loss: 0.6583|D2_loss: 0.5206||G_loss: 2.0211|R121_loss: 0.2509|R212_loss: 0.2731
2024/08/16 13:38:07: model [INFO] Epoch:   1/  6|Batch: 1489/16927||D_loss: 1.3350|D1_loss: 0.6775|D2_loss: 0.6575||G_loss: 2.0216|R121_loss: 0.2238|R212_loss: 0.3471
2024/08/16 13:38:07: model [INFO] Epoch:   1/  6|Batch: 1494/16927||D_loss: 1.2690|D1_loss: 0.6852|D2_loss: 0.5838||G_loss: 1.7885|R121_loss: 0.1997|R212_loss: 0.2038
2024/08/16 13:38:07: model [INFO] Epoch:   1/  6|Batch: 1499/16927||D_loss: 1.1607|D1_loss: 0.6595|D2_loss: 0.5012||G_loss: 2.1048|R121_loss: 0.2596|R212_loss: 0.2632
2024/08/16 13:38:07: model [INFO] Epoch:   1/  6|Batch: 1504/16927||D_loss: 1.2929|D1_loss: 0.6751|D2_loss: 0.6178||G_loss: 1.8610|R121_loss: 0.2392|R212_loss: 0.2096
2024/08/16 13:38:07: model [INFO] Epoch:   1/  6|Batch: 1509/16927||D_loss: 1.2239|D1_loss: 0.6955|D2_loss: 0.5284||G_loss: 2.0623|R121_loss: 0.2696|R212_loss: 0.2742
2024/08/16 13:38:07: model [INFO] Epoch:   1/  6|Batch: 1514/16927||D_loss: 1.2731|D1_loss: 0.6847|D2_loss: 0.5884||G_loss: 1.8624|R121_loss: 0.2405|R212_loss: 0.2212
2024/08/16 13:38:07: model [INFO] Epoch:   1/  6|Batch: 1519/16927||D_loss: 1.2816|D1_loss: 0.7192|D2_loss: 0.5624||G_loss: 1.9606|R121_loss: 0.2848|R212_loss: 0.2137
2024/08/16 13:38:07: model [INFO] Epoch:   1/  6|Batch: 1524/16927||D_loss: 1.3055|D1_loss: 0.7108|D2_loss: 0.5946||G_loss: 1.8697|R121_loss: 0.2352|R212_loss: 0.2102
2024/08/16 13:38:07: model [INFO] Epoch:   1/  6|Batch: 1529/16927||D_loss: 1.2252|D1_loss: 0.6678|D2_loss: 0.5573||G_loss: 2.0619|R121_loss: 0.2807|R212_loss: 0.2833
2024/08/16 13:38:07: model [INFO] Epoch:   1/  6|Batch: 1534/16927||D_loss: 1.3414|D1_loss: 0.7124|D2_loss: 0.6290||G_loss: 1.8595|R121_loss: 0.2406|R212_loss: 0.2137
2024/08/16 13:38:07: model [INFO] Epoch:   1/  6|Batch: 1539/16927||D_loss: 1.2141|D1_loss: 0.6639|D2_loss: 0.5502||G_loss: 1.9892|R121_loss: 0.2770|R212_loss: 0.2624
2024/08/16 13:38:07: model [INFO] Epoch:   1/  6|Batch: 1544/16927||D_loss: 1.1910|D1_loss: 0.6621|D2_loss: 0.5289||G_loss: 2.0740|R121_loss: 0.3011|R212_loss: 0.2727
2024/08/16 13:38:07: model [INFO] Epoch:   1/  6|Batch: 1549/16927||D_loss: 1.2858|D1_loss: 0.6847|D2_loss: 0.6011||G_loss: 1.8218|R121_loss: 0.2367|R212_loss: 0.2156
2024/08/16 13:38:07: model [INFO] Epoch:   1/  6|Batch: 1554/16927||D_loss: 1.1865|D1_loss: 0.6418|D2_loss: 0.5448||G_loss: 2.0178|R121_loss: 0.2315|R212_loss: 0.3027
2024/08/16 13:38:07: model [INFO] Epoch:   1/  6|Batch: 1559/16927||D_loss: 1.2325|D1_loss: 0.6991|D2_loss: 0.5334||G_loss: 1.9775|R121_loss: 0.2432|R212_loss: 0.2657
2024/08/16 13:38:07: model [INFO] Epoch:   1/  6|Batch: 1564/16927||D_loss: 1.2678|D1_loss: 0.7057|D2_loss: 0.5620||G_loss: 2.0818|R121_loss: 0.2786|R212_loss: 0.2447
2024/08/16 13:38:07: model [INFO] Epoch:   1/  6|Batch: 1569/16927||D_loss: 1.2264|D1_loss: 0.6720|D2_loss: 0.5544||G_loss: 1.9628|R121_loss: 0.2324|R212_loss: 0.2872
2024/08/16 13:38:07: model [INFO] Epoch:   1/  6|Batch: 1574/16927||D_loss: 1.2190|D1_loss: 0.6525|D2_loss: 0.5665||G_loss: 1.9648|R121_loss: 0.2321|R212_loss: 0.2596
2024/08/16 13:38:07: model [INFO] Epoch:   1/  6|Batch: 1579/16927||D_loss: 1.3810|D1_loss: 0.7133|D2_loss: 0.6677||G_loss: 1.8731|R121_loss: 0.2376|R212_loss: 0.2173
2024/08/16 13:38:07: model [INFO] Epoch:   1/  6|Batch: 1584/16927||D_loss: 1.2030|D1_loss: 0.6734|D2_loss: 0.5296||G_loss: 2.1111|R121_loss: 0.2655|R212_loss: 0.2698
2024/08/16 13:38:07: model [INFO] Epoch:   1/  6|Batch: 1589/16927||D_loss: 1.3367|D1_loss: 0.7094|D2_loss: 0.6274||G_loss: 1.8639|R121_loss: 0.2703|R212_loss: 0.2036
2024/08/16 13:38:08: model [INFO] Epoch:   1/  6|Batch: 1594/16927||D_loss: 1.3067|D1_loss: 0.6934|D2_loss: 0.6134||G_loss: 1.8835|R121_loss: 0.2709|R212_loss: 0.1979
2024/08/16 13:38:08: model [INFO] Epoch:   1/  6|Batch: 1599/16927||D_loss: 1.1720|D1_loss: 0.6432|D2_loss: 0.5288||G_loss: 2.0616|R121_loss: 0.2531|R212_loss: 0.2564
2024/08/16 13:38:08: model [INFO] Epoch:   1/  6|Batch: 1604/16927||D_loss: 1.2955|D1_loss: 0.6637|D2_loss: 0.6318||G_loss: 1.8503|R121_loss: 0.2453|R212_loss: 0.2018
2024/08/16 13:38:08: model [INFO] Epoch:   1/  6|Batch: 1609/16927||D_loss: 1.4883|D1_loss: 0.7411|D2_loss: 0.7472||G_loss: 2.0844|R121_loss: 0.3013|R212_loss: 0.3033
2024/08/16 13:38:08: model [INFO] Epoch:   1/  6|Batch: 1614/16927||D_loss: 1.2806|D1_loss: 0.6753|D2_loss: 0.6053||G_loss: 1.8654|R121_loss: 0.2432|R212_loss: 0.2060
2024/08/16 13:38:08: model [INFO] Epoch:   1/  6|Batch: 1619/16927||D_loss: 1.3752|D1_loss: 0.7216|D2_loss: 0.6535||G_loss: 2.0514|R121_loss: 0.2681|R212_loss: 0.2877
2024/08/16 13:38:08: model [INFO] Epoch:   1/  6|Batch: 1624/16927||D_loss: 1.2948|D1_loss: 0.7030|D2_loss: 0.5918||G_loss: 1.8810|R121_loss: 0.2248|R212_loss: 0.1946
2024/08/16 13:38:08: model [INFO] Epoch:   1/  6|Batch: 1629/16927||D_loss: 1.2649|D1_loss: 0.6991|D2_loss: 0.5657||G_loss: 1.9277|R121_loss: 0.2528|R212_loss: 0.1895
2024/08/16 13:38:08: model [INFO] Epoch:   1/  6|Batch: 1634/16927||D_loss: 1.3106|D1_loss: 0.7187|D2_loss: 0.5920||G_loss: 1.8628|R121_loss: 0.2255|R212_loss: 0.1866
2024/08/16 13:38:08: model [INFO] Epoch:   1/  6|Batch: 1639/16927||D_loss: 1.3314|D1_loss: 0.7480|D2_loss: 0.5834||G_loss: 2.1085|R121_loss: 0.3320|R212_loss: 0.2728
2024/08/16 13:38:08: model [INFO] Epoch:   1/  6|Batch: 1644/16927||D_loss: 1.2629|D1_loss: 0.6849|D2_loss: 0.5780||G_loss: 1.9646|R121_loss: 0.2781|R212_loss: 0.2064
2024/08/16 13:38:08: model [INFO] Epoch:   1/  6|Batch: 1649/16927||D_loss: 1.2377|D1_loss: 0.6919|D2_loss: 0.5457||G_loss: 1.9923|R121_loss: 0.2966|R212_loss: 0.2066
2024/08/16 13:38:08: model [INFO] Epoch:   1/  6|Batch: 1654/16927||D_loss: 1.2975|D1_loss: 0.6943|D2_loss: 0.6031||G_loss: 1.9291|R121_loss: 0.2491|R212_loss: 0.1988
2024/08/16 13:38:08: model [INFO] Epoch:   1/  6|Batch: 1659/16927||D_loss: 1.2384|D1_loss: 0.6605|D2_loss: 0.5779||G_loss: 1.9887|R121_loss: 0.2353|R212_loss: 0.2538
2024/08/16 13:38:08: model [INFO] Epoch:   1/  6|Batch: 1664/16927||D_loss: 1.2714|D1_loss: 0.6787|D2_loss: 0.5927||G_loss: 1.8854|R121_loss: 0.2197|R212_loss: 0.1935
2024/08/16 13:38:08: model [INFO] Epoch:   1/  6|Batch: 1669/16927||D_loss: 1.3123|D1_loss: 0.6834|D2_loss: 0.6289||G_loss: 2.0556|R121_loss: 0.3037|R212_loss: 0.2412
2024/08/16 13:38:08: model [INFO] Epoch:   1/  6|Batch: 1674/16927||D_loss: 1.3019|D1_loss: 0.6503|D2_loss: 0.6516||G_loss: 2.0050|R121_loss: 0.2339|R212_loss: 0.2353
2024/08/16 13:38:08: model [INFO] Epoch:   1/  6|Batch: 1679/16927||D_loss: 1.2228|D1_loss: 0.6527|D2_loss: 0.5701||G_loss: 1.9959|R121_loss: 0.2438|R212_loss: 0.2674
2024/08/16 13:38:08: model [INFO] Epoch:   1/  6|Batch: 1684/16927||D_loss: 1.3024|D1_loss: 0.7146|D2_loss: 0.5878||G_loss: 1.8438|R121_loss: 0.2671|R212_loss: 0.2071
2024/08/16 13:38:08: model [INFO] Epoch:   1/  6|Batch: 1689/16927||D_loss: 1.3244|D1_loss: 0.7185|D2_loss: 0.6059||G_loss: 1.8381|R121_loss: 0.2750|R212_loss: 0.2135
2024/08/16 13:38:08: model [INFO] Epoch:   1/  6|Batch: 1694/16927||D_loss: 1.2878|D1_loss: 0.7206|D2_loss: 0.5672||G_loss: 1.8533|R121_loss: 0.2348|R212_loss: 0.2100
2024/08/16 13:38:08: model [INFO] Epoch:   1/  6|Batch: 1699/16927||D_loss: 1.3592|D1_loss: 0.7600|D2_loss: 0.5991||G_loss: 1.8834|R121_loss: 0.3018|R212_loss: 0.1993
2024/08/16 13:38:08: model [INFO] Epoch:   1/  6|Batch: 1704/16927||D_loss: 1.3310|D1_loss: 0.6942|D2_loss: 0.6368||G_loss: 1.9829|R121_loss: 0.2462|R212_loss: 0.2535
2024/08/16 13:38:08: model [INFO] Epoch:   1/  6|Batch: 1709/16927||D_loss: 1.3308|D1_loss: 0.6952|D2_loss: 0.6356||G_loss: 2.0975|R121_loss: 0.2763|R212_loss: 0.3345
2024/08/16 13:38:08: model [INFO] Epoch:   1/  6|Batch: 1714/16927||D_loss: 1.3001|D1_loss: 0.6879|D2_loss: 0.6122||G_loss: 2.0215|R121_loss: 0.2663|R212_loss: 0.2371
2024/08/16 13:38:08: model [INFO] Epoch:   1/  6|Batch: 1719/16927||D_loss: 1.2426|D1_loss: 0.6426|D2_loss: 0.6000||G_loss: 2.0486|R121_loss: 0.2523|R212_loss: 0.2538
2024/08/16 13:38:08: model [INFO] Epoch:   1/  6|Batch: 1724/16927||D_loss: 1.3808|D1_loss: 0.7189|D2_loss: 0.6618||G_loss: 1.9841|R121_loss: 0.2808|R212_loss: 0.2609
2024/08/16 13:38:08: model [INFO] Epoch:   1/  6|Batch: 1729/16927||D_loss: 1.3535|D1_loss: 0.7524|D2_loss: 0.6010||G_loss: 2.0898|R121_loss: 0.3677|R212_loss: 0.2675
2024/08/16 13:38:08: model [INFO] Epoch:   1/  6|Batch: 1734/16927||D_loss: 1.3998|D1_loss: 0.6914|D2_loss: 0.7084||G_loss: 1.9911|R121_loss: 0.2510|R212_loss: 0.2816
2024/08/16 13:38:08: model [INFO] Epoch:   1/  6|Batch: 1739/16927||D_loss: 1.3034|D1_loss: 0.6975|D2_loss: 0.6059||G_loss: 1.9689|R121_loss: 0.2271|R212_loss: 0.2681
2024/08/16 13:38:08: model [INFO] Epoch:   1/  6|Batch: 1744/16927||D_loss: 1.2884|D1_loss: 0.7083|D2_loss: 0.5801||G_loss: 2.0758|R121_loss: 0.3052|R212_loss: 0.2634
2024/08/16 13:38:08: model [INFO] Epoch:   1/  6|Batch: 1749/16927||D_loss: 1.3321|D1_loss: 0.7426|D2_loss: 0.5895||G_loss: 1.7925|R121_loss: 0.2595|R212_loss: 0.1910
2024/08/16 13:38:08: model [INFO] Epoch:   1/  6|Batch: 1754/16927||D_loss: 1.2497|D1_loss: 0.6600|D2_loss: 0.5896||G_loss: 2.0253|R121_loss: 0.2297|R212_loss: 0.2387
2024/08/16 13:38:08: model [INFO] Epoch:   1/  6|Batch: 1759/16927||D_loss: 1.3268|D1_loss: 0.7133|D2_loss: 0.6135||G_loss: 2.0034|R121_loss: 0.2425|R212_loss: 0.2851
2024/08/16 13:38:08: model [INFO] Epoch:   1/  6|Batch: 1764/16927||D_loss: 1.2283|D1_loss: 0.6526|D2_loss: 0.5757||G_loss: 2.0697|R121_loss: 0.2537|R212_loss: 0.2502
2024/08/16 13:38:08: model [INFO] Epoch:   1/  6|Batch: 1769/16927||D_loss: 1.3915|D1_loss: 0.6862|D2_loss: 0.7053||G_loss: 2.0532|R121_loss: 0.2492|R212_loss: 0.3258
2024/08/16 13:38:08: model [INFO] Epoch:   1/  6|Batch: 1774/16927||D_loss: 1.2467|D1_loss: 0.6853|D2_loss: 0.5614||G_loss: 2.0301|R121_loss: 0.2442|R212_loss: 0.2347
2024/08/16 13:38:09: model [INFO] Epoch:   1/  6|Batch: 1779/16927||D_loss: 1.2881|D1_loss: 0.7118|D2_loss: 0.5763||G_loss: 2.1397|R121_loss: 0.3133|R212_loss: 0.2784
2024/08/16 13:38:09: model [INFO] Epoch:   1/  6|Batch: 1784/16927||D_loss: 1.2648|D1_loss: 0.6997|D2_loss: 0.5651||G_loss: 2.1205|R121_loss: 0.3317|R212_loss: 0.2536
2024/08/16 13:38:09: model [INFO] Epoch:   1/  6|Batch: 1789/16927||D_loss: 1.3950|D1_loss: 0.6914|D2_loss: 0.7037||G_loss: 2.1373|R121_loss: 0.2526|R212_loss: 0.3222
2024/08/16 13:38:09: model [INFO] Epoch:   1/  6|Batch: 1794/16927||D_loss: 1.3852|D1_loss: 0.7615|D2_loss: 0.6237||G_loss: 1.8845|R121_loss: 0.2615|R212_loss: 0.1842
2024/08/16 13:38:09: model [INFO] Epoch:   1/  6|Batch: 1799/16927||D_loss: 1.2612|D1_loss: 0.6866|D2_loss: 0.5745||G_loss: 2.1472|R121_loss: 0.2820|R212_loss: 0.2745
2024/08/16 13:38:09: model [INFO] Epoch:   1/  6|Batch: 1804/16927||D_loss: 1.4238|D1_loss: 0.7151|D2_loss: 0.7087||G_loss: 1.8875|R121_loss: 0.2669|R212_loss: 0.1792
2024/08/16 13:38:09: model [INFO] Epoch:   1/  6|Batch: 1809/16927||D_loss: 1.4352|D1_loss: 0.6877|D2_loss: 0.7475||G_loss: 2.0435|R121_loss: 0.2421|R212_loss: 0.3038
2024/08/16 13:38:09: model [INFO] Epoch:   1/  6|Batch: 1814/16927||D_loss: 1.2402|D1_loss: 0.6578|D2_loss: 0.5824||G_loss: 2.0483|R121_loss: 0.2366|R212_loss: 0.2645
2024/08/16 13:38:09: model [INFO] Epoch:   1/  6|Batch: 1819/16927||D_loss: 1.2536|D1_loss: 0.6824|D2_loss: 0.5711||G_loss: 2.0016|R121_loss: 0.2666|R212_loss: 0.2444
2024/08/16 13:38:09: model [INFO] Epoch:   1/  6|Batch: 1824/16927||D_loss: 1.2901|D1_loss: 0.6835|D2_loss: 0.6067||G_loss: 1.9849|R121_loss: 0.2359|R212_loss: 0.2355
2024/08/16 13:38:09: model [INFO] Epoch:   1/  6|Batch: 1829/16927||D_loss: 1.2854|D1_loss: 0.6699|D2_loss: 0.6155||G_loss: 2.0746|R121_loss: 0.2470|R212_loss: 0.2708
2024/08/16 13:38:09: model [INFO] Epoch:   1/  6|Batch: 1834/16927||D_loss: 1.2701|D1_loss: 0.6953|D2_loss: 0.5748||G_loss: 2.0536|R121_loss: 0.2795|R212_loss: 0.2356
2024/08/16 13:38:09: model [INFO] Epoch:   1/  6|Batch: 1839/16927||D_loss: 1.3725|D1_loss: 0.7062|D2_loss: 0.6664||G_loss: 1.8543|R121_loss: 0.2691|R212_loss: 0.1810
2024/08/16 13:38:09: model [INFO] Epoch:   1/  6|Batch: 1844/16927||D_loss: 1.4001|D1_loss: 0.6894|D2_loss: 0.7107||G_loss: 2.1072|R121_loss: 0.2391|R212_loss: 0.3538
2024/08/16 13:38:09: model [INFO] Epoch:   1/  6|Batch: 1849/16927||D_loss: 1.2365|D1_loss: 0.6759|D2_loss: 0.5605||G_loss: 2.0835|R121_loss: 0.2442|R212_loss: 0.2759
2024/08/16 13:38:09: model [INFO] Epoch:   1/  6|Batch: 1854/16927||D_loss: 1.3177|D1_loss: 0.7306|D2_loss: 0.5870||G_loss: 2.0938|R121_loss: 0.3367|R212_loss: 0.2369
2024/08/16 13:38:09: model [INFO] Epoch:   1/  6|Batch: 1859/16927||D_loss: 1.3321|D1_loss: 0.7099|D2_loss: 0.6222||G_loss: 1.9001|R121_loss: 0.2569|R212_loss: 0.1764
2024/08/16 13:38:09: model [INFO] Epoch:   1/  6|Batch: 1864/16927||D_loss: 1.3405|D1_loss: 0.7399|D2_loss: 0.6006||G_loss: 1.9182|R121_loss: 0.2588|R212_loss: 0.1698
2024/08/16 13:38:09: model [INFO] Epoch:   1/  6|Batch: 1869/16927||D_loss: 1.4090|D1_loss: 0.8001|D2_loss: 0.6089||G_loss: 1.9888|R121_loss: 0.3031|R212_loss: 0.1719
2024/08/16 13:38:09: model [INFO] Epoch:   1/  6|Batch: 1874/16927||D_loss: 1.3768|D1_loss: 0.7404|D2_loss: 0.6364||G_loss: 1.9212|R121_loss: 0.2555|R212_loss: 0.1689
2024/08/16 13:38:09: model [INFO] Epoch:   1/  6|Batch: 1879/16927||D_loss: 1.3562|D1_loss: 0.7385|D2_loss: 0.6177||G_loss: 1.9439|R121_loss: 0.2541|R212_loss: 0.1619
2024/08/16 13:38:09: model [INFO] Epoch:   1/  6|Batch: 1884/16927||D_loss: 1.2887|D1_loss: 0.7104|D2_loss: 0.5783||G_loss: 2.1357|R121_loss: 0.2713|R212_loss: 0.2745
2024/08/16 13:38:09: model [INFO] Epoch:   1/  6|Batch: 1889/16927||D_loss: 1.3000|D1_loss: 0.6770|D2_loss: 0.6230||G_loss: 2.0807|R121_loss: 0.2340|R212_loss: 0.2558
2024/08/16 13:38:09: model [INFO] Epoch:   1/  6|Batch: 1894/16927||D_loss: 1.4010|D1_loss: 0.7180|D2_loss: 0.6830||G_loss: 1.9689|R121_loss: 0.2702|R212_loss: 0.1966
2024/08/16 13:38:09: model [INFO] Epoch:   1/  6|Batch: 1899/16927||D_loss: 1.3735|D1_loss: 0.7459|D2_loss: 0.6277||G_loss: 1.9503|R121_loss: 0.2832|R212_loss: 0.1809
2024/08/16 13:38:09: model [INFO] Epoch:   1/  6|Batch: 1904/16927||D_loss: 1.2766|D1_loss: 0.6966|D2_loss: 0.5800||G_loss: 2.0372|R121_loss: 0.2338|R212_loss: 0.2757
2024/08/16 13:38:09: model [INFO] Epoch:   1/  6|Batch: 1909/16927||D_loss: 1.2908|D1_loss: 0.6926|D2_loss: 0.5982||G_loss: 2.0120|R121_loss: 0.2713|R212_loss: 0.2428
2024/08/16 13:38:09: model [INFO] Epoch:   1/  6|Batch: 1914/16927||D_loss: 1.4685|D1_loss: 0.7738|D2_loss: 0.6947||G_loss: 2.0883|R121_loss: 0.2903|R212_loss: 0.3005
2024/08/16 13:38:09: model [INFO] Epoch:   1/  6|Batch: 1919/16927||D_loss: 1.3366|D1_loss: 0.7126|D2_loss: 0.6240||G_loss: 2.1328|R121_loss: 0.2871|R212_loss: 0.3027
2024/08/16 13:38:09: model [INFO] Epoch:   1/  6|Batch: 1924/16927||D_loss: 1.3489|D1_loss: 0.7044|D2_loss: 0.6446||G_loss: 1.9150|R121_loss: 0.2435|R212_loss: 0.1743
2024/08/16 13:38:09: model [INFO] Epoch:   1/  6|Batch: 1929/16927||D_loss: 1.3264|D1_loss: 0.7362|D2_loss: 0.5902||G_loss: 2.1026|R121_loss: 0.2890|R212_loss: 0.2711
2024/08/16 13:38:09: model [INFO] Epoch:   1/  6|Batch: 1934/16927||D_loss: 1.3020|D1_loss: 0.7029|D2_loss: 0.5991||G_loss: 1.9804|R121_loss: 0.2239|R212_loss: 0.2388
2024/08/16 13:38:09: model [INFO] Epoch:   1/  6|Batch: 1939/16927||D_loss: 1.3482|D1_loss: 0.7123|D2_loss: 0.6359||G_loss: 2.0821|R121_loss: 0.2637|R212_loss: 0.2721
2024/08/16 13:38:09: model [INFO] Epoch:   1/  6|Batch: 1944/16927||D_loss: 1.3209|D1_loss: 0.7104|D2_loss: 0.6105||G_loss: 2.0091|R121_loss: 0.2426|R212_loss: 0.2502
2024/08/16 13:38:09: model [INFO] Epoch:   1/  6|Batch: 1949/16927||D_loss: 1.3025|D1_loss: 0.7109|D2_loss: 0.5916||G_loss: 2.0000|R121_loss: 0.2407|R212_loss: 0.2467
2024/08/16 13:38:09: model [INFO] Epoch:   1/  6|Batch: 1954/16927||D_loss: 1.3194|D1_loss: 0.7247|D2_loss: 0.5947||G_loss: 1.9947|R121_loss: 0.2529|R212_loss: 0.2471
2024/08/16 13:38:09: model [INFO] Epoch:   1/  6|Batch: 1959/16927||D_loss: 1.3100|D1_loss: 0.7321|D2_loss: 0.5778||G_loss: 1.9628|R121_loss: 0.2527|R212_loss: 0.2583
2024/08/16 13:38:10: model [INFO] Epoch:   1/  6|Batch: 1964/16927||D_loss: 1.2922|D1_loss: 0.7280|D2_loss: 0.5642||G_loss: 1.9701|R121_loss: 0.2343|R212_loss: 0.2431
2024/08/16 13:38:10: model [INFO] Epoch:   1/  6|Batch: 1969/16927||D_loss: 1.2921|D1_loss: 0.7176|D2_loss: 0.5745||G_loss: 2.1152|R121_loss: 0.2911|R212_loss: 0.2335
2024/08/16 13:38:10: model [INFO] Epoch:   1/  6|Batch: 1974/16927||D_loss: 1.4423|D1_loss: 0.7477|D2_loss: 0.6946||G_loss: 1.9183|R121_loss: 0.2467|R212_loss: 0.1781
2024/08/16 13:38:10: model [INFO] Epoch:   1/  6|Batch: 1979/16927||D_loss: 1.4506|D1_loss: 0.7473|D2_loss: 0.7033||G_loss: 2.0331|R121_loss: 0.3128|R212_loss: 0.2128
2024/08/16 13:38:10: model [INFO] Epoch:   1/  6|Batch: 1984/16927||D_loss: 1.4056|D1_loss: 0.7401|D2_loss: 0.6655||G_loss: 1.9126|R121_loss: 0.2494|R212_loss: 0.1771
2024/08/16 13:38:10: model [INFO] Epoch:   1/  6|Batch: 1989/16927||D_loss: 1.2548|D1_loss: 0.6960|D2_loss: 0.5589||G_loss: 2.0613|R121_loss: 0.2718|R212_loss: 0.2555
2024/08/16 13:38:10: model [INFO] Epoch:   1/  6|Batch: 1994/16927||D_loss: 1.3381|D1_loss: 0.6901|D2_loss: 0.6479||G_loss: 2.0095|R121_loss: 0.2531|R212_loss: 0.1858
2024/08/16 13:38:10: model [INFO] Epoch:   1/  6|Batch: 1999/16927||D_loss: 1.3021|D1_loss: 0.7199|D2_loss: 0.5822||G_loss: 2.0030|R121_loss: 0.2451|R212_loss: 0.2257
2024/08/16 13:38:10: model [INFO] Epoch:   1/  6|Batch: 2004/16927||D_loss: 1.3435|D1_loss: 0.7038|D2_loss: 0.6397||G_loss: 2.0550|R121_loss: 0.2353|R212_loss: 0.2921
2024/08/16 13:38:10: model [INFO] Epoch:   1/  6|Batch: 2009/16927||D_loss: 1.2636|D1_loss: 0.6976|D2_loss: 0.5659||G_loss: 2.1666|R121_loss: 0.3135|R212_loss: 0.2704
2024/08/16 13:38:10: model [INFO] Epoch:   1/  6|Batch: 2014/16927||D_loss: 1.4364|D1_loss: 0.7033|D2_loss: 0.7331||G_loss: 1.9546|R121_loss: 0.2411|R212_loss: 0.2004
2024/08/16 13:38:10: model [INFO] Epoch:   1/  6|Batch: 2019/16927||D_loss: 1.4710|D1_loss: 0.6977|D2_loss: 0.7733||G_loss: 2.1363|R121_loss: 0.2620|R212_loss: 0.2988
2024/08/16 13:38:10: model [INFO] Epoch:   1/  6|Batch: 2024/16927||D_loss: 1.2885|D1_loss: 0.6938|D2_loss: 0.5947||G_loss: 2.0390|R121_loss: 0.2554|R212_loss: 0.2431
2024/08/16 13:38:10: model [INFO] Epoch:   1/  6|Batch: 2029/16927||D_loss: 1.3341|D1_loss: 0.7298|D2_loss: 0.6043||G_loss: 2.0401|R121_loss: 0.2532|R212_loss: 0.2286
2024/08/16 13:38:10: model [INFO] Epoch:   1/  6|Batch: 2034/16927||D_loss: 1.2670|D1_loss: 0.6942|D2_loss: 0.5729||G_loss: 2.0371|R121_loss: 0.2632|R212_loss: 0.2835
2024/08/16 13:38:10: model [INFO] Epoch:   1/  6|Batch: 2039/16927||D_loss: 1.4107|D1_loss: 0.6872|D2_loss: 0.7236||G_loss: 2.0110|R121_loss: 0.2203|R212_loss: 0.2828
2024/08/16 13:38:10: model [INFO] Epoch:   1/  6|Batch: 2044/16927||D_loss: 1.3240|D1_loss: 0.6910|D2_loss: 0.6330||G_loss: 2.0184|R121_loss: 0.2500|R212_loss: 0.2403
2024/08/16 13:38:10: model [INFO] Epoch:   1/  6|Batch: 2049/16927||D_loss: 1.4113|D1_loss: 0.7343|D2_loss: 0.6770||G_loss: 1.9271|R121_loss: 0.2633|R212_loss: 0.1870
2024/08/16 13:38:10: model [INFO] Epoch:   1/  6|Batch: 2054/16927||D_loss: 1.3849|D1_loss: 0.7278|D2_loss: 0.6570||G_loss: 1.8917|R121_loss: 0.2372|R212_loss: 0.1931
2024/08/16 13:38:10: model [INFO] Epoch:   1/  6|Batch: 2059/16927||D_loss: 1.3299|D1_loss: 0.6880|D2_loss: 0.6420||G_loss: 2.0258|R121_loss: 0.2299|R212_loss: 0.2495
2024/08/16 13:38:10: model [INFO] Epoch:   1/  6|Batch: 2064/16927||D_loss: 1.2968|D1_loss: 0.7228|D2_loss: 0.5740||G_loss: 2.1039|R121_loss: 0.2943|R212_loss: 0.2362
2024/08/16 13:38:10: model [INFO] Epoch:   1/  6|Batch: 2069/16927||D_loss: 1.3251|D1_loss: 0.6829|D2_loss: 0.6422||G_loss: 1.9925|R121_loss: 0.2514|R212_loss: 0.1814
2024/08/16 13:38:10: model [INFO] Epoch:   1/  6|Batch: 2074/16927||D_loss: 1.3205|D1_loss: 0.6736|D2_loss: 0.6469||G_loss: 2.0694|R121_loss: 0.2651|R212_loss: 0.1988
2024/08/16 13:38:10: model [INFO] Epoch:   1/  6|Batch: 2079/16927||D_loss: 1.2935|D1_loss: 0.6448|D2_loss: 0.6487||G_loss: 2.0597|R121_loss: 0.2451|R212_loss: 0.1866
2024/08/16 13:38:10: model [INFO] Epoch:   1/  6|Batch: 2084/16927||D_loss: 1.3615|D1_loss: 0.6647|D2_loss: 0.6968||G_loss: 2.1078|R121_loss: 0.2748|R212_loss: 0.1930
2024/08/16 13:38:10: model [INFO] Epoch:   1/  6|Batch: 2089/16927||D_loss: 1.3085|D1_loss: 0.6863|D2_loss: 0.6221||G_loss: 2.1145|R121_loss: 0.2636|R212_loss: 0.1938
2024/08/16 13:38:10: model [INFO] Epoch:   1/  6|Batch: 2094/16927||D_loss: 1.3005|D1_loss: 0.7001|D2_loss: 0.6004||G_loss: 2.0129|R121_loss: 0.2109|R212_loss: 0.2307
2024/08/16 13:38:10: model [INFO] Epoch:   1/  6|Batch: 2099/16927||D_loss: 1.3073|D1_loss: 0.6634|D2_loss: 0.6439||G_loss: 2.0567|R121_loss: 0.2388|R212_loss: 0.2192
2024/08/16 13:38:10: model [INFO] Epoch:   1/  6|Batch: 2104/16927||D_loss: 1.3813|D1_loss: 0.6802|D2_loss: 0.7011||G_loss: 2.0668|R121_loss: 0.2281|R212_loss: 0.2789
2024/08/16 13:38:10: model [INFO] Epoch:   1/  6|Batch: 2109/16927||D_loss: 1.3910|D1_loss: 0.7111|D2_loss: 0.6799||G_loss: 1.9760|R121_loss: 0.2553|R212_loss: 0.1936
2024/08/16 13:38:10: model [INFO] Epoch:   1/  6|Batch: 2114/16927||D_loss: 1.3276|D1_loss: 0.7120|D2_loss: 0.6157||G_loss: 2.0476|R121_loss: 0.2618|R212_loss: 0.2594
2024/08/16 13:38:10: model [INFO] Epoch:   1/  6|Batch: 2119/16927||D_loss: 1.4280|D1_loss: 0.6702|D2_loss: 0.7578||G_loss: 2.0846|R121_loss: 0.2356|R212_loss: 0.3313
2024/08/16 13:38:10: model [INFO] Epoch:   1/  6|Batch: 2124/16927||D_loss: 1.3743|D1_loss: 0.6702|D2_loss: 0.7040||G_loss: 2.0892|R121_loss: 0.2734|R212_loss: 0.2771
2024/08/16 13:38:10: model [INFO] Epoch:   1/  6|Batch: 2129/16927||D_loss: 1.3425|D1_loss: 0.6721|D2_loss: 0.6704||G_loss: 1.9474|R121_loss: 0.2234|R212_loss: 0.1930
2024/08/16 13:38:10: model [INFO] Epoch:   1/  6|Batch: 2134/16927||D_loss: 1.3187|D1_loss: 0.6859|D2_loss: 0.6328||G_loss: 2.0478|R121_loss: 0.2368|R212_loss: 0.2701
2024/08/16 13:38:10: model [INFO] Epoch:   1/  6|Batch: 2139/16927||D_loss: 1.3624|D1_loss: 0.7087|D2_loss: 0.6536||G_loss: 2.0215|R121_loss: 0.2485|R212_loss: 0.2058
2024/08/16 13:38:10: model [INFO] Epoch:   1/  6|Batch: 2144/16927||D_loss: 1.3516|D1_loss: 0.6743|D2_loss: 0.6773||G_loss: 1.9827|R121_loss: 0.2444|R212_loss: 0.1976
2024/08/16 13:38:11: model [INFO] Epoch:   1/  6|Batch: 2149/16927||D_loss: 1.3235|D1_loss: 0.6513|D2_loss: 0.6722||G_loss: 2.2136|R121_loss: 0.2478|R212_loss: 0.3442
2024/08/16 13:38:11: model [INFO] Epoch:   1/  6|Batch: 2154/16927||D_loss: 1.3310|D1_loss: 0.6941|D2_loss: 0.6368||G_loss: 2.1232|R121_loss: 0.2405|R212_loss: 0.2540
2024/08/16 13:38:11: model [INFO] Epoch:   1/  6|Batch: 2159/16927||D_loss: 1.3995|D1_loss: 0.7131|D2_loss: 0.6864||G_loss: 1.9801|R121_loss: 0.2473|R212_loss: 0.1995
2024/08/16 13:38:11: model [INFO] Epoch:   1/  6|Batch: 2164/16927||D_loss: 1.3635|D1_loss: 0.7111|D2_loss: 0.6524||G_loss: 2.0491|R121_loss: 0.2517|R212_loss: 0.2698
2024/08/16 13:38:11: model [INFO] Epoch:   1/  6|Batch: 2169/16927||D_loss: 1.3467|D1_loss: 0.6922|D2_loss: 0.6545||G_loss: 1.9948|R121_loss: 0.2640|R212_loss: 0.2054
2024/08/16 13:38:11: model [INFO] Epoch:   1/  6|Batch: 2174/16927||D_loss: 1.3075|D1_loss: 0.6976|D2_loss: 0.6099||G_loss: 2.0446|R121_loss: 0.2746|R212_loss: 0.1882
2024/08/16 13:38:11: model [INFO] Epoch:   1/  6|Batch: 2179/16927||D_loss: 1.4429|D1_loss: 0.7281|D2_loss: 0.7148||G_loss: 2.1636|R121_loss: 0.2949|R212_loss: 0.3120
2024/08/16 13:38:11: model [INFO] Epoch:   1/  6|Batch: 2184/16927||D_loss: 1.3738|D1_loss: 0.7050|D2_loss: 0.6687||G_loss: 1.9676|R121_loss: 0.2125|R212_loss: 0.2319
2024/08/16 13:38:11: model [INFO] Epoch:   1/  6|Batch: 2189/16927||D_loss: 1.3860|D1_loss: 0.7284|D2_loss: 0.6576||G_loss: 2.0271|R121_loss: 0.2282|R212_loss: 0.2318
2024/08/16 13:38:11: model [INFO] Epoch:   1/  6|Batch: 2194/16927||D_loss: 1.3205|D1_loss: 0.6893|D2_loss: 0.6312||G_loss: 2.2560|R121_loss: 0.2952|R212_loss: 0.2899
2024/08/16 13:38:11: model [INFO] Epoch:   1/  6|Batch: 2199/16927||D_loss: 1.3460|D1_loss: 0.7097|D2_loss: 0.6363||G_loss: 2.0948|R121_loss: 0.2435|R212_loss: 0.3099
2024/08/16 13:38:11: model [INFO] Epoch:   1/  6|Batch: 2204/16927||D_loss: 1.3095|D1_loss: 0.6879|D2_loss: 0.6216||G_loss: 2.0923|R121_loss: 0.2417|R212_loss: 0.2452
2024/08/16 13:38:11: model [INFO] Epoch:   1/  6|Batch: 2209/16927||D_loss: 1.3147|D1_loss: 0.6980|D2_loss: 0.6166||G_loss: 2.0851|R121_loss: 0.2907|R212_loss: 0.1779
2024/08/16 13:38:11: model [INFO] Epoch:   1/  6|Batch: 2214/16927||D_loss: 1.3196|D1_loss: 0.6854|D2_loss: 0.6342||G_loss: 2.0081|R121_loss: 0.2316|R212_loss: 0.1808
2024/08/16 13:38:11: model [INFO] Epoch:   1/  6|Batch: 2219/16927||D_loss: 1.3114|D1_loss: 0.6711|D2_loss: 0.6402||G_loss: 2.0338|R121_loss: 0.2427|R212_loss: 0.1955
2024/08/16 13:38:11: model [INFO] Epoch:   1/  6|Batch: 2224/16927||D_loss: 1.4045|D1_loss: 0.7000|D2_loss: 0.7046||G_loss: 2.0451|R121_loss: 0.2169|R212_loss: 0.2447
2024/08/16 13:38:11: model [INFO] Epoch:   1/  6|Batch: 2229/16927||D_loss: 1.4107|D1_loss: 0.6959|D2_loss: 0.7148||G_loss: 2.1156|R121_loss: 0.2713|R212_loss: 0.2371
2024/08/16 13:38:11: model [INFO] Epoch:   1/  6|Batch: 2234/16927||D_loss: 1.3502|D1_loss: 0.7255|D2_loss: 0.6247||G_loss: 2.1441|R121_loss: 0.2911|R212_loss: 0.2598
2024/08/16 13:38:11: model [INFO] Epoch:   1/  6|Batch: 2239/16927||D_loss: 1.4301|D1_loss: 0.7651|D2_loss: 0.6650||G_loss: 2.1200|R121_loss: 0.3349|R212_loss: 0.2532
2024/08/16 13:38:11: model [INFO] Epoch:   1/  6|Batch: 2244/16927||D_loss: 1.3898|D1_loss: 0.7334|D2_loss: 0.6564||G_loss: 2.1626|R121_loss: 0.3508|R212_loss: 0.2319
2024/08/16 13:38:11: model [INFO] Epoch:   1/  6|Batch: 2249/16927||D_loss: 1.3416|D1_loss: 0.6793|D2_loss: 0.6623||G_loss: 1.9487|R121_loss: 0.2154|R212_loss: 0.2371
2024/08/16 13:38:11: model [INFO] Epoch:   1/  6|Batch: 2254/16927||D_loss: 1.3821|D1_loss: 0.6597|D2_loss: 0.7225||G_loss: 2.0871|R121_loss: 0.2578|R212_loss: 0.2587
2024/08/16 13:38:11: model [INFO] Epoch:   1/  6|Batch: 2259/16927||D_loss: 1.3646|D1_loss: 0.6982|D2_loss: 0.6664||G_loss: 2.0688|R121_loss: 0.2521|R212_loss: 0.2425
2024/08/16 13:38:11: model [INFO] Epoch:   1/  6|Batch: 2264/16927||D_loss: 1.4285|D1_loss: 0.6923|D2_loss: 0.7363||G_loss: 2.0699|R121_loss: 0.2413|R212_loss: 0.2723
2024/08/16 13:38:11: model [INFO] Epoch:   1/  6|Batch: 2269/16927||D_loss: 1.4235|D1_loss: 0.6746|D2_loss: 0.7489||G_loss: 2.0921|R121_loss: 0.2435|R212_loss: 0.2982
2024/08/16 13:38:11: model [INFO] Epoch:   1/  6|Batch: 2274/16927||D_loss: 1.3037|D1_loss: 0.6779|D2_loss: 0.6257||G_loss: 2.1454|R121_loss: 0.2722|R212_loss: 0.2541
2024/08/16 13:38:11: model [INFO] Epoch:   1/  6|Batch: 2279/16927||D_loss: 1.3181|D1_loss: 0.7233|D2_loss: 0.5948||G_loss: 2.1302|R121_loss: 0.2908|R212_loss: 0.2755
2024/08/16 13:38:11: model [INFO] Epoch:   1/  6|Batch: 2284/16927||D_loss: 1.3014|D1_loss: 0.7064|D2_loss: 0.5950||G_loss: 2.1602|R121_loss: 0.2854|R212_loss: 0.2235
2024/08/16 13:38:11: model [INFO] Epoch:   1/  6|Batch: 2289/16927||D_loss: 1.3972|D1_loss: 0.7167|D2_loss: 0.6805||G_loss: 2.2405|R121_loss: 0.3196|R212_loss: 0.3040
2024/08/16 13:38:11: model [INFO] Epoch:   1/  6|Batch: 2294/16927||D_loss: 1.3349|D1_loss: 0.6998|D2_loss: 0.6351||G_loss: 1.9377|R121_loss: 0.2424|R212_loss: 0.1790
2024/08/16 13:38:11: model [INFO] Epoch:   1/  6|Batch: 2299/16927||D_loss: 1.3720|D1_loss: 0.7032|D2_loss: 0.6688||G_loss: 2.0623|R121_loss: 0.2600|R212_loss: 0.1867
2024/08/16 13:38:11: model [INFO] Epoch:   1/  6|Batch: 2304/16927||D_loss: 1.3809|D1_loss: 0.7077|D2_loss: 0.6732||G_loss: 2.0313|R121_loss: 0.2823|R212_loss: 0.1774
2024/08/16 13:38:11: model [INFO] Epoch:   1/  6|Batch: 2309/16927||D_loss: 1.3756|D1_loss: 0.7077|D2_loss: 0.6679||G_loss: 2.0489|R121_loss: 0.2436|R212_loss: 0.1886
2024/08/16 13:38:11: model [INFO] Epoch:   1/  6|Batch: 2314/16927||D_loss: 1.3702|D1_loss: 0.7106|D2_loss: 0.6596||G_loss: 1.9644|R121_loss: 0.2314|R212_loss: 0.1781
2024/08/16 13:38:11: model [INFO] Epoch:   1/  6|Batch: 2319/16927||D_loss: 1.3248|D1_loss: 0.7099|D2_loss: 0.6149||G_loss: 2.1537|R121_loss: 0.2877|R212_loss: 0.2356
2024/08/16 13:38:11: model [INFO] Epoch:   1/  6|Batch: 2324/16927||D_loss: 1.3206|D1_loss: 0.7147|D2_loss: 0.6059||G_loss: 2.1423|R121_loss: 0.2852|R212_loss: 0.2540
2024/08/16 13:38:12: model [INFO] Epoch:   1/  6|Batch: 2329/16927||D_loss: 1.4305|D1_loss: 0.7021|D2_loss: 0.7283||G_loss: 2.1224|R121_loss: 0.2444|R212_loss: 0.2989
2024/08/16 13:38:12: model [INFO] Epoch:   1/  6|Batch: 2334/16927||D_loss: 1.3970|D1_loss: 0.7100|D2_loss: 0.6870||G_loss: 2.0875|R121_loss: 0.3110|R212_loss: 0.1823
2024/08/16 13:38:12: model [INFO] Epoch:   1/  6|Batch: 2339/16927||D_loss: 1.3262|D1_loss: 0.7070|D2_loss: 0.6192||G_loss: 2.2217|R121_loss: 0.3188|R212_loss: 0.2313
2024/08/16 13:38:12: model [INFO] Epoch:   1/  6|Batch: 2344/16927||D_loss: 1.3849|D1_loss: 0.6951|D2_loss: 0.6898||G_loss: 2.2182|R121_loss: 0.2950|R212_loss: 0.2807
2024/08/16 13:38:12: model [INFO] Epoch:   1/  6|Batch: 2349/16927||D_loss: 1.3580|D1_loss: 0.7091|D2_loss: 0.6488||G_loss: 2.0263|R121_loss: 0.2706|R212_loss: 0.1743
2024/08/16 13:38:12: model [INFO] Epoch:   1/  6|Batch: 2354/16927||D_loss: 1.3624|D1_loss: 0.7195|D2_loss: 0.6429||G_loss: 2.1509|R121_loss: 0.2463|R212_loss: 0.2502
2024/08/16 13:38:12: model [INFO] Epoch:   1/  6|Batch: 2359/16927||D_loss: 1.3970|D1_loss: 0.7477|D2_loss: 0.6493||G_loss: 2.0497|R121_loss: 0.2683|R212_loss: 0.1805
2024/08/16 13:38:12: model [INFO] Epoch:   1/  6|Batch: 2364/16927||D_loss: 1.4527|D1_loss: 0.7094|D2_loss: 0.7433||G_loss: 2.0954|R121_loss: 0.2119|R212_loss: 0.3265
2024/08/16 13:38:12: model [INFO] Epoch:   1/  6|Batch: 2369/16927||D_loss: 1.3991|D1_loss: 0.7135|D2_loss: 0.6856||G_loss: 1.9648|R121_loss: 0.2349|R212_loss: 0.1963
2024/08/16 13:38:12: model [INFO] Epoch:   1/  6|Batch: 2374/16927||D_loss: 1.3040|D1_loss: 0.6837|D2_loss: 0.6203||G_loss: 2.1608|R121_loss: 0.2748|R212_loss: 0.2525
2024/08/16 13:38:12: model [INFO] Epoch:   1/  6|Batch: 2379/16927||D_loss: 1.3456|D1_loss: 0.7158|D2_loss: 0.6298||G_loss: 2.2180|R121_loss: 0.3004|R212_loss: 0.2470
2024/08/16 13:38:12: model [INFO] Epoch:   1/  6|Batch: 2384/16927||D_loss: 1.3896|D1_loss: 0.6792|D2_loss: 0.7104||G_loss: 2.1048|R121_loss: 0.2449|R212_loss: 0.2533
2024/08/16 13:38:12: model [INFO] Epoch:   1/  6|Batch: 2389/16927||D_loss: 1.4147|D1_loss: 0.7047|D2_loss: 0.7100||G_loss: 2.0160|R121_loss: 0.2217|R212_loss: 0.2637
2024/08/16 13:38:12: model [INFO] Epoch:   1/  6|Batch: 2394/16927||D_loss: 1.4094|D1_loss: 0.7261|D2_loss: 0.6833||G_loss: 2.1114|R121_loss: 0.2227|R212_loss: 0.3083
2024/08/16 13:38:12: model [INFO] Epoch:   1/  6|Batch: 2399/16927||D_loss: 1.3348|D1_loss: 0.7047|D2_loss: 0.6300||G_loss: 2.1701|R121_loss: 0.2430|R212_loss: 0.3192
2024/08/16 13:38:12: model [INFO] Epoch:   1/  6|Batch: 2404/16927||D_loss: 1.3867|D1_loss: 0.7052|D2_loss: 0.6815||G_loss: 1.9981|R121_loss: 0.2251|R212_loss: 0.1799
2024/08/16 13:38:12: model [INFO] Epoch:   1/  6|Batch: 2409/16927||D_loss: 1.3406|D1_loss: 0.6955|D2_loss: 0.6452||G_loss: 2.0803|R121_loss: 0.2204|R212_loss: 0.2240
2024/08/16 13:38:12: model [INFO] Epoch:   1/  6|Batch: 2414/16927||D_loss: 1.3713|D1_loss: 0.7289|D2_loss: 0.6424||G_loss: 2.0963|R121_loss: 0.2615|R212_loss: 0.1888
2024/08/16 13:38:12: model [INFO] Epoch:   1/  6|Batch: 2419/16927||D_loss: 1.4002|D1_loss: 0.7116|D2_loss: 0.6886||G_loss: 2.0157|R121_loss: 0.2246|R212_loss: 0.1827
2024/08/16 13:38:12: model [INFO] Epoch:   1/  6|Batch: 2424/16927||D_loss: 1.3079|D1_loss: 0.6935|D2_loss: 0.6144||G_loss: 2.1002|R121_loss: 0.2145|R212_loss: 0.2485
2024/08/16 13:38:12: model [INFO] Epoch:   1/  6|Batch: 2429/16927||D_loss: 1.3796|D1_loss: 0.6817|D2_loss: 0.6979||G_loss: 2.0417|R121_loss: 0.2410|R212_loss: 0.1957
2024/08/16 13:38:12: model [INFO] Epoch:   1/  6|Batch: 2434/16927||D_loss: 1.3244|D1_loss: 0.7041|D2_loss: 0.6202||G_loss: 2.1609|R121_loss: 0.2168|R212_loss: 0.2468
2024/08/16 13:38:12: model [INFO] Epoch:   1/  6|Batch: 2439/16927||D_loss: 1.3525|D1_loss: 0.7070|D2_loss: 0.6454||G_loss: 2.1229|R121_loss: 0.2819|R212_loss: 0.1827
2024/08/16 13:38:12: model [INFO] Epoch:   1/  6|Batch: 2444/16927||D_loss: 1.3308|D1_loss: 0.7122|D2_loss: 0.6186||G_loss: 2.1221|R121_loss: 0.2265|R212_loss: 0.2399
2024/08/16 13:38:12: model [INFO] Epoch:   1/  6|Batch: 2449/16927||D_loss: 1.3435|D1_loss: 0.6938|D2_loss: 0.6498||G_loss: 2.2038|R121_loss: 0.2885|R212_loss: 0.2475
2024/08/16 13:38:12: model [INFO] Epoch:   1/  6|Batch: 2454/16927||D_loss: 1.4551|D1_loss: 0.6938|D2_loss: 0.7613||G_loss: 2.2273|R121_loss: 0.2748|R212_loss: 0.3279
2024/08/16 13:38:12: model [INFO] Epoch:   1/  6|Batch: 2459/16927||D_loss: 1.3195|D1_loss: 0.7220|D2_loss: 0.5976||G_loss: 2.1398|R121_loss: 0.2481|R212_loss: 0.2492
2024/08/16 13:38:12: model [INFO] Epoch:   1/  6|Batch: 2464/16927||D_loss: 1.3378|D1_loss: 0.7082|D2_loss: 0.6296||G_loss: 2.0945|R121_loss: 0.3148|R212_loss: 0.2364
2024/08/16 13:38:12: model [INFO] Epoch:   1/  6|Batch: 2469/16927||D_loss: 1.3385|D1_loss: 0.6998|D2_loss: 0.6387||G_loss: 1.9941|R121_loss: 0.2239|R212_loss: 0.2477
2024/08/16 13:38:12: model [INFO] Epoch:   1/  6|Batch: 2474/16927||D_loss: 1.4315|D1_loss: 0.7246|D2_loss: 0.7069||G_loss: 2.1769|R121_loss: 0.3253|R212_loss: 0.2677
2024/08/16 13:38:12: model [INFO] Epoch:   1/  6|Batch: 2479/16927||D_loss: 1.3864|D1_loss: 0.7057|D2_loss: 0.6807||G_loss: 2.0823|R121_loss: 0.2307|R212_loss: 0.2699
2024/08/16 13:38:12: model [INFO] Epoch:   1/  6|Batch: 2484/16927||D_loss: 1.3826|D1_loss: 0.6866|D2_loss: 0.6960||G_loss: 2.3540|R121_loss: 0.3117|R212_loss: 0.3069
2024/08/16 13:38:12: model [INFO] Epoch:   1/  6|Batch: 2489/16927||D_loss: 1.3226|D1_loss: 0.7046|D2_loss: 0.6179||G_loss: 2.1733|R121_loss: 0.2485|R212_loss: 0.2473
2024/08/16 13:38:12: model [INFO] Epoch:   1/  6|Batch: 2494/16927||D_loss: 1.3324|D1_loss: 0.6996|D2_loss: 0.6328||G_loss: 2.1801|R121_loss: 0.2478|R212_loss: 0.2307
2024/08/16 13:38:12: model [INFO] Epoch:   1/  6|Batch: 2499/16927||D_loss: 1.3487|D1_loss: 0.7076|D2_loss: 0.6411||G_loss: 2.0397|R121_loss: 0.2662|R212_loss: 0.1850
2024/08/16 13:38:12: model [INFO] Epoch:   1/  6|Batch: 2504/16927||D_loss: 1.3270|D1_loss: 0.6897|D2_loss: 0.6373||G_loss: 2.0977|R121_loss: 0.2431|R212_loss: 0.2271
2024/08/16 13:38:12: model [INFO] Epoch:   1/  6|Batch: 2509/16927||D_loss: 1.3538|D1_loss: 0.7065|D2_loss: 0.6474||G_loss: 2.0740|R121_loss: 0.2394|R212_loss: 0.2237
2024/08/16 13:38:13: model [INFO] Epoch:   1/  6|Batch: 2514/16927||D_loss: 1.4194|D1_loss: 0.7390|D2_loss: 0.6804||G_loss: 2.0853|R121_loss: 0.3342|R212_loss: 0.1750
2024/08/16 13:38:13: model [INFO] Epoch:   1/  6|Batch: 2519/16927||D_loss: 1.4289|D1_loss: 0.7351|D2_loss: 0.6938||G_loss: 1.9180|R121_loss: 0.2174|R212_loss: 0.1831
2024/08/16 13:38:13: model [INFO] Epoch:   1/  6|Batch: 2524/16927||D_loss: 1.4192|D1_loss: 0.7019|D2_loss: 0.7174||G_loss: 2.0167|R121_loss: 0.2616|R212_loss: 0.1894
2024/08/16 13:38:13: model [INFO] Epoch:   1/  6|Batch: 2529/16927||D_loss: 1.4156|D1_loss: 0.7348|D2_loss: 0.6808||G_loss: 2.1989|R121_loss: 0.3113|R212_loss: 0.2356
2024/08/16 13:38:13: model [INFO] Epoch:   1/  6|Batch: 2534/16927||D_loss: 1.4100|D1_loss: 0.7263|D2_loss: 0.6837||G_loss: 2.0549|R121_loss: 0.2488|R212_loss: 0.1826
2024/08/16 13:38:13: model [INFO] Epoch:   1/  6|Batch: 2539/16927||D_loss: 1.3814|D1_loss: 0.7489|D2_loss: 0.6324||G_loss: 2.0886|R121_loss: 0.2817|R212_loss: 0.1797
2024/08/16 13:38:13: model [INFO] Epoch:   1/  6|Batch: 2544/16927||D_loss: 1.3432|D1_loss: 0.7227|D2_loss: 0.6205||G_loss: 2.1993|R121_loss: 0.2717|R212_loss: 0.2501
2024/08/16 13:38:13: model [INFO] Epoch:   1/  6|Batch: 2549/16927||D_loss: 1.3746|D1_loss: 0.6735|D2_loss: 0.7011||G_loss: 2.1620|R121_loss: 0.2514|R212_loss: 0.2458
2024/08/16 13:38:13: model [INFO] Epoch:   1/  6|Batch: 2554/16927||D_loss: 1.2832|D1_loss: 0.6824|D2_loss: 0.6008||G_loss: 2.2396|R121_loss: 0.2635|R212_loss: 0.2493
2024/08/16 13:38:13: model [INFO] Epoch:   1/  6|Batch: 2559/16927||D_loss: 1.3995|D1_loss: 0.7294|D2_loss: 0.6701||G_loss: 1.9112|R121_loss: 0.2539|R212_loss: 0.1796
2024/08/16 13:38:13: model [INFO] Epoch:   1/  6|Batch: 2564/16927||D_loss: 1.3981|D1_loss: 0.7182|D2_loss: 0.6799||G_loss: 1.9517|R121_loss: 0.2302|R212_loss: 0.2205
2024/08/16 13:38:13: model [INFO] Epoch:   1/  6|Batch: 2569/16927||D_loss: 1.3463|D1_loss: 0.6988|D2_loss: 0.6474||G_loss: 2.1264|R121_loss: 0.2635|R212_loss: 0.2351
2024/08/16 13:38:13: model [INFO] Epoch:   1/  6|Batch: 2574/16927||D_loss: 1.3448|D1_loss: 0.7177|D2_loss: 0.6271||G_loss: 2.0365|R121_loss: 0.2483|R212_loss: 0.2341
2024/08/16 13:38:13: model [INFO] Epoch:   1/  6|Batch: 2579/16927||D_loss: 1.3362|D1_loss: 0.7222|D2_loss: 0.6141||G_loss: 2.1044|R121_loss: 0.2422|R212_loss: 0.2307
2024/08/16 13:38:13: model [INFO] Epoch:   1/  6|Batch: 2584/16927||D_loss: 1.4500|D1_loss: 0.7500|D2_loss: 0.7001||G_loss: 1.9672|R121_loss: 0.2551|R212_loss: 0.1782
2024/08/16 13:38:13: model [INFO] Epoch:   1/  6|Batch: 2589/16927||D_loss: 1.4510|D1_loss: 0.7272|D2_loss: 0.7238||G_loss: 1.9094|R121_loss: 0.2451|R212_loss: 0.1715
2024/08/16 13:38:13: model [INFO] Epoch:   1/  6|Batch: 2594/16927||D_loss: 1.3719|D1_loss: 0.7109|D2_loss: 0.6610||G_loss: 2.0015|R121_loss: 0.2423|R212_loss: 0.1661
2024/08/16 13:38:13: model [INFO] Epoch:   1/  6|Batch: 2599/16927||D_loss: 1.3003|D1_loss: 0.7149|D2_loss: 0.5854||G_loss: 2.2968|R121_loss: 0.3397|R212_loss: 0.2596
2024/08/16 13:38:13: model [INFO] Epoch:   1/  6|Batch: 2604/16927||D_loss: 1.4520|D1_loss: 0.7641|D2_loss: 0.6880||G_loss: 2.0085|R121_loss: 0.2323|R212_loss: 0.1686
2024/08/16 13:38:13: model [INFO] Epoch:   1/  6|Batch: 2609/16927||D_loss: 1.3668|D1_loss: 0.7212|D2_loss: 0.6455||G_loss: 2.1238|R121_loss: 0.2255|R212_loss: 0.2438
2024/08/16 13:38:13: model [INFO] Epoch:   1/  6|Batch: 2614/16927||D_loss: 1.3549|D1_loss: 0.6899|D2_loss: 0.6651||G_loss: 2.1381|R121_loss: 0.2301|R212_loss: 0.2167
2024/08/16 13:38:13: model [INFO] Epoch:   1/  6|Batch: 2619/16927||D_loss: 1.3368|D1_loss: 0.7200|D2_loss: 0.6168||G_loss: 2.1537|R121_loss: 0.2229|R212_loss: 0.2367
2024/08/16 13:38:13: model [INFO] Epoch:   1/  6|Batch: 2624/16927||D_loss: 1.4766|D1_loss: 0.7397|D2_loss: 0.7369||G_loss: 2.0013|R121_loss: 0.2226|R212_loss: 0.1868
2024/08/16 13:38:13: model [INFO] Epoch:   1/  6|Batch: 2629/16927||D_loss: 1.4769|D1_loss: 0.7279|D2_loss: 0.7489||G_loss: 1.9579|R121_loss: 0.2238|R212_loss: 0.1805
2024/08/16 13:38:13: model [INFO] Epoch:   1/  6|Batch: 2634/16927||D_loss: 1.3535|D1_loss: 0.7179|D2_loss: 0.6356||G_loss: 2.1366|R121_loss: 0.2351|R212_loss: 0.2373
2024/08/16 13:38:13: model [INFO] Epoch:   1/  6|Batch: 2639/16927||D_loss: 1.4519|D1_loss: 0.7512|D2_loss: 0.7008||G_loss: 2.0891|R121_loss: 0.2600|R212_loss: 0.1812
2024/08/16 13:38:13: model [INFO] Epoch:   1/  6|Batch: 2644/16927||D_loss: 1.4608|D1_loss: 0.7316|D2_loss: 0.7292||G_loss: 1.9556|R121_loss: 0.2329|R212_loss: 0.1800
2024/08/16 13:38:13: model [INFO] Epoch:   1/  6|Batch: 2649/16927||D_loss: 1.3213|D1_loss: 0.7169|D2_loss: 0.6044||G_loss: 2.1843|R121_loss: 0.2626|R212_loss: 0.2290
2024/08/16 13:38:13: model [INFO] Epoch:   1/  6|Batch: 2654/16927||D_loss: 1.4272|D1_loss: 0.7349|D2_loss: 0.6923||G_loss: 1.9743|R121_loss: 0.2417|R212_loss: 0.1727
2024/08/16 13:38:13: model [INFO] Epoch:   1/  6|Batch: 2659/16927||D_loss: 1.3466|D1_loss: 0.7099|D2_loss: 0.6367||G_loss: 2.1343|R121_loss: 0.2647|R212_loss: 0.2266
2024/08/16 13:38:13: model [INFO] Epoch:   1/  6|Batch: 2664/16927||D_loss: 1.4846|D1_loss: 0.7050|D2_loss: 0.7795||G_loss: 2.2234|R121_loss: 0.2342|R212_loss: 0.3186
2024/08/16 13:38:13: model [INFO] Epoch:   1/  6|Batch: 2669/16927||D_loss: 1.3745|D1_loss: 0.7284|D2_loss: 0.6461||G_loss: 2.1387|R121_loss: 0.2808|R212_loss: 0.2404
2024/08/16 13:38:13: model [INFO] Epoch:   1/  6|Batch: 2674/16927||D_loss: 1.4246|D1_loss: 0.7444|D2_loss: 0.6803||G_loss: 2.1200|R121_loss: 0.2988|R212_loss: 0.1662
2024/08/16 13:38:13: model [INFO] Epoch:   1/  6|Batch: 2679/16927||D_loss: 1.2907|D1_loss: 0.6693|D2_loss: 0.6214||G_loss: 2.2633|R121_loss: 0.2446|R212_loss: 0.2100
2024/08/16 13:38:13: model [INFO] Epoch:   1/  6|Batch: 2684/16927||D_loss: 1.4155|D1_loss: 0.7482|D2_loss: 0.6673||G_loss: 2.0202|R121_loss: 0.2674|R212_loss: 0.1685
2024/08/16 13:38:13: model [INFO] Epoch:   1/  6|Batch: 2689/16927||D_loss: 1.4079|D1_loss: 0.7025|D2_loss: 0.7054||G_loss: 2.2639|R121_loss: 0.2773|R212_loss: 0.2615
2024/08/16 13:38:13: model [INFO] Epoch:   1/  6|Batch: 2694/16927||D_loss: 1.3193|D1_loss: 0.6961|D2_loss: 0.6232||G_loss: 2.3049|R121_loss: 0.3238|R212_loss: 0.2269
2024/08/16 13:38:14: model [INFO] Epoch:   1/  6|Batch: 2699/16927||D_loss: 1.3572|D1_loss: 0.6826|D2_loss: 0.6747||G_loss: 2.0770|R121_loss: 0.2349|R212_loss: 0.2321
2024/08/16 13:38:14: model [INFO] Epoch:   1/  6|Batch: 2704/16927||D_loss: 1.4325|D1_loss: 0.6854|D2_loss: 0.7471||G_loss: 2.1959|R121_loss: 0.2513|R212_loss: 0.3321
2024/08/16 13:38:14: model [INFO] Epoch:   1/  6|Batch: 2709/16927||D_loss: 1.3457|D1_loss: 0.6985|D2_loss: 0.6472||G_loss: 2.0861|R121_loss: 0.2340|R212_loss: 0.2547
2024/08/16 13:38:14: model [INFO] Epoch:   1/  6|Batch: 2714/16927||D_loss: 1.3313|D1_loss: 0.6915|D2_loss: 0.6398||G_loss: 2.1588|R121_loss: 0.2713|R212_loss: 0.2278
2024/08/16 13:38:14: model [INFO] Epoch:   1/  6|Batch: 2719/16927||D_loss: 1.4173|D1_loss: 0.7242|D2_loss: 0.6931||G_loss: 1.9642|R121_loss: 0.2324|R212_loss: 0.2014
2024/08/16 13:38:14: model [INFO] Epoch:   1/  6|Batch: 2724/16927||D_loss: 1.3213|D1_loss: 0.6938|D2_loss: 0.6275||G_loss: 2.1406|R121_loss: 0.2385|R212_loss: 0.2352
2024/08/16 13:38:14: model [INFO] Epoch:   1/  6|Batch: 2729/16927||D_loss: 1.3884|D1_loss: 0.7103|D2_loss: 0.6781||G_loss: 2.0783|R121_loss: 0.2656|R212_loss: 0.1970
2024/08/16 13:38:14: model [INFO] Epoch:   1/  6|Batch: 2734/16927||D_loss: 1.4239|D1_loss: 0.7381|D2_loss: 0.6858||G_loss: 2.0151|R121_loss: 0.2347|R212_loss: 0.1954
2024/08/16 13:38:14: model [INFO] Epoch:   1/  6|Batch: 2739/16927||D_loss: 1.4171|D1_loss: 0.7052|D2_loss: 0.7119||G_loss: 2.2038|R121_loss: 0.2151|R212_loss: 0.3291
2024/08/16 13:38:14: model [INFO] Epoch:   1/  6|Batch: 2744/16927||D_loss: 1.2997|D1_loss: 0.6732|D2_loss: 0.6264||G_loss: 2.2757|R121_loss: 0.2810|R212_loss: 0.2338
2024/08/16 13:38:14: model [INFO] Epoch:   1/  6|Batch: 2749/16927||D_loss: 1.4199|D1_loss: 0.7552|D2_loss: 0.6647||G_loss: 2.0844|R121_loss: 0.2531|R212_loss: 0.2013
2024/08/16 13:38:14: model [INFO] Epoch:   1/  6|Batch: 2754/16927||D_loss: 1.3761|D1_loss: 0.7319|D2_loss: 0.6442||G_loss: 2.2068|R121_loss: 0.2252|R212_loss: 0.2603
2024/08/16 13:38:14: model [INFO] Epoch:   1/  6|Batch: 2759/16927||D_loss: 1.4223|D1_loss: 0.7070|D2_loss: 0.7153||G_loss: 2.1644|R121_loss: 0.2133|R212_loss: 0.2712
2024/08/16 13:38:14: model [INFO] Epoch:   1/  6|Batch: 2764/16927||D_loss: 1.4513|D1_loss: 0.7408|D2_loss: 0.7105||G_loss: 2.1755|R121_loss: 0.2508|R212_loss: 0.3021
2024/08/16 13:38:14: model [INFO] Epoch:   1/  6|Batch: 2769/16927||D_loss: 1.3462|D1_loss: 0.6866|D2_loss: 0.6596||G_loss: 2.2112|R121_loss: 0.2690|R212_loss: 0.2429
2024/08/16 13:38:14: model [INFO] Epoch:   1/  6|Batch: 2774/16927||D_loss: 1.3665|D1_loss: 0.7069|D2_loss: 0.6596||G_loss: 2.1675|R121_loss: 0.2666|R212_loss: 0.2505
2024/08/16 13:38:14: model [INFO] Epoch:   1/  6|Batch: 2779/16927||D_loss: 1.3772|D1_loss: 0.7181|D2_loss: 0.6591||G_loss: 2.0327|R121_loss: 0.2469|R212_loss: 0.2054
2024/08/16 13:38:14: model [INFO] Epoch:   1/  6|Batch: 2784/16927||D_loss: 1.3299|D1_loss: 0.7189|D2_loss: 0.6109||G_loss: 2.1014|R121_loss: 0.2255|R212_loss: 0.2364
2024/08/16 13:38:14: model [INFO] Epoch:   1/  6|Batch: 2789/16927||D_loss: 1.3118|D1_loss: 0.6836|D2_loss: 0.6282||G_loss: 2.1312|R121_loss: 0.2872|R212_loss: 0.2333
2024/08/16 13:38:14: model [INFO] Epoch:   1/  6|Batch: 2794/16927||D_loss: 1.4174|D1_loss: 0.7104|D2_loss: 0.7070||G_loss: 2.1200|R121_loss: 0.2341|R212_loss: 0.3345
2024/08/16 13:38:14: model [INFO] Epoch:   1/  6|Batch: 2799/16927||D_loss: 1.3378|D1_loss: 0.7004|D2_loss: 0.6374||G_loss: 2.0704|R121_loss: 0.2084|R212_loss: 0.2245
2024/08/16 13:38:14: model [INFO] Epoch:   1/  6|Batch: 2804/16927||D_loss: 1.3221|D1_loss: 0.7003|D2_loss: 0.6218||G_loss: 2.1391|R121_loss: 0.2504|R212_loss: 0.2233
2024/08/16 13:38:14: model [INFO] Epoch:   1/  6|Batch: 2809/16927||D_loss: 1.3225|D1_loss: 0.6841|D2_loss: 0.6385||G_loss: 2.1682|R121_loss: 0.2510|R212_loss: 0.2290
2024/08/16 13:38:14: model [INFO] Epoch:   1/  6|Batch: 2814/16927||D_loss: 1.2898|D1_loss: 0.6630|D2_loss: 0.6268||G_loss: 2.1391|R121_loss: 0.2534|R212_loss: 0.2098
2024/08/16 13:38:14: model [INFO] Epoch:   1/  6|Batch: 2819/16927||D_loss: 1.3701|D1_loss: 0.7146|D2_loss: 0.6555||G_loss: 2.0277|R121_loss: 0.2488|R212_loss: 0.1995
2024/08/16 13:38:14: model [INFO] Epoch:   1/  6|Batch: 2824/16927||D_loss: 1.3570|D1_loss: 0.7307|D2_loss: 0.6263||G_loss: 2.1884|R121_loss: 0.2932|R212_loss: 0.2177
2024/08/16 13:38:14: model [INFO] Epoch:   1/  6|Batch: 2829/16927||D_loss: 1.3820|D1_loss: 0.7253|D2_loss: 0.6567||G_loss: 2.0830|R121_loss: 0.2683|R212_loss: 0.2066
2024/08/16 13:38:14: model [INFO] Epoch:   1/  6|Batch: 2834/16927||D_loss: 1.4157|D1_loss: 0.7481|D2_loss: 0.6676||G_loss: 2.0412|R121_loss: 0.2356|R212_loss: 0.2001
2024/08/16 13:38:14: model [INFO] Epoch:   1/  6|Batch: 2839/16927||D_loss: 1.3986|D1_loss: 0.7473|D2_loss: 0.6513||G_loss: 2.1383|R121_loss: 0.2902|R212_loss: 0.1928
2024/08/16 13:38:14: model [INFO] Epoch:   1/  6|Batch: 2844/16927||D_loss: 1.3478|D1_loss: 0.7041|D2_loss: 0.6437||G_loss: 2.1489|R121_loss: 0.2478|R212_loss: 0.1900
2024/08/16 13:38:14: model [INFO] Epoch:   1/  6|Batch: 2849/16927||D_loss: 1.3806|D1_loss: 0.7392|D2_loss: 0.6414||G_loss: 2.3181|R121_loss: 0.2671|R212_loss: 0.2424
2024/08/16 13:38:14: model [INFO] Epoch:   1/  6|Batch: 2854/16927||D_loss: 1.4193|D1_loss: 0.7881|D2_loss: 0.6312||G_loss: 2.2504|R121_loss: 0.2735|R212_loss: 0.2297
2024/08/16 13:38:14: model [INFO] Epoch:   1/  6|Batch: 2859/16927||D_loss: 1.3191|D1_loss: 0.6804|D2_loss: 0.6386||G_loss: 2.1990|R121_loss: 0.2980|R212_loss: 0.2224
2024/08/16 13:38:14: model [INFO] Epoch:   1/  6|Batch: 2864/16927||D_loss: 1.3809|D1_loss: 0.6990|D2_loss: 0.6819||G_loss: 2.0770|R121_loss: 0.2022|R212_loss: 0.2709
2024/08/16 13:38:14: model [INFO] Epoch:   1/  6|Batch: 2869/16927||D_loss: 1.3931|D1_loss: 0.7900|D2_loss: 0.6030||G_loss: 2.3021|R121_loss: 0.3959|R212_loss: 0.2206
2024/08/16 13:38:14: model [INFO] Epoch:   1/  6|Batch: 2874/16927||D_loss: 1.4186|D1_loss: 0.7366|D2_loss: 0.6820||G_loss: 2.2340|R121_loss: 0.2757|R212_loss: 0.2946
2024/08/16 13:38:14: model [INFO] Epoch:   1/  6|Batch: 2879/16927||D_loss: 1.3410|D1_loss: 0.6953|D2_loss: 0.6457||G_loss: 2.1780|R121_loss: 0.2751|R212_loss: 0.2265
2024/08/16 13:38:15: model [INFO] Epoch:   1/  6|Batch: 2884/16927||D_loss: 1.4103|D1_loss: 0.7350|D2_loss: 0.6753||G_loss: 1.9798|R121_loss: 0.2104|R212_loss: 0.1966
2024/08/16 13:38:15: model [INFO] Epoch:   1/  6|Batch: 2889/16927||D_loss: 1.3787|D1_loss: 0.7305|D2_loss: 0.6482||G_loss: 2.1791|R121_loss: 0.2833|R212_loss: 0.2410
2024/08/16 13:38:15: model [INFO] Epoch:   1/  6|Batch: 2894/16927||D_loss: 1.3237|D1_loss: 0.6983|D2_loss: 0.6254||G_loss: 2.1515|R121_loss: 0.2544|R212_loss: 0.2439
2024/08/16 13:38:15: model [INFO] Epoch:   1/  6|Batch: 2899/16927||D_loss: 1.3920|D1_loss: 0.7012|D2_loss: 0.6908||G_loss: 2.0888|R121_loss: 0.2900|R212_loss: 0.1890
2024/08/16 13:38:15: model [INFO] Epoch:   1/  6|Batch: 2904/16927||D_loss: 1.3692|D1_loss: 0.7226|D2_loss: 0.6466||G_loss: 2.0915|R121_loss: 0.2361|R212_loss: 0.2132
2024/08/16 13:38:15: model [INFO] Epoch:   1/  6|Batch: 2909/16927||D_loss: 1.3635|D1_loss: 0.7463|D2_loss: 0.6173||G_loss: 2.1711|R121_loss: 0.2623|R212_loss: 0.2269
2024/08/16 13:38:15: model [INFO] Epoch:   1/  6|Batch: 2914/16927||D_loss: 1.4115|D1_loss: 0.7114|D2_loss: 0.7001||G_loss: 2.0288|R121_loss: 0.2595|R212_loss: 0.1944
2024/08/16 13:38:15: model [INFO] Epoch:   1/  6|Batch: 2919/16927||D_loss: 1.3425|D1_loss: 0.7106|D2_loss: 0.6319||G_loss: 2.0433|R121_loss: 0.1976|R212_loss: 0.2347
2024/08/16 13:38:15: model [INFO] Epoch:   1/  6|Batch: 2924/16927||D_loss: 1.3665|D1_loss: 0.7347|D2_loss: 0.6317||G_loss: 2.0834|R121_loss: 0.2288|R212_loss: 0.2247
2024/08/16 13:38:15: model [INFO] Epoch:   1/  6|Batch: 2929/16927||D_loss: 1.4207|D1_loss: 0.6915|D2_loss: 0.7292||G_loss: 2.3094|R121_loss: 0.2289|R212_loss: 0.4082
2024/08/16 13:38:15: model [INFO] Epoch:   1/  6|Batch: 2934/16927||D_loss: 1.3880|D1_loss: 0.7076|D2_loss: 0.6804||G_loss: 2.0704|R121_loss: 0.2087|R212_loss: 0.1986
2024/08/16 13:38:15: model [INFO] Epoch:   1/  6|Batch: 2939/16927||D_loss: 1.3831|D1_loss: 0.7318|D2_loss: 0.6513||G_loss: 2.0947|R121_loss: 0.2049|R212_loss: 0.2130
2024/08/16 13:38:15: model [INFO] Epoch:   1/  6|Batch: 2944/16927||D_loss: 1.3858|D1_loss: 0.7400|D2_loss: 0.6458||G_loss: 2.1651|R121_loss: 0.2372|R212_loss: 0.2157
2024/08/16 13:38:15: model [INFO] Epoch:   1/  6|Batch: 2949/16927||D_loss: 1.3626|D1_loss: 0.7225|D2_loss: 0.6401||G_loss: 2.2709|R121_loss: 0.2625|R212_loss: 0.2541
2024/08/16 13:38:15: model [INFO] Epoch:   1/  6|Batch: 2954/16927||D_loss: 1.4130|D1_loss: 0.6996|D2_loss: 0.7134||G_loss: 2.0684|R121_loss: 0.1891|R212_loss: 0.2290
2024/08/16 13:38:15: model [INFO] Epoch:   1/  6|Batch: 2959/16927||D_loss: 1.3926|D1_loss: 0.7168|D2_loss: 0.6758||G_loss: 2.0848|R121_loss: 0.2619|R212_loss: 0.1902
2024/08/16 13:38:15: model [INFO] Epoch:   1/  6|Batch: 2964/16927||D_loss: 1.3537|D1_loss: 0.7196|D2_loss: 0.6341||G_loss: 2.1060|R121_loss: 0.2291|R212_loss: 0.2384
2024/08/16 13:38:15: model [INFO] Epoch:   1/  6|Batch: 2969/16927||D_loss: 1.3980|D1_loss: 0.6898|D2_loss: 0.7082||G_loss: 2.2018|R121_loss: 0.2614|R212_loss: 0.2740
2024/08/16 13:38:15: model [INFO] Epoch:   1/  6|Batch: 2974/16927||D_loss: 1.4175|D1_loss: 0.6950|D2_loss: 0.7225||G_loss: 2.2124|R121_loss: 0.2148|R212_loss: 0.3375
2024/08/16 13:38:15: model [INFO] Epoch:   1/  6|Batch: 2979/16927||D_loss: 1.3431|D1_loss: 0.6968|D2_loss: 0.6463||G_loss: 2.2106|R121_loss: 0.2492|R212_loss: 0.2177
2024/08/16 13:38:15: model [INFO] Epoch:   1/  6|Batch: 2984/16927||D_loss: 1.3965|D1_loss: 0.7507|D2_loss: 0.6459||G_loss: 2.1369|R121_loss: 0.2448|R212_loss: 0.2278
2024/08/16 13:38:15: model [INFO] Epoch:   1/  6|Batch: 2989/16927||D_loss: 1.3833|D1_loss: 0.7090|D2_loss: 0.6743||G_loss: 2.0674|R121_loss: 0.2344|R212_loss: 0.1945
2024/08/16 13:38:15: model [INFO] Epoch:   1/  6|Batch: 2994/16927||D_loss: 1.3518|D1_loss: 0.6795|D2_loss: 0.6724||G_loss: 2.0102|R121_loss: 0.2013|R212_loss: 0.1914
2024/08/16 13:38:15: model [INFO] Epoch:   1/  6|Batch: 2999/16927||D_loss: 1.3295|D1_loss: 0.6652|D2_loss: 0.6643||G_loss: 2.1592|R121_loss: 0.2533|R212_loss: 0.2013
2024/08/16 13:38:15: model [INFO] Epoch:   1/  6|Batch: 3004/16927||D_loss: 1.3833|D1_loss: 0.7092|D2_loss: 0.6741||G_loss: 2.1533|R121_loss: 0.2328|R212_loss: 0.2347
2024/08/16 13:38:15: model [INFO] Epoch:   1/  6|Batch: 3009/16927||D_loss: 1.4336|D1_loss: 0.7466|D2_loss: 0.6870||G_loss: 2.1704|R121_loss: 0.3024|R212_loss: 0.2095
2024/08/16 13:38:15: model [INFO] Epoch:   1/  6|Batch: 3014/16927||D_loss: 1.3581|D1_loss: 0.6876|D2_loss: 0.6705||G_loss: 2.1333|R121_loss: 0.2402|R212_loss: 0.1976
2024/08/16 13:38:15: model [INFO] Epoch:   1/  6|Batch: 3019/16927||D_loss: 1.4265|D1_loss: 0.7525|D2_loss: 0.6740||G_loss: 2.0958|R121_loss: 0.2156|R212_loss: 0.2056
2024/08/16 13:38:15: model [INFO] Epoch:   1/  6|Batch: 3024/16927||D_loss: 1.3780|D1_loss: 0.7126|D2_loss: 0.6654||G_loss: 2.1674|R121_loss: 0.2914|R212_loss: 0.1998
2024/08/16 13:38:15: model [INFO] Epoch:   1/  6|Batch: 3029/16927||D_loss: 1.4355|D1_loss: 0.7630|D2_loss: 0.6725||G_loss: 2.1192|R121_loss: 0.2564|R212_loss: 0.2169
2024/08/16 13:38:15: model [INFO] Epoch:   1/  6|Batch: 3034/16927||D_loss: 1.3756|D1_loss: 0.6902|D2_loss: 0.6853||G_loss: 2.2506|R121_loss: 0.2774|R212_loss: 0.2608
2024/08/16 13:38:15: model [INFO] Epoch:   1/  6|Batch: 3039/16927||D_loss: 1.3745|D1_loss: 0.6920|D2_loss: 0.6824||G_loss: 2.0711|R121_loss: 0.2245|R212_loss: 0.2003
2024/08/16 13:38:15: model [INFO] Epoch:   1/  6|Batch: 3044/16927||D_loss: 1.4156|D1_loss: 0.7154|D2_loss: 0.7002||G_loss: 2.0808|R121_loss: 0.2033|R212_loss: 0.2432
2024/08/16 13:38:15: model [INFO] Epoch:   1/  6|Batch: 3049/16927||D_loss: 1.4199|D1_loss: 0.7486|D2_loss: 0.6713||G_loss: 2.0899|R121_loss: 0.2510|R212_loss: 0.2151
2024/08/16 13:38:15: model [INFO] Epoch:   1/  6|Batch: 3054/16927||D_loss: 1.3803|D1_loss: 0.7184|D2_loss: 0.6619||G_loss: 2.0520|R121_loss: 0.2215|R212_loss: 0.2060
2024/08/16 13:38:15: model [INFO] Epoch:   1/  6|Batch: 3059/16927||D_loss: 1.3457|D1_loss: 0.6827|D2_loss: 0.6630||G_loss: 2.1370|R121_loss: 0.2496|R212_loss: 0.2066
2024/08/16 13:38:15: model [INFO] Epoch:   1/  6|Batch: 3064/16927||D_loss: 1.3900|D1_loss: 0.7248|D2_loss: 0.6652||G_loss: 2.2079|R121_loss: 0.3317|R212_loss: 0.2030
2024/08/16 13:38:16: model [INFO] Epoch:   1/  6|Batch: 3069/16927||D_loss: 1.4113|D1_loss: 0.7316|D2_loss: 0.6797||G_loss: 2.0578|R121_loss: 0.2120|R212_loss: 0.2014
2024/08/16 13:38:16: model [INFO] Epoch:   1/  6|Batch: 3074/16927||D_loss: 1.3819|D1_loss: 0.7154|D2_loss: 0.6665||G_loss: 2.0888|R121_loss: 0.2207|R212_loss: 0.1953
2024/08/16 13:38:16: model [INFO] Epoch:   1/  6|Batch: 3079/16927||D_loss: 1.3917|D1_loss: 0.7275|D2_loss: 0.6642||G_loss: 2.1246|R121_loss: 0.2123|R212_loss: 0.1998
2024/08/16 13:38:16: model [INFO] Epoch:   1/  6|Batch: 3084/16927||D_loss: 1.3941|D1_loss: 0.7280|D2_loss: 0.6661||G_loss: 2.2761|R121_loss: 0.2773|R212_loss: 0.2312
2024/08/16 13:38:16: model [INFO] Epoch:   1/  6|Batch: 3089/16927||D_loss: 1.3683|D1_loss: 0.6997|D2_loss: 0.6685||G_loss: 2.0818|R121_loss: 0.2252|R212_loss: 0.1986
2024/08/16 13:38:16: model [INFO] Epoch:   1/  6|Batch: 3094/16927||D_loss: 1.4015|D1_loss: 0.7399|D2_loss: 0.6616||G_loss: 2.1002|R121_loss: 0.2675|R212_loss: 0.1941
2024/08/16 13:38:16: model [INFO] Epoch:   1/  6|Batch: 3099/16927||D_loss: 1.4016|D1_loss: 0.7414|D2_loss: 0.6601||G_loss: 2.1425|R121_loss: 0.2763|R212_loss: 0.2093
2024/08/16 13:38:16: model [INFO] Epoch:   1/  6|Batch: 3104/16927||D_loss: 1.3842|D1_loss: 0.7262|D2_loss: 0.6580||G_loss: 2.1916|R121_loss: 0.2963|R212_loss: 0.2155
2024/08/16 13:38:16: model [INFO] Epoch:   1/  6|Batch: 3109/16927||D_loss: 1.3544|D1_loss: 0.6949|D2_loss: 0.6595||G_loss: 2.2350|R121_loss: 0.2576|R212_loss: 0.2191
2024/08/16 13:38:16: model [INFO] Epoch:   1/  6|Batch: 3114/16927||D_loss: 1.3731|D1_loss: 0.7107|D2_loss: 0.6625||G_loss: 2.1495|R121_loss: 0.2134|R212_loss: 0.2008
2024/08/16 13:38:16: model [INFO] Epoch:   1/  6|Batch: 3119/16927||D_loss: 1.3988|D1_loss: 0.7096|D2_loss: 0.6891||G_loss: 2.2631|R121_loss: 0.2649|R212_loss: 0.2587
2024/08/16 13:38:16: model [INFO] Epoch:   1/  6|Batch: 3124/16927||D_loss: 1.3737|D1_loss: 0.7242|D2_loss: 0.6495||G_loss: 2.2080|R121_loss: 0.2687|R212_loss: 0.2033
2024/08/16 13:38:16: model [INFO] Epoch:   1/  6|Batch: 3129/16927||D_loss: 1.3593|D1_loss: 0.7120|D2_loss: 0.6473||G_loss: 2.1255|R121_loss: 0.2367|R212_loss: 0.2027
2024/08/16 13:38:16: model [INFO] Epoch:   1/  6|Batch: 3134/16927||D_loss: 1.3926|D1_loss: 0.7042|D2_loss: 0.6884||G_loss: 2.1902|R121_loss: 0.2062|R212_loss: 0.3221
2024/08/16 13:38:16: model [INFO] Epoch:   1/  6|Batch: 3139/16927||D_loss: 1.3788|D1_loss: 0.7070|D2_loss: 0.6717||G_loss: 2.1409|R121_loss: 0.2650|R212_loss: 0.2095
2024/08/16 13:38:16: model [INFO] Epoch:   1/  6|Batch: 3144/16927||D_loss: 1.3821|D1_loss: 0.7027|D2_loss: 0.6794||G_loss: 2.0701|R121_loss: 0.2074|R212_loss: 0.2140
2024/08/16 13:38:16: model [INFO] Epoch:   1/  6|Batch: 3149/16927||D_loss: 1.3784|D1_loss: 0.7205|D2_loss: 0.6579||G_loss: 2.1021|R121_loss: 0.2495|R212_loss: 0.2089
2024/08/16 13:38:16: model [INFO] Epoch:   1/  6|Batch: 3154/16927||D_loss: 1.3536|D1_loss: 0.7179|D2_loss: 0.6357||G_loss: 2.1195|R121_loss: 0.2491|R212_loss: 0.1953
2024/08/16 13:38:16: model [INFO] Epoch:   1/  6|Batch: 3159/16927||D_loss: 1.3759|D1_loss: 0.7246|D2_loss: 0.6513||G_loss: 2.0863|R121_loss: 0.2497|R212_loss: 0.2043
2024/08/16 13:38:16: model [INFO] Epoch:   1/  6|Batch: 3164/16927||D_loss: 1.3634|D1_loss: 0.7041|D2_loss: 0.6593||G_loss: 2.1308|R121_loss: 0.2317|R212_loss: 0.2413
2024/08/16 13:38:16: model [INFO] Epoch:   1/  6|Batch: 3169/16927||D_loss: 1.3894|D1_loss: 0.7292|D2_loss: 0.6602||G_loss: 2.1147|R121_loss: 0.2482|R212_loss: 0.2013
2024/08/16 13:38:16: model [INFO] Epoch:   1/  6|Batch: 3174/16927||D_loss: 1.3649|D1_loss: 0.7237|D2_loss: 0.6413||G_loss: 2.1765|R121_loss: 0.2657|R212_loss: 0.2124
2024/08/16 13:38:16: model [INFO] Epoch:   1/  6|Batch: 3179/16927||D_loss: 1.4209|D1_loss: 0.7279|D2_loss: 0.6930||G_loss: 2.1697|R121_loss: 0.2487|R212_loss: 0.2488
2024/08/16 13:38:16: model [INFO] Epoch:   1/  6|Batch: 3184/16927||D_loss: 1.3262|D1_loss: 0.7019|D2_loss: 0.6242||G_loss: 2.2199|R121_loss: 0.2509|R212_loss: 0.2272
2024/08/16 13:38:16: model [INFO] Epoch:   1/  6|Batch: 3189/16927||D_loss: 1.3859|D1_loss: 0.7113|D2_loss: 0.6746||G_loss: 2.2120|R121_loss: 0.2257|R212_loss: 0.3040
2024/08/16 13:38:16: model [INFO] Epoch:   1/  6|Batch: 3194/16927||D_loss: 1.3571|D1_loss: 0.7068|D2_loss: 0.6503||G_loss: 2.2524|R121_loss: 0.3267|R212_loss: 0.2284
2024/08/16 13:38:16: model [INFO] Epoch:   1/  6|Batch: 3199/16927||D_loss: 1.3762|D1_loss: 0.7020|D2_loss: 0.6742||G_loss: 2.1283|R121_loss: 0.2282|R212_loss: 0.2246
2024/08/16 13:38:16: model [INFO] Epoch:   1/  6|Batch: 3204/16927||D_loss: 1.3723|D1_loss: 0.7154|D2_loss: 0.6569||G_loss: 2.1379|R121_loss: 0.2210|R212_loss: 0.2121
2024/08/16 13:38:16: model [INFO] Epoch:   1/  6|Batch: 3209/16927||D_loss: 1.3782|D1_loss: 0.7020|D2_loss: 0.6762||G_loss: 2.3771|R121_loss: 0.2707|R212_loss: 0.2974
2024/08/16 13:38:16: model [INFO] Epoch:   1/  6|Batch: 3214/16927||D_loss: 1.3658|D1_loss: 0.7046|D2_loss: 0.6612||G_loss: 2.1666|R121_loss: 0.2254|R212_loss: 0.2072
2024/08/16 13:38:16: model [INFO] Epoch:   1/  6|Batch: 3219/16927||D_loss: 1.3441|D1_loss: 0.6841|D2_loss: 0.6600||G_loss: 2.2182|R121_loss: 0.2495|R212_loss: 0.2071
2024/08/16 13:38:16: model [INFO] Epoch:   1/  6|Batch: 3224/16927||D_loss: 1.3618|D1_loss: 0.7126|D2_loss: 0.6492||G_loss: 2.1868|R121_loss: 0.2557|R212_loss: 0.1944
2024/08/16 13:38:16: model [INFO] Epoch:   1/  6|Batch: 3229/16927||D_loss: 1.3299|D1_loss: 0.6774|D2_loss: 0.6526||G_loss: 2.1491|R121_loss: 0.2414|R212_loss: 0.2012
2024/08/16 13:38:16: model [INFO] Epoch:   1/  6|Batch: 3234/16927||D_loss: 1.3765|D1_loss: 0.7439|D2_loss: 0.6326||G_loss: 2.2716|R121_loss: 0.3006|R212_loss: 0.2189
2024/08/16 13:38:16: model [INFO] Epoch:   1/  6|Batch: 3239/16927||D_loss: 1.3722|D1_loss: 0.7185|D2_loss: 0.6537||G_loss: 2.1646|R121_loss: 0.2349|R212_loss: 0.2250
2024/08/16 13:38:16: model [INFO] Epoch:   1/  6|Batch: 3244/16927||D_loss: 1.3955|D1_loss: 0.7291|D2_loss: 0.6665||G_loss: 2.2848|R121_loss: 0.2381|R212_loss: 0.3126
2024/08/16 13:38:16: model [INFO] Epoch:   1/  6|Batch: 3249/16927||D_loss: 1.3581|D1_loss: 0.6990|D2_loss: 0.6591||G_loss: 2.2966|R121_loss: 0.2538|R212_loss: 0.3240
2024/08/16 13:38:17: model [INFO] Epoch:   1/  6|Batch: 3254/16927||D_loss: 1.4199|D1_loss: 0.7483|D2_loss: 0.6716||G_loss: 2.4055|R121_loss: 0.2870|R212_loss: 0.3447
2024/08/16 13:38:17: model [INFO] Epoch:   1/  6|Batch: 3259/16927||D_loss: 1.3502|D1_loss: 0.7016|D2_loss: 0.6486||G_loss: 2.3300|R121_loss: 0.2893|R212_loss: 0.3360
2024/08/16 13:38:17: model [INFO] Epoch:   1/  6|Batch: 3264/16927||D_loss: 1.3600|D1_loss: 0.7157|D2_loss: 0.6443||G_loss: 2.3696|R121_loss: 0.2747|R212_loss: 0.3443
2024/08/16 13:38:17: model [INFO] Epoch:   1/  6|Batch: 3269/16927||D_loss: 1.4212|D1_loss: 0.7461|D2_loss: 0.6751||G_loss: 2.2998|R121_loss: 0.2933|R212_loss: 0.2059
2024/08/16 13:38:17: model [INFO] Epoch:   1/  6|Batch: 3274/16927||D_loss: 1.2895|D1_loss: 0.7046|D2_loss: 0.5848||G_loss: 2.5213|R121_loss: 0.2851|R212_loss: 0.3782
2024/08/16 13:38:17: model [INFO] Epoch:   1/  6|Batch: 3279/16927||D_loss: 1.3888|D1_loss: 0.7172|D2_loss: 0.6717||G_loss: 2.1129|R121_loss: 0.2017|R212_loss: 0.2111
2024/08/16 13:38:17: model [INFO] Epoch:   1/  6|Batch: 3284/16927||D_loss: 1.3766|D1_loss: 0.7123|D2_loss: 0.6643||G_loss: 2.2659|R121_loss: 0.2238|R212_loss: 0.2482
2024/08/16 13:38:17: model [INFO] Epoch:   1/  6|Batch: 3289/16927||D_loss: 1.4099|D1_loss: 0.7049|D2_loss: 0.7051||G_loss: 2.1690|R121_loss: 0.2197|R212_loss: 0.2296
2024/08/16 13:38:17: model [INFO] Epoch:   1/  6|Batch: 3294/16927||D_loss: 1.4008|D1_loss: 0.7048|D2_loss: 0.6960||G_loss: 2.0552|R121_loss: 0.1934|R212_loss: 0.2216
2024/08/16 13:38:17: model [INFO] Epoch:   1/  6|Batch: 3299/16927||D_loss: 1.3779|D1_loss: 0.7187|D2_loss: 0.6591||G_loss: 2.1691|R121_loss: 0.2924|R212_loss: 0.2088
2024/08/16 13:38:17: model [INFO] Epoch:   1/  6|Batch: 3304/16927||D_loss: 1.3521|D1_loss: 0.6985|D2_loss: 0.6537||G_loss: 2.1320|R121_loss: 0.2373|R212_loss: 0.2401
2024/08/16 13:38:17: model [INFO] Epoch:   1/  6|Batch: 3309/16927||D_loss: 1.4046|D1_loss: 0.7029|D2_loss: 0.7017||G_loss: 1.9963|R121_loss: 0.2106|R212_loss: 0.2201
2024/08/16 13:38:17: model [INFO] Epoch:   1/  6|Batch: 3314/16927||D_loss: 1.3472|D1_loss: 0.7064|D2_loss: 0.6408||G_loss: 2.1173|R121_loss: 0.2293|R212_loss: 0.2096
2024/08/16 13:38:17: model [INFO] Epoch:   1/  6|Batch: 3319/16927||D_loss: 1.3993|D1_loss: 0.7355|D2_loss: 0.6638||G_loss: 2.1991|R121_loss: 0.3167|R212_loss: 0.2734
2024/08/16 13:38:17: model [INFO] Epoch:   1/  6|Batch: 3324/16927||D_loss: 1.3448|D1_loss: 0.7053|D2_loss: 0.6396||G_loss: 2.1556|R121_loss: 0.2583|R212_loss: 0.2444
2024/08/16 13:38:17: model [INFO] Epoch:   1/  6|Batch: 3329/16927||D_loss: 1.3639|D1_loss: 0.6964|D2_loss: 0.6675||G_loss: 1.9943|R121_loss: 0.1896|R212_loss: 0.2236
2024/08/16 13:38:17: model [INFO] Epoch:   1/  6|Batch: 3334/16927||D_loss: 1.3658|D1_loss: 0.7079|D2_loss: 0.6579||G_loss: 2.0967|R121_loss: 0.2367|R212_loss: 0.2059
2024/08/16 13:38:17: model [INFO] Epoch:   1/  6|Batch: 3339/16927||D_loss: 1.3408|D1_loss: 0.6904|D2_loss: 0.6504||G_loss: 2.1600|R121_loss: 0.2430|R212_loss: 0.1999
2024/08/16 13:38:17: model [INFO] Epoch:   1/  6|Batch: 3344/16927||D_loss: 1.3504|D1_loss: 0.7119|D2_loss: 0.6384||G_loss: 2.1100|R121_loss: 0.2182|R212_loss: 0.2495
2024/08/16 13:38:17: model [INFO] Epoch:   1/  6|Batch: 3349/16927||D_loss: 1.3339|D1_loss: 0.7243|D2_loss: 0.6096||G_loss: 2.2595|R121_loss: 0.2711|R212_loss: 0.2271
2024/08/16 13:38:17: model [INFO] Epoch:   1/  6|Batch: 3354/16927||D_loss: 1.3762|D1_loss: 0.6974|D2_loss: 0.6788||G_loss: 2.0791|R121_loss: 0.1999|R212_loss: 0.2448
2024/08/16 13:38:17: model [INFO] Epoch:   1/  6|Batch: 3359/16927||D_loss: 1.4099|D1_loss: 0.7275|D2_loss: 0.6824||G_loss: 2.0973|R121_loss: 0.2332|R212_loss: 0.2028
2024/08/16 13:38:17: model [INFO] Epoch:   1/  6|Batch: 3364/16927||D_loss: 1.4123|D1_loss: 0.7155|D2_loss: 0.6968||G_loss: 2.0794|R121_loss: 0.2198|R212_loss: 0.2073
2024/08/16 13:38:17: model [INFO] Epoch:   1/  6|Batch: 3369/16927||D_loss: 1.3853|D1_loss: 0.7239|D2_loss: 0.6614||G_loss: 2.1288|R121_loss: 0.2178|R212_loss: 0.2556
2024/08/16 13:38:17: model [INFO] Epoch:   1/  6|Batch: 3374/16927||D_loss: 1.3929|D1_loss: 0.7288|D2_loss: 0.6641||G_loss: 2.1864|R121_loss: 0.2562|R212_loss: 0.2144
2024/08/16 13:38:17: model [INFO] Epoch:   1/  6|Batch: 3379/16927||D_loss: 1.4011|D1_loss: 0.6972|D2_loss: 0.7039||G_loss: 2.3467|R121_loss: 0.2430|R212_loss: 0.3293
2024/08/16 13:38:17: model [INFO] Epoch:   1/  6|Batch: 3384/16927||D_loss: 1.3862|D1_loss: 0.7063|D2_loss: 0.6798||G_loss: 2.2330|R121_loss: 0.2171|R212_loss: 0.2194
2024/08/16 13:38:17: model [INFO] Epoch:   1/  6|Batch: 3389/16927||D_loss: 1.3553|D1_loss: 0.7150|D2_loss: 0.6403||G_loss: 2.2315|R121_loss: 0.2416|R212_loss: 0.2028
2024/08/16 13:38:17: model [INFO] Epoch:   1/  6|Batch: 3394/16927||D_loss: 1.3497|D1_loss: 0.7023|D2_loss: 0.6475||G_loss: 2.2103|R121_loss: 0.2679|R212_loss: 0.2003
2024/08/16 13:38:17: model [INFO] Epoch:   2/  6|Batch:  4/16927||D_loss: 1.3789|D1_loss: 0.7194|D2_loss: 0.6595||G_loss: 2.1685|R121_loss: 0.2812|R212_loss: 0.1972
2024/08/16 13:38:17: model [INFO] Epoch:   2/  6|Batch:  9/16927||D_loss: 1.3745|D1_loss: 0.7232|D2_loss: 0.6514||G_loss: 2.3633|R121_loss: 0.3766|R212_loss: 0.2059
2024/08/16 13:38:17: model [INFO] Epoch:   2/  6|Batch: 14/16927||D_loss: 1.3662|D1_loss: 0.6960|D2_loss: 0.6702||G_loss: 2.3584|R121_loss: 0.2338|R212_loss: 0.4014
2024/08/16 13:38:17: model [INFO] Epoch:   2/  6|Batch: 19/16927||D_loss: 1.3922|D1_loss: 0.6978|D2_loss: 0.6943||G_loss: 2.1453|R121_loss: 0.2323|R212_loss: 0.1952
2024/08/16 13:38:17: model [INFO] Epoch:   2/  6|Batch: 24/16927||D_loss: 1.3779|D1_loss: 0.7177|D2_loss: 0.6602||G_loss: 2.3305|R121_loss: 0.3223|R212_loss: 0.2409
2024/08/16 13:38:17: model [INFO] Epoch:   2/  6|Batch: 29/16927||D_loss: 1.4327|D1_loss: 0.7426|D2_loss: 0.6900||G_loss: 1.9884|R121_loss: 0.2211|R212_loss: 0.2069
2024/08/16 13:38:17: model [INFO] Epoch:   2/  6|Batch: 34/16927||D_loss: 1.3932|D1_loss: 0.7068|D2_loss: 0.6864||G_loss: 2.0621|R121_loss: 0.2187|R212_loss: 0.2136
2024/08/16 13:38:18: model [INFO] Epoch:   2/  6|Batch: 39/16927||D_loss: 1.4096|D1_loss: 0.7231|D2_loss: 0.6864||G_loss: 1.9991|R121_loss: 0.2063|R212_loss: 0.2180
2024/08/16 13:38:18: model [INFO] Epoch:   2/  6|Batch: 44/16927||D_loss: 1.3667|D1_loss: 0.7013|D2_loss: 0.6654||G_loss: 2.1931|R121_loss: 0.2842|R212_loss: 0.2031
2024/08/16 13:38:18: model [INFO] Epoch:   2/  6|Batch: 49/16927||D_loss: 1.3248|D1_loss: 0.6867|D2_loss: 0.6381||G_loss: 2.3085|R121_loss: 0.2592|R212_loss: 0.2381
2024/08/16 13:38:18: model [INFO] Epoch:   2/  6|Batch: 54/16927||D_loss: 1.3744|D1_loss: 0.6841|D2_loss: 0.6903||G_loss: 2.1017|R121_loss: 0.2208|R212_loss: 0.2225
2024/08/16 13:38:18: model [INFO] Epoch:   2/  6|Batch: 59/16927||D_loss: 1.3835|D1_loss: 0.6964|D2_loss: 0.6871||G_loss: 2.1630|R121_loss: 0.2315|R212_loss: 0.2151
2024/08/16 13:38:18: model [INFO] Epoch:   2/  6|Batch: 64/16927||D_loss: 1.3292|D1_loss: 0.6660|D2_loss: 0.6632||G_loss: 2.3020|R121_loss: 0.2230|R212_loss: 0.3068
2024/08/16 13:38:18: model [INFO] Epoch:   2/  6|Batch: 69/16927||D_loss: 1.3852|D1_loss: 0.6853|D2_loss: 0.6999||G_loss: 2.3428|R121_loss: 0.2795|R212_loss: 0.2181
2024/08/16 13:38:18: model [INFO] Epoch:   2/  6|Batch: 74/16927||D_loss: 1.3594|D1_loss: 0.6815|D2_loss: 0.6779||G_loss: 2.3741|R121_loss: 0.2881|R212_loss: 0.2183
2024/08/16 13:38:18: model [INFO] Epoch:   2/  6|Batch: 79/16927||D_loss: 1.4332|D1_loss: 0.7145|D2_loss: 0.7187||G_loss: 2.0602|R121_loss: 0.2156|R212_loss: 0.2275
2024/08/16 13:38:18: model [INFO] Epoch:   2/  6|Batch: 84/16927||D_loss: 1.4259|D1_loss: 0.7174|D2_loss: 0.7085||G_loss: 2.1274|R121_loss: 0.2682|R212_loss: 0.2107
2024/08/16 13:38:18: model [INFO] Epoch:   2/  6|Batch: 89/16927||D_loss: 1.3284|D1_loss: 0.6930|D2_loss: 0.6354||G_loss: 2.2249|R121_loss: 0.2813|R212_loss: 0.2033
2024/08/16 13:38:18: model [INFO] Epoch:   2/  6|Batch: 94/16927||D_loss: 1.3453|D1_loss: 0.6789|D2_loss: 0.6665||G_loss: 2.2640|R121_loss: 0.2528|R212_loss: 0.3685
2024/08/16 13:38:18: model [INFO] Epoch:   2/  6|Batch: 99/16927||D_loss: 1.4044|D1_loss: 0.7156|D2_loss: 0.6888||G_loss: 1.9915|R121_loss: 0.2152|R212_loss: 0.2223
2024/08/16 13:38:18: model [INFO] Epoch:   2/  6|Batch: 104/16927||D_loss: 1.3762|D1_loss: 0.6859|D2_loss: 0.6902||G_loss: 2.1637|R121_loss: 0.2277|R212_loss: 0.2346
2024/08/16 13:38:18: model [INFO] Epoch:   2/  6|Batch: 109/16927||D_loss: 1.3275|D1_loss: 0.6949|D2_loss: 0.6326||G_loss: 2.3810|R121_loss: 0.2792|R212_loss: 0.3416
2024/08/16 13:38:18: model [INFO] Epoch:   2/  6|Batch: 114/16927||D_loss: 1.4235|D1_loss: 0.7066|D2_loss: 0.7169||G_loss: 2.1514|R121_loss: 0.2305|R212_loss: 0.2465
2024/08/16 13:38:18: model [INFO] Epoch:   2/  6|Batch: 119/16927||D_loss: 1.3382|D1_loss: 0.7058|D2_loss: 0.6324||G_loss: 2.2890|R121_loss: 0.3437|R212_loss: 0.1942
2024/08/16 13:38:18: model [INFO] Epoch:   2/  6|Batch: 124/16927||D_loss: 1.3415|D1_loss: 0.7163|D2_loss: 0.6253||G_loss: 2.3345|R121_loss: 0.2275|R212_loss: 0.3829
2024/08/16 13:38:18: model [INFO] Epoch:   2/  6|Batch: 129/16927||D_loss: 1.4298|D1_loss: 0.6892|D2_loss: 0.7406||G_loss: 2.1315|R121_loss: 0.1930|R212_loss: 0.2318
2024/08/16 13:38:18: model [INFO] Epoch:   2/  6|Batch: 134/16927||D_loss: 1.3298|D1_loss: 0.7221|D2_loss: 0.6077||G_loss: 2.3500|R121_loss: 0.3012|R212_loss: 0.2037
2024/08/16 13:38:18: model [INFO] Epoch:   2/  6|Batch: 139/16927||D_loss: 1.4150|D1_loss: 0.6825|D2_loss: 0.7325||G_loss: 2.1424|R121_loss: 0.1912|R212_loss: 0.2362
2024/08/16 13:38:18: model [INFO] Epoch:   2/  6|Batch: 144/16927||D_loss: 1.4341|D1_loss: 0.7075|D2_loss: 0.7266||G_loss: 2.0792|R121_loss: 0.1988|R212_loss: 0.2108
2024/08/16 13:38:18: model [INFO] Epoch:   2/  6|Batch: 149/16927||D_loss: 1.3911|D1_loss: 0.7089|D2_loss: 0.6822||G_loss: 2.1942|R121_loss: 0.2631|R212_loss: 0.2237
2024/08/16 13:38:18: model [INFO] Epoch:   2/  6|Batch: 154/16927||D_loss: 1.3714|D1_loss: 0.6811|D2_loss: 0.6903||G_loss: 2.1355|R121_loss: 0.2476|R212_loss: 0.2349
2024/08/16 13:38:18: model [INFO] Epoch:   2/  6|Batch: 159/16927||D_loss: 1.3342|D1_loss: 0.7060|D2_loss: 0.6282||G_loss: 2.2340|R121_loss: 0.2577|R212_loss: 0.3065
2024/08/16 13:38:18: model [INFO] Epoch:   2/  6|Batch: 164/16927||D_loss: 1.3626|D1_loss: 0.6657|D2_loss: 0.6969||G_loss: 2.0741|R121_loss: 0.2372|R212_loss: 0.2117
2024/08/16 13:38:18: model [INFO] Epoch:   2/  6|Batch: 169/16927||D_loss: 1.3905|D1_loss: 0.7220|D2_loss: 0.6685||G_loss: 2.0189|R121_loss: 0.2255|R212_loss: 0.2063
2024/08/16 13:38:18: model [INFO] Epoch:   2/  6|Batch: 174/16927||D_loss: 1.3412|D1_loss: 0.7002|D2_loss: 0.6410||G_loss: 2.0987|R121_loss: 0.2234|R212_loss: 0.2127
2024/08/16 13:38:18: model [INFO] Epoch:   2/  6|Batch: 179/16927||D_loss: 1.4296|D1_loss: 0.7018|D2_loss: 0.7279||G_loss: 2.2707|R121_loss: 0.2068|R212_loss: 0.4122
2024/08/16 13:38:18: model [INFO] Epoch:   2/  6|Batch: 184/16927||D_loss: 1.3735|D1_loss: 0.7375|D2_loss: 0.6360||G_loss: 2.3020|R121_loss: 0.3396|R212_loss: 0.2037
2024/08/16 13:38:18: model [INFO] Epoch:   2/  6|Batch: 189/16927||D_loss: 1.2759|D1_loss: 0.7046|D2_loss: 0.5713||G_loss: 2.4691|R121_loss: 0.2525|R212_loss: 0.3692
2024/08/16 13:38:18: model [INFO] Epoch:   2/  6|Batch: 194/16927||D_loss: 1.4287|D1_loss: 0.6990|D2_loss: 0.7298||G_loss: 2.3019|R121_loss: 0.2122|R212_loss: 0.2046
2024/08/16 13:38:18: model [INFO] Epoch:   2/  6|Batch: 199/16927||D_loss: 1.4469|D1_loss: 0.7112|D2_loss: 0.7358||G_loss: 2.3219|R121_loss: 0.2333|R212_loss: 0.2446
2024/08/16 13:38:18: model [INFO] Epoch:   2/  6|Batch: 204/16927||D_loss: 1.3531|D1_loss: 0.6975|D2_loss: 0.6557||G_loss: 2.1360|R121_loss: 0.2047|R212_loss: 0.2099
2024/08/16 13:38:18: model [INFO] Epoch:   2/  6|Batch: 209/16927||D_loss: 1.4420|D1_loss: 0.7102|D2_loss: 0.7319||G_loss: 2.1215|R121_loss: 0.2262|R212_loss: 0.2186
2024/08/16 13:38:18: model [INFO] Epoch:   2/  6|Batch: 214/16927||D_loss: 1.3759|D1_loss: 0.7310|D2_loss: 0.6449||G_loss: 2.0930|R121_loss: 0.2383|R212_loss: 0.2200
2024/08/16 13:38:19: model [INFO] Epoch:   2/  6|Batch: 219/16927||D_loss: 1.4478|D1_loss: 0.7576|D2_loss: 0.6902||G_loss: 2.3522|R121_loss: 0.3331|R212_loss: 0.3230
2024/08/16 13:38:19: model [INFO] Epoch:   2/  6|Batch: 224/16927||D_loss: 1.4147|D1_loss: 0.7358|D2_loss: 0.6789||G_loss: 2.2586|R121_loss: 0.2607|R212_loss: 0.2395
2024/08/16 13:38:19: model [INFO] Epoch:   2/  6|Batch: 229/16927||D_loss: 1.3604|D1_loss: 0.7270|D2_loss: 0.6334||G_loss: 2.1899|R121_loss: 0.2638|R212_loss: 0.2069
2024/08/16 13:38:19: model [INFO] Epoch:   2/  6|Batch: 234/16927||D_loss: 1.4393|D1_loss: 0.7045|D2_loss: 0.7348||G_loss: 2.1680|R121_loss: 0.1832|R212_loss: 0.2384
2024/08/16 13:38:19: model [INFO] Epoch:   2/  6|Batch: 239/16927||D_loss: 1.3553|D1_loss: 0.7142|D2_loss: 0.6412||G_loss: 2.1252|R121_loss: 0.1946|R212_loss: 0.2047
2024/08/16 13:38:19: model [INFO] Epoch:   2/  6|Batch: 244/16927||D_loss: 1.2991|D1_loss: 0.7152|D2_loss: 0.5839||G_loss: 2.3452|R121_loss: 0.2597|R212_loss: 0.3652
2024/08/16 13:38:19: model [INFO] Epoch:   2/  6|Batch: 249/16927||D_loss: 1.2695|D1_loss: 0.6889|D2_loss: 0.5806||G_loss: 2.3120|R121_loss: 0.2159|R212_loss: 0.3490
2024/08/16 13:38:19: model [INFO] Epoch:   2/  6|Batch: 254/16927||D_loss: 1.3676|D1_loss: 0.7437|D2_loss: 0.6239||G_loss: 2.4650|R121_loss: 0.3814|R212_loss: 0.1881
2024/08/16 13:38:19: model [INFO] Epoch:   2/  6|Batch: 259/16927||D_loss: 1.4586|D1_loss: 0.7206|D2_loss: 0.7380||G_loss: 2.3517|R121_loss: 0.2118|R212_loss: 0.2369
2024/08/16 13:38:19: model [INFO] Epoch:   2/  6|Batch: 264/16927||D_loss: 1.3937|D1_loss: 0.6937|D2_loss: 0.7001||G_loss: 2.4126|R121_loss: 0.1942|R212_loss: 0.3128
2024/08/16 13:38:19: model [INFO] Epoch:   2/  6|Batch: 269/16927||D_loss: 1.4019|D1_loss: 0.6946|D2_loss: 0.7073||G_loss: 2.1960|R121_loss: 0.2067|R212_loss: 0.2491
2024/08/16 13:38:19: model [INFO] Epoch:   2/  6|Batch: 274/16927||D_loss: 1.3655|D1_loss: 0.7059|D2_loss: 0.6596||G_loss: 2.3206|R121_loss: 0.1963|R212_loss: 0.3820
2024/08/16 13:38:19: model [INFO] Epoch:   2/  6|Batch: 279/16927||D_loss: 1.3589|D1_loss: 0.6834|D2_loss: 0.6755||G_loss: 2.4095|R121_loss: 0.3093|R212_loss: 0.2477
2024/08/16 13:38:19: model [INFO] Epoch:   2/  6|Batch: 284/16927||D_loss: 1.2916|D1_loss: 0.7030|D2_loss: 0.5886||G_loss: 2.2956|R121_loss: 0.2711|R212_loss: 0.3423
2024/08/16 13:38:19: model [INFO] Epoch:   2/  6|Batch: 289/16927||D_loss: 1.4111|D1_loss: 0.6925|D2_loss: 0.7185||G_loss: 2.1379|R121_loss: 0.2417|R212_loss: 0.2303
2024/08/16 13:38:19: model [INFO] Epoch:   2/  6|Batch: 294/16927||D_loss: 1.3745|D1_loss: 0.7269|D2_loss: 0.6477||G_loss: 2.0246|R121_loss: 0.1848|R212_loss: 0.2038
2024/08/16 13:38:19: model [INFO] Epoch:   2/  6|Batch: 299/16927||D_loss: 1.3161|D1_loss: 0.7370|D2_loss: 0.5791||G_loss: 2.3890|R121_loss: 0.3075|R212_loss: 0.3109
2024/08/16 13:38:19: model [INFO] Epoch:   2/  6|Batch: 304/16927||D_loss: 1.3682|D1_loss: 0.7245|D2_loss: 0.6437||G_loss: 2.1371|R121_loss: 0.2190|R212_loss: 0.1936
2024/08/16 13:38:19: model [INFO] Epoch:   2/  6|Batch: 309/16927||D_loss: 1.4039|D1_loss: 0.6912|D2_loss: 0.7127||G_loss: 2.3555|R121_loss: 0.2056|R212_loss: 0.3232
2024/08/16 13:38:19: model [INFO] Epoch:   2/  6|Batch: 314/16927||D_loss: 1.4265|D1_loss: 0.7091|D2_loss: 0.7174||G_loss: 2.3526|R121_loss: 0.2698|R212_loss: 0.2231
2024/08/16 13:38:19: model [INFO] Epoch:   2/  6|Batch: 319/16927||D_loss: 1.3663|D1_loss: 0.7108|D2_loss: 0.6555||G_loss: 2.0943|R121_loss: 0.2242|R212_loss: 0.2193
2024/08/16 13:38:19: model [INFO] Epoch:   2/  6|Batch: 324/16927||D_loss: 1.3618|D1_loss: 0.6951|D2_loss: 0.6667||G_loss: 2.3788|R121_loss: 0.2809|R212_loss: 0.3041
2024/08/16 13:38:19: model [INFO] Epoch:   2/  6|Batch: 329/16927||D_loss: 1.3466|D1_loss: 0.6868|D2_loss: 0.6598||G_loss: 2.0441|R121_loss: 0.2231|R212_loss: 0.1966
2024/08/16 13:38:19: model [INFO] Epoch:   2/  6|Batch: 334/16927||D_loss: 1.2897|D1_loss: 0.7464|D2_loss: 0.5433||G_loss: 2.3481|R121_loss: 0.2287|R212_loss: 0.3604
2024/08/16 13:38:19: model [INFO] Epoch:   2/  6|Batch: 339/16927||D_loss: 1.4389|D1_loss: 0.6895|D2_loss: 0.7494||G_loss: 2.2340|R121_loss: 0.2276|R212_loss: 0.2826
2024/08/16 13:38:19: model [INFO] Epoch:   2/  6|Batch: 344/16927||D_loss: 1.4025|D1_loss: 0.6757|D2_loss: 0.7267||G_loss: 2.2052|R121_loss: 0.2194|R212_loss: 0.2497
2024/08/16 13:38:19: model [INFO] Epoch:   2/  6|Batch: 349/16927||D_loss: 1.3131|D1_loss: 0.6488|D2_loss: 0.6642||G_loss: 2.1560|R121_loss: 0.2423|R212_loss: 0.1969
2024/08/16 13:38:19: model [INFO] Epoch:   2/  6|Batch: 354/16927||D_loss: 1.3877|D1_loss: 0.6784|D2_loss: 0.7093||G_loss: 2.2965|R121_loss: 0.2260|R212_loss: 0.2262
2024/08/16 13:38:19: model [INFO] Epoch:   2/  6|Batch: 359/16927||D_loss: 1.3940|D1_loss: 0.7639|D2_loss: 0.6301||G_loss: 2.1004|R121_loss: 0.2024|R212_loss: 0.1902
2024/08/16 13:38:19: model [INFO] Epoch:   2/  6|Batch: 364/16927||D_loss: 1.3002|D1_loss: 0.7380|D2_loss: 0.5623||G_loss: 2.3512|R121_loss: 0.2706|R212_loss: 0.3471
2024/08/16 13:38:19: model [INFO] Epoch:   2/  6|Batch: 369/16927||D_loss: 1.3782|D1_loss: 0.6667|D2_loss: 0.7115||G_loss: 2.3722|R121_loss: 0.3251|R212_loss: 0.2230
2024/08/16 13:38:19: model [INFO] Epoch:   2/  6|Batch: 374/16927||D_loss: 1.4456|D1_loss: 0.7081|D2_loss: 0.7375||G_loss: 2.0973|R121_loss: 0.1979|R212_loss: 0.2376
2024/08/16 13:38:19: model [INFO] Epoch:   2/  6|Batch: 379/16927||D_loss: 1.3878|D1_loss: 0.7615|D2_loss: 0.6262||G_loss: 2.1831|R121_loss: 0.2394|R212_loss: 0.1881
2024/08/16 13:38:19: model [INFO] Epoch:   2/  6|Batch: 384/16927||D_loss: 1.4029|D1_loss: 0.7028|D2_loss: 0.7001||G_loss: 2.2810|R121_loss: 0.2538|R212_loss: 0.2478
2024/08/16 13:38:19: model [INFO] Epoch:   2/  6|Batch: 389/16927||D_loss: 1.3871|D1_loss: 0.7500|D2_loss: 0.6370||G_loss: 2.2010|R121_loss: 0.2693|R212_loss: 0.1816
2024/08/16 13:38:19: model [INFO] Epoch:   2/  6|Batch: 394/16927||D_loss: 1.4330|D1_loss: 0.7384|D2_loss: 0.6945||G_loss: 2.2359|R121_loss: 0.2677|R212_loss: 0.2243
2024/08/16 13:38:19: model [INFO] Epoch:   2/  6|Batch: 399/16927||D_loss: 1.4307|D1_loss: 0.6885|D2_loss: 0.7422||G_loss: 2.0096|R121_loss: 0.1947|R212_loss: 0.2251
2024/08/16 13:38:20: model [INFO] Epoch:   2/  6|Batch: 404/16927||D_loss: 1.4159|D1_loss: 0.6833|D2_loss: 0.7327||G_loss: 2.0074|R121_loss: 0.2191|R212_loss: 0.2251
2024/08/16 13:38:20: model [INFO] Epoch:   2/  6|Batch: 409/16927||D_loss: 1.4176|D1_loss: 0.7017|D2_loss: 0.7159||G_loss: 2.1066|R121_loss: 0.2253|R212_loss: 0.2603
2024/08/16 13:38:20: model [INFO] Epoch:   2/  6|Batch: 414/16927||D_loss: 1.3668|D1_loss: 0.7002|D2_loss: 0.6666||G_loss: 1.9966|R121_loss: 0.2114|R212_loss: 0.1967
2024/08/16 13:38:20: model [INFO] Epoch:   2/  6|Batch: 419/16927||D_loss: 1.4065|D1_loss: 0.7527|D2_loss: 0.6538||G_loss: 2.0734|R121_loss: 0.2253|R212_loss: 0.1871
2024/08/16 13:38:20: model [INFO] Epoch:   2/  6|Batch: 424/16927||D_loss: 1.4381|D1_loss: 0.7396|D2_loss: 0.6986||G_loss: 2.1932|R121_loss: 0.2189|R212_loss: 0.2185
2024/08/16 13:38:20: model [INFO] Epoch:   2/  6|Batch: 429/16927||D_loss: 1.3452|D1_loss: 0.6916|D2_loss: 0.6536||G_loss: 2.2362|R121_loss: 0.3311|R212_loss: 0.1857
2024/08/16 13:38:20: model [INFO] Epoch:   2/  6|Batch: 434/16927||D_loss: 1.3980|D1_loss: 0.7157|D2_loss: 0.6824||G_loss: 2.2426|R121_loss: 0.2234|R212_loss: 0.2132
2024/08/16 13:38:20: model [INFO] Epoch:   2/  6|Batch: 439/16927||D_loss: 1.3433|D1_loss: 0.6896|D2_loss: 0.6537||G_loss: 2.3220|R121_loss: 0.2709|R212_loss: 0.2222
2024/08/16 13:38:20: model [INFO] Epoch:   2/  6|Batch: 444/16927||D_loss: 1.3691|D1_loss: 0.7267|D2_loss: 0.6424||G_loss: 2.1126|R121_loss: 0.2401|R212_loss: 0.1890
2024/08/16 13:38:20: model [INFO] Epoch:   2/  6|Batch: 449/16927||D_loss: 1.3910|D1_loss: 0.6847|D2_loss: 0.7063||G_loss: 1.8995|R121_loss: 0.1952|R212_loss: 0.1881
2024/08/16 13:38:20: model [INFO] Epoch:   2/  6|Batch: 454/16927||D_loss: 1.4357|D1_loss: 0.6830|D2_loss: 0.7527||G_loss: 1.9610|R121_loss: 0.1936|R212_loss: 0.2139
2024/08/16 13:38:20: model [INFO] Epoch:   2/  6|Batch: 459/16927||D_loss: 1.3790|D1_loss: 0.6628|D2_loss: 0.7162||G_loss: 2.0535|R121_loss: 0.1914|R212_loss: 0.2220
2024/08/16 13:38:20: model [INFO] Epoch:   2/  6|Batch: 464/16927||D_loss: 1.4039|D1_loss: 0.7108|D2_loss: 0.6931||G_loss: 2.1333|R121_loss: 0.1953|R212_loss: 0.2988
2024/08/16 13:38:20: model [INFO] Epoch:   2/  6|Batch: 469/16927||D_loss: 1.3737|D1_loss: 0.7018|D2_loss: 0.6719||G_loss: 2.1361|R121_loss: 0.1979|R212_loss: 0.3355
2024/08/16 13:38:20: model [INFO] Epoch:   2/  6|Batch: 474/16927||D_loss: 1.3624|D1_loss: 0.7195|D2_loss: 0.6429||G_loss: 2.4432|R121_loss: 0.3414|R212_loss: 0.2469
2024/08/16 13:38:20: model [INFO] Epoch:   2/  6|Batch: 479/16927||D_loss: 1.4016|D1_loss: 0.7045|D2_loss: 0.6971||G_loss: 2.1408|R121_loss: 0.2017|R212_loss: 0.2214
2024/08/16 13:38:20: model [INFO] Epoch:   2/  6|Batch: 484/16927||D_loss: 1.3995|D1_loss: 0.6842|D2_loss: 0.7154||G_loss: 2.0348|R121_loss: 0.2197|R212_loss: 0.2113
2024/08/16 13:38:20: model [INFO] Epoch:   2/  6|Batch: 489/16927||D_loss: 1.3978|D1_loss: 0.7025|D2_loss: 0.6953||G_loss: 2.1126|R121_loss: 0.2126|R212_loss: 0.2475
2024/08/16 13:38:20: model [INFO] Epoch:   2/  6|Batch: 494/16927||D_loss: 1.3908|D1_loss: 0.7001|D2_loss: 0.6907||G_loss: 2.0306|R121_loss: 0.1886|R212_loss: 0.1966
2024/08/16 13:38:20: model [INFO] Epoch:   2/  6|Batch: 499/16927||D_loss: 1.4138|D1_loss: 0.7376|D2_loss: 0.6762||G_loss: 2.1577|R121_loss: 0.2199|R212_loss: 0.3355
2024/08/16 13:38:20: model [INFO] Epoch:   2/  6|Batch: 504/16927||D_loss: 1.4581|D1_loss: 0.7372|D2_loss: 0.7209||G_loss: 2.1389|R121_loss: 0.1957|R212_loss: 0.2467
2024/08/16 13:38:20: model [INFO] Epoch:   2/  6|Batch: 509/16927||D_loss: 1.3737|D1_loss: 0.6913|D2_loss: 0.6824||G_loss: 2.1047|R121_loss: 0.2161|R212_loss: 0.2152
2024/08/16 13:38:20: model [INFO] Epoch:   2/  6|Batch: 514/16927||D_loss: 1.4469|D1_loss: 0.7070|D2_loss: 0.7400||G_loss: 2.2248|R121_loss: 0.2468|R212_loss: 0.3188
2024/08/16 13:38:20: model [INFO] Epoch:   2/  6|Batch: 519/16927||D_loss: 1.3543|D1_loss: 0.6737|D2_loss: 0.6806||G_loss: 2.1239|R121_loss: 0.1991|R212_loss: 0.2524
2024/08/16 13:38:20: model [INFO] Epoch:   2/  6|Batch: 524/16927||D_loss: 1.3762|D1_loss: 0.7207|D2_loss: 0.6555||G_loss: 2.2599|R121_loss: 0.1966|R212_loss: 0.3473
2024/08/16 13:38:20: model [INFO] Epoch:   2/  6|Batch: 529/16927||D_loss: 1.3708|D1_loss: 0.7275|D2_loss: 0.6433||G_loss: 2.2740|R121_loss: 0.3489|R212_loss: 0.2050
2024/08/16 13:38:20: model [INFO] Epoch:   2/  6|Batch: 534/16927||D_loss: 1.3785|D1_loss: 0.6888|D2_loss: 0.6897||G_loss: 2.1712|R121_loss: 0.2052|R212_loss: 0.2206
2024/08/16 13:38:20: model [INFO] Epoch:   2/  6|Batch: 539/16927||D_loss: 1.3275|D1_loss: 0.6465|D2_loss: 0.6810||G_loss: 2.2503|R121_loss: 0.2417|R212_loss: 0.2453
2024/08/16 13:38:20: model [INFO] Epoch:   2/  6|Batch: 544/16927||D_loss: 1.3273|D1_loss: 0.7121|D2_loss: 0.6152||G_loss: 2.4910|R121_loss: 0.3287|R212_loss: 0.3372
2024/08/16 13:38:20: model [INFO] Epoch:   2/  6|Batch: 549/16927||D_loss: 1.3827|D1_loss: 0.7242|D2_loss: 0.6586||G_loss: 2.2775|R121_loss: 0.2342|R212_loss: 0.2282
2024/08/16 13:38:20: model [INFO] Epoch:   2/  6|Batch: 554/16927||D_loss: 1.3691|D1_loss: 0.6977|D2_loss: 0.6714||G_loss: 2.3077|R121_loss: 0.2928|R212_loss: 0.2588
2024/08/16 13:38:20: model [INFO] Epoch:   2/  6|Batch: 559/16927||D_loss: 1.3195|D1_loss: 0.6671|D2_loss: 0.6524||G_loss: 2.1794|R121_loss: 0.2389|R212_loss: 0.2188
2024/08/16 13:38:20: model [INFO] Epoch:   2/  6|Batch: 564/16927||D_loss: 1.4113|D1_loss: 0.7038|D2_loss: 0.7075||G_loss: 2.1039|R121_loss: 0.2043|R212_loss: 0.2180
2024/08/16 13:38:20: model [INFO] Epoch:   2/  6|Batch: 569/16927||D_loss: 1.3839|D1_loss: 0.7154|D2_loss: 0.6684||G_loss: 2.2010|R121_loss: 0.2464|R212_loss: 0.2132
2024/08/16 13:38:20: model [INFO] Epoch:   2/  6|Batch: 574/16927||D_loss: 1.3295|D1_loss: 0.6914|D2_loss: 0.6380||G_loss: 2.2845|R121_loss: 0.2191|R212_loss: 0.3495
2024/08/16 13:38:20: model [INFO] Epoch:   2/  6|Batch: 579/16927||D_loss: 1.4243|D1_loss: 0.7072|D2_loss: 0.7171||G_loss: 2.1407|R121_loss: 0.2034|R212_loss: 0.2247
2024/08/16 13:38:20: model [INFO] Epoch:   2/  6|Batch: 584/16927||D_loss: 1.3740|D1_loss: 0.7096|D2_loss: 0.6644||G_loss: 2.3620|R121_loss: 0.2736|R212_loss: 0.2411
2024/08/16 13:38:21: model [INFO] Epoch:   2/  6|Batch: 589/16927||D_loss: 1.4165|D1_loss: 0.7170|D2_loss: 0.6995||G_loss: 2.0289|R121_loss: 0.2434|R212_loss: 0.2095
2024/08/16 13:38:21: model [INFO] Epoch:   2/  6|Batch: 594/16927||D_loss: 1.4418|D1_loss: 0.7230|D2_loss: 0.7188||G_loss: 2.0053|R121_loss: 0.2088|R212_loss: 0.2089
2024/08/16 13:38:21: model [INFO] Epoch:   2/  6|Batch: 599/16927||D_loss: 1.3150|D1_loss: 0.6419|D2_loss: 0.6730||G_loss: 2.2242|R121_loss: 0.2619|R212_loss: 0.2313
2024/08/16 13:38:21: model [INFO] Epoch:   2/  6|Batch: 604/16927||D_loss: 1.3252|D1_loss: 0.6665|D2_loss: 0.6587||G_loss: 2.2698|R121_loss: 0.2155|R212_loss: 0.3604
2024/08/16 13:38:21: model [INFO] Epoch:   2/  6|Batch: 609/16927||D_loss: 1.3943|D1_loss: 0.7337|D2_loss: 0.6606||G_loss: 2.2216|R121_loss: 0.2573|R212_loss: 0.2241
2024/08/16 13:38:21: model [INFO] Epoch:   2/  6|Batch: 614/16927||D_loss: 1.4047|D1_loss: 0.6958|D2_loss: 0.7089||G_loss: 2.2603|R121_loss: 0.2251|R212_loss: 0.3196
2024/08/16 13:38:21: model [INFO] Epoch:   2/  6|Batch: 619/16927||D_loss: 1.4597|D1_loss: 0.6764|D2_loss: 0.7833||G_loss: 2.1010|R121_loss: 0.2207|R212_loss: 0.2296
2024/08/16 13:38:21: model [INFO] Epoch:   2/  6|Batch: 624/16927||D_loss: 1.4059|D1_loss: 0.7285|D2_loss: 0.6775||G_loss: 2.2743|R121_loss: 0.2333|R212_loss: 0.2473
2024/08/16 13:38:21: model [INFO] Epoch:   2/  6|Batch: 629/16927||D_loss: 1.4059|D1_loss: 0.7194|D2_loss: 0.6864||G_loss: 2.0336|R121_loss: 0.2254|R212_loss: 0.2107
2024/08/16 13:38:21: model [INFO] Epoch:   2/  6|Batch: 634/16927||D_loss: 1.2832|D1_loss: 0.6190|D2_loss: 0.6642||G_loss: 2.3165|R121_loss: 0.2738|R212_loss: 0.2357
2024/08/16 13:38:21: model [INFO] Epoch:   2/  6|Batch: 639/16927||D_loss: 1.4148|D1_loss: 0.6933|D2_loss: 0.7216||G_loss: 2.0405|R121_loss: 0.2301|R212_loss: 0.2158
2024/08/16 13:38:21: model [INFO] Epoch:   2/  6|Batch: 644/16927||D_loss: 1.3573|D1_loss: 0.7290|D2_loss: 0.6283||G_loss: 2.3665|R121_loss: 0.2604|R212_loss: 0.3470
2024/08/16 13:38:21: model [INFO] Epoch:   2/  6|Batch: 649/16927||D_loss: 1.3796|D1_loss: 0.7103|D2_loss: 0.6693||G_loss: 2.3555|R121_loss: 0.2732|R212_loss: 0.3129
2024/08/16 13:38:21: model [INFO] Epoch:   2/  6|Batch: 654/16927||D_loss: 1.4361|D1_loss: 0.6801|D2_loss: 0.7560||G_loss: 2.0581|R121_loss: 0.1998|R212_loss: 0.2423
2024/08/16 13:38:21: model [INFO] Epoch:   2/  6|Batch: 659/16927||D_loss: 1.3833|D1_loss: 0.6814|D2_loss: 0.7019||G_loss: 2.2482|R121_loss: 0.2062|R212_loss: 0.2621
2024/08/16 13:38:21: model [INFO] Epoch:   2/  6|Batch: 664/16927||D_loss: 1.3156|D1_loss: 0.6376|D2_loss: 0.6780||G_loss: 2.3548|R121_loss: 0.3295|R212_loss: 0.2329
2024/08/16 13:38:21: model [INFO] Epoch:   2/  6|Batch: 669/16927||D_loss: 1.4301|D1_loss: 0.7370|D2_loss: 0.6931||G_loss: 2.1814|R121_loss: 0.2658|R212_loss: 0.2047
2024/08/16 13:38:21: model [INFO] Epoch:   2/  6|Batch: 674/16927||D_loss: 1.3513|D1_loss: 0.6612|D2_loss: 0.6902||G_loss: 2.0466|R121_loss: 0.2260|R212_loss: 0.2038
2024/08/16 13:38:21: model [INFO] Epoch:   2/  6|Batch: 679/16927||D_loss: 1.3352|D1_loss: 0.6828|D2_loss: 0.6524||G_loss: 2.2716|R121_loss: 0.2452|R212_loss: 0.2111
2024/08/16 13:38:21: model [INFO] Epoch:   2/  6|Batch: 684/16927||D_loss: 1.4173|D1_loss: 0.7217|D2_loss: 0.6957||G_loss: 1.9932|R121_loss: 0.1932|R212_loss: 0.1897
2024/08/16 13:38:21: model [INFO] Epoch:   2/  6|Batch: 689/16927||D_loss: 1.4089|D1_loss: 0.7036|D2_loss: 0.7053||G_loss: 2.0215|R121_loss: 0.2080|R212_loss: 0.2073
2024/08/16 13:38:21: model [INFO] Epoch:   2/  6|Batch: 694/16927||D_loss: 1.3869|D1_loss: 0.6647|D2_loss: 0.7222||G_loss: 2.0933|R121_loss: 0.2009|R212_loss: 0.2181
2024/08/16 13:38:21: model [INFO] Epoch:   2/  6|Batch: 699/16927||D_loss: 1.3667|D1_loss: 0.6678|D2_loss: 0.6990||G_loss: 2.0170|R121_loss: 0.2023|R212_loss: 0.1944
2024/08/16 13:38:21: model [INFO] Epoch:   2/  6|Batch: 704/16927||D_loss: 1.4363|D1_loss: 0.7478|D2_loss: 0.6884||G_loss: 2.2667|R121_loss: 0.2046|R212_loss: 0.2684
2024/08/16 13:38:21: model [INFO] Epoch:   2/  6|Batch: 709/16927||D_loss: 1.4237|D1_loss: 0.7463|D2_loss: 0.6774||G_loss: 2.2386|R121_loss: 0.2703|R212_loss: 0.2085
2024/08/16 13:38:21: model [INFO] Epoch:   2/  6|Batch: 714/16927||D_loss: 1.4173|D1_loss: 0.7141|D2_loss: 0.7032||G_loss: 2.2577|R121_loss: 0.2382|R212_loss: 0.2350
2024/08/16 13:38:21: model [INFO] Epoch:   2/  6|Batch: 719/16927||D_loss: 1.4141|D1_loss: 0.7389|D2_loss: 0.6752||G_loss: 2.3929|R121_loss: 0.2830|R212_loss: 0.2483
2024/08/16 13:38:21: model [INFO] Epoch:   2/  6|Batch: 724/16927||D_loss: 1.3368|D1_loss: 0.6952|D2_loss: 0.6416||G_loss: 2.1385|R121_loss: 0.1848|R212_loss: 0.1992
2024/08/16 13:38:21: model [INFO] Epoch:   2/  6|Batch: 729/16927||D_loss: 1.3988|D1_loss: 0.7155|D2_loss: 0.6834||G_loss: 2.1667|R121_loss: 0.2234|R212_loss: 0.2548
2024/08/16 13:38:21: model [INFO] Epoch:   2/  6|Batch: 734/16927||D_loss: 1.3733|D1_loss: 0.7328|D2_loss: 0.6406||G_loss: 2.1659|R121_loss: 0.2518|R212_loss: 0.1991
2024/08/16 13:38:21: model [INFO] Epoch:   2/  6|Batch: 739/16927||D_loss: 1.3812|D1_loss: 0.6738|D2_loss: 0.7074||G_loss: 2.0331|R121_loss: 0.2130|R212_loss: 0.2342
2024/08/16 13:38:21: model [INFO] Epoch:   2/  6|Batch: 744/16927||D_loss: 1.4295|D1_loss: 0.7250|D2_loss: 0.7046||G_loss: 2.0977|R121_loss: 0.1989|R212_loss: 0.3191
2024/08/16 13:38:21: model [INFO] Epoch:   2/  6|Batch: 749/16927||D_loss: 1.3593|D1_loss: 0.6986|D2_loss: 0.6608||G_loss: 2.2487|R121_loss: 0.2399|R212_loss: 0.2091
2024/08/16 13:38:21: model [INFO] Epoch:   2/  6|Batch: 754/16927||D_loss: 1.3847|D1_loss: 0.7026|D2_loss: 0.6822||G_loss: 2.2236|R121_loss: 0.2869|R212_loss: 0.2349
2024/08/16 13:38:21: model [INFO] Epoch:   2/  6|Batch: 759/16927||D_loss: 1.3799|D1_loss: 0.7019|D2_loss: 0.6780||G_loss: 2.0584|R121_loss: 0.1978|R212_loss: 0.2192
2024/08/16 13:38:21: model [INFO] Epoch:   2/  6|Batch: 764/16927||D_loss: 1.4182|D1_loss: 0.7311|D2_loss: 0.6871||G_loss: 2.0083|R121_loss: 0.1948|R212_loss: 0.2070
2024/08/16 13:38:21: model [INFO] Epoch:   2/  6|Batch: 769/16927||D_loss: 1.3924|D1_loss: 0.6795|D2_loss: 0.7129||G_loss: 1.9526|R121_loss: 0.1973|R212_loss: 0.2106
2024/08/16 13:38:22: model [INFO] Epoch:   2/  6|Batch: 774/16927||D_loss: 1.4113|D1_loss: 0.6950|D2_loss: 0.7163||G_loss: 1.9717|R121_loss: 0.2209|R212_loss: 0.1887
2024/08/16 13:38:22: model [INFO] Epoch:   2/  6|Batch: 779/16927||D_loss: 1.3895|D1_loss: 0.6809|D2_loss: 0.7086||G_loss: 2.0546|R121_loss: 0.2291|R212_loss: 0.2004
2024/08/16 13:38:22: model [INFO] Epoch:   2/  6|Batch: 784/16927||D_loss: 1.3720|D1_loss: 0.7202|D2_loss: 0.6518||G_loss: 2.2403|R121_loss: 0.2163|R212_loss: 0.2240
2024/08/16 13:38:22: model [INFO] Epoch:   2/  6|Batch: 789/16927||D_loss: 1.4037|D1_loss: 0.6901|D2_loss: 0.7136||G_loss: 2.3060|R121_loss: 0.2364|R212_loss: 0.3268
2024/08/16 13:38:22: model [INFO] Epoch:   2/  6|Batch: 794/16927||D_loss: 1.3889|D1_loss: 0.7320|D2_loss: 0.6569||G_loss: 2.1369|R121_loss: 0.2162|R212_loss: 0.1911
2024/08/16 13:38:22: model [INFO] Epoch:   2/  6|Batch: 799/16927||D_loss: 1.3926|D1_loss: 0.7040|D2_loss: 0.6886||G_loss: 2.2493|R121_loss: 0.2498|R212_loss: 0.2236
2024/08/16 13:38:22: model [INFO] Epoch:   2/  6|Batch: 804/16927||D_loss: 1.3220|D1_loss: 0.6803|D2_loss: 0.6417||G_loss: 2.1854|R121_loss: 0.2099|R212_loss: 0.3570
2024/08/16 13:38:22: model [INFO] Epoch:   2/  6|Batch: 809/16927||D_loss: 1.3763|D1_loss: 0.7216|D2_loss: 0.6548||G_loss: 2.2310|R121_loss: 0.2144|R212_loss: 0.2120
2024/08/16 13:38:22: model [INFO] Epoch:   2/  6|Batch: 814/16927||D_loss: 1.4169|D1_loss: 0.7163|D2_loss: 0.7006||G_loss: 2.0822|R121_loss: 0.2296|R212_loss: 0.2117
2024/08/16 13:38:22: model [INFO] Epoch:   2/  6|Batch: 819/16927||D_loss: 1.4004|D1_loss: 0.7072|D2_loss: 0.6932||G_loss: 2.1886|R121_loss: 0.1977|R212_loss: 0.3631
2024/08/16 13:38:22: model [INFO] Epoch:   2/  6|Batch: 824/16927||D_loss: 1.3210|D1_loss: 0.6957|D2_loss: 0.6252||G_loss: 2.2036|R121_loss: 0.2029|R212_loss: 0.3463
2024/08/16 13:38:22: model [INFO] Epoch:   2/  6|Batch: 829/16927||D_loss: 1.4722|D1_loss: 0.7127|D2_loss: 0.7595||G_loss: 2.2503|R121_loss: 0.2299|R212_loss: 0.2209
2024/08/16 13:38:22: model [INFO] Epoch:   2/  6|Batch: 834/16927||D_loss: 1.4887|D1_loss: 0.7540|D2_loss: 0.7347||G_loss: 2.2675|R121_loss: 0.2499|R212_loss: 0.2019
2024/08/16 13:38:22: model [INFO] Epoch:   2/  6|Batch: 839/16927||D_loss: 1.3864|D1_loss: 0.6677|D2_loss: 0.7187||G_loss: 2.1872|R121_loss: 0.1937|R212_loss: 0.3847
2024/08/16 13:38:22: model [INFO] Epoch:   2/  6|Batch: 844/16927||D_loss: 1.3988|D1_loss: 0.7041|D2_loss: 0.6947||G_loss: 2.0110|R121_loss: 0.2173|R212_loss: 0.1999
2024/08/16 13:38:22: model [INFO] Epoch:   2/  6|Batch: 849/16927||D_loss: 1.4350|D1_loss: 0.7339|D2_loss: 0.7011||G_loss: 2.3190|R121_loss: 0.2700|R212_loss: 0.2206
2024/08/16 13:38:22: model [INFO] Epoch:   2/  6|Batch: 854/16927||D_loss: 1.4232|D1_loss: 0.7067|D2_loss: 0.7165||G_loss: 2.2158|R121_loss: 0.2508|R212_loss: 0.2033
2024/08/16 13:38:22: model [INFO] Epoch:   2/  6|Batch: 859/16927||D_loss: 1.3501|D1_loss: 0.7085|D2_loss: 0.6415||G_loss: 2.1316|R121_loss: 0.2239|R212_loss: 0.1900
2024/08/16 13:38:22: model [INFO] Epoch:   2/  6|Batch: 864/16927||D_loss: 1.4856|D1_loss: 0.7342|D2_loss: 0.7514||G_loss: 2.0311|R121_loss: 0.2587|R212_loss: 0.2070
2024/08/16 13:38:22: model [INFO] Epoch:   2/  6|Batch: 869/16927||D_loss: 1.4477|D1_loss: 0.6847|D2_loss: 0.7630||G_loss: 1.9482|R121_loss: 0.1904|R212_loss: 0.2170
2024/08/16 13:38:22: model [INFO] Epoch:   2/  6|Batch: 874/16927||D_loss: 1.3461|D1_loss: 0.6887|D2_loss: 0.6574||G_loss: 2.1020|R121_loss: 0.2613|R212_loss: 0.1999
2024/08/16 13:38:22: model [INFO] Epoch:   2/  6|Batch: 879/16927||D_loss: 1.3198|D1_loss: 0.6833|D2_loss: 0.6365||G_loss: 2.2814|R121_loss: 0.2338|R212_loss: 0.2190
2024/08/16 13:38:22: model [INFO] Epoch:   2/  6|Batch: 884/16927||D_loss: 1.3757|D1_loss: 0.7168|D2_loss: 0.6589||G_loss: 2.0980|R121_loss: 0.2236|R212_loss: 0.1966
2024/08/16 13:38:22: model [INFO] Epoch:   2/  6|Batch: 889/16927||D_loss: 1.3677|D1_loss: 0.6938|D2_loss: 0.6740||G_loss: 2.2286|R121_loss: 0.2541|R212_loss: 0.2380
2024/08/16 13:38:22: model [INFO] Epoch:   2/  6|Batch: 894/16927||D_loss: 1.3439|D1_loss: 0.7256|D2_loss: 0.6183||G_loss: 2.2653|R121_loss: 0.3249|R212_loss: 0.1927
2024/08/16 13:38:22: model [INFO] Epoch:   2/  6|Batch: 899/16927||D_loss: 1.3998|D1_loss: 0.6931|D2_loss: 0.7067||G_loss: 2.2810|R121_loss: 0.2490|R212_loss: 0.2486
2024/08/16 13:38:22: model [INFO] Epoch:   2/  6|Batch: 904/16927||D_loss: 1.4186|D1_loss: 0.7433|D2_loss: 0.6753||G_loss: 2.2441|R121_loss: 0.3278|R212_loss: 0.2183
2024/08/16 13:38:22: model [INFO] Epoch:   2/  6|Batch: 909/16927||D_loss: 1.3406|D1_loss: 0.6924|D2_loss: 0.6482||G_loss: 2.2605|R121_loss: 0.2300|R212_loss: 0.2495
2024/08/16 13:38:22: model [INFO] Epoch:   2/  6|Batch: 914/16927||D_loss: 1.4545|D1_loss: 0.6952|D2_loss: 0.7593||G_loss: 1.9178|R121_loss: 0.2069|R212_loss: 0.1928
2024/08/16 13:38:22: model [INFO] Epoch:   2/  6|Batch: 919/16927||D_loss: 1.5217|D1_loss: 0.6772|D2_loss: 0.8445||G_loss: 2.1479|R121_loss: 0.2281|R212_loss: 0.3234
2024/08/16 13:38:22: model [INFO] Epoch:   2/  6|Batch: 924/16927||D_loss: 1.4163|D1_loss: 0.7066|D2_loss: 0.7096||G_loss: 1.9524|R121_loss: 0.1968|R212_loss: 0.2011
2024/08/16 13:38:22: model [INFO] Epoch:   2/  6|Batch: 929/16927||D_loss: 1.4526|D1_loss: 0.7182|D2_loss: 0.7343||G_loss: 2.3104|R121_loss: 0.2754|R212_loss: 0.3162
2024/08/16 13:38:22: model [INFO] Epoch:   2/  6|Batch: 934/16927||D_loss: 1.4814|D1_loss: 0.7089|D2_loss: 0.7724||G_loss: 2.1945|R121_loss: 0.2139|R212_loss: 0.3668
2024/08/16 13:38:22: model [INFO] Epoch:   2/  6|Batch: 939/16927||D_loss: 1.3641|D1_loss: 0.6916|D2_loss: 0.6725||G_loss: 2.3801|R121_loss: 0.2309|R212_loss: 0.2475
2024/08/16 13:38:22: model [INFO] Epoch:   2/  6|Batch: 944/16927||D_loss: 1.4508|D1_loss: 0.7069|D2_loss: 0.7439||G_loss: 2.1311|R121_loss: 0.2675|R212_loss: 0.2381
2024/08/16 13:38:22: model [INFO] Epoch:   2/  6|Batch: 949/16927||D_loss: 1.4136|D1_loss: 0.6721|D2_loss: 0.7415||G_loss: 2.0446|R121_loss: 0.2070|R212_loss: 0.2130
2024/08/16 13:38:23: model [INFO] Epoch:   2/  6|Batch: 954/16927||D_loss: 1.4547|D1_loss: 0.7279|D2_loss: 0.7268||G_loss: 2.0992|R121_loss: 0.1988|R212_loss: 0.2786
2024/08/16 13:38:23: model [INFO] Epoch:   2/  6|Batch: 959/16927||D_loss: 1.4241|D1_loss: 0.6986|D2_loss: 0.7255||G_loss: 2.0201|R121_loss: 0.1953|R212_loss: 0.2023
2024/08/16 13:38:23: model [INFO] Epoch:   2/  6|Batch: 964/16927||D_loss: 1.4081|D1_loss: 0.7105|D2_loss: 0.6976||G_loss: 2.0182|R121_loss: 0.1890|R212_loss: 0.2060
2024/08/16 13:38:23: model [INFO] Epoch:   2/  6|Batch: 969/16927||D_loss: 1.4121|D1_loss: 0.7113|D2_loss: 0.7008||G_loss: 2.0609|R121_loss: 0.2393|R212_loss: 0.2110
2024/08/16 13:38:23: model [INFO] Epoch:   2/  6|Batch: 974/16927||D_loss: 1.3975|D1_loss: 0.7014|D2_loss: 0.6961||G_loss: 2.1854|R121_loss: 0.2020|R212_loss: 0.3367
2024/08/16 13:38:23: model [INFO] Epoch:   2/  6|Batch: 979/16927||D_loss: 1.4299|D1_loss: 0.6721|D2_loss: 0.7578||G_loss: 2.1170|R121_loss: 0.2099|R212_loss: 0.2282
2024/08/16 13:38:23: model [INFO] Epoch:   2/  6|Batch: 984/16927||D_loss: 1.4191|D1_loss: 0.7026|D2_loss: 0.7164||G_loss: 2.2064|R121_loss: 0.2324|R212_loss: 0.2016
2024/08/16 13:38:23: model [INFO] Epoch:   2/  6|Batch: 989/16927||D_loss: 1.4236|D1_loss: 0.6894|D2_loss: 0.7342||G_loss: 2.1426|R121_loss: 0.2273|R212_loss: 0.2102
2024/08/16 13:38:23: model [INFO] Epoch:   2/  6|Batch: 994/16927||D_loss: 1.3469|D1_loss: 0.6918|D2_loss: 0.6551||G_loss: 2.2984|R121_loss: 0.2541|R212_loss: 0.2149
2024/08/16 13:38:23: model [INFO] Epoch:   2/  6|Batch: 999/16927||D_loss: 1.4139|D1_loss: 0.6860|D2_loss: 0.7279||G_loss: 2.0570|R121_loss: 0.2169|R212_loss: 0.2467
2024/08/16 13:38:23: model [INFO] Epoch:   2/  6|Batch: 1004/16927||D_loss: 1.4320|D1_loss: 0.7066|D2_loss: 0.7254||G_loss: 2.0869|R121_loss: 0.2020|R212_loss: 0.3196
2024/08/16 13:38:23: model [INFO] Epoch:   2/  6|Batch: 1009/16927||D_loss: 1.4212|D1_loss: 0.6896|D2_loss: 0.7316||G_loss: 2.1064|R121_loss: 0.2030|R212_loss: 0.3172
2024/08/16 13:38:23: model [INFO] Epoch:   2/  6|Batch: 1014/16927||D_loss: 1.3987|D1_loss: 0.7187|D2_loss: 0.6799||G_loss: 2.0773|R121_loss: 0.2182|R212_loss: 0.2128
2024/08/16 13:38:23: model [INFO] Epoch:   2/  6|Batch: 1019/16927||D_loss: 1.3788|D1_loss: 0.7141|D2_loss: 0.6647||G_loss: 2.3432|R121_loss: 0.2502|R212_loss: 0.3172
2024/08/16 13:38:23: model [INFO] Epoch:   2/  6|Batch: 1024/16927||D_loss: 1.3777|D1_loss: 0.7185|D2_loss: 0.6592||G_loss: 2.1529|R121_loss: 0.2212|R212_loss: 0.2123
2024/08/16 13:38:23: model [INFO] Epoch:   2/  6|Batch: 1029/16927||D_loss: 1.4581|D1_loss: 0.6788|D2_loss: 0.7794||G_loss: 2.1067|R121_loss: 0.2201|R212_loss: 0.2167
2024/08/16 13:38:23: model [INFO] Epoch:   2/  6|Batch: 1034/16927||D_loss: 1.4055|D1_loss: 0.6972|D2_loss: 0.7083||G_loss: 2.0820|R121_loss: 0.2433|R212_loss: 0.2259
2024/08/16 13:38:23: model [INFO] Epoch:   2/  6|Batch: 1039/16927||D_loss: 1.4289|D1_loss: 0.6682|D2_loss: 0.7607||G_loss: 2.1731|R121_loss: 0.2089|R212_loss: 0.2970
2024/08/16 13:38:23: model [INFO] Epoch:   2/  6|Batch: 1044/16927||D_loss: 1.3896|D1_loss: 0.6875|D2_loss: 0.7021||G_loss: 1.9869|R121_loss: 0.2162|R212_loss: 0.2136
2024/08/16 13:38:23: model [INFO] Epoch:   2/  6|Batch: 1049/16927||D_loss: 1.4104|D1_loss: 0.7119|D2_loss: 0.6985||G_loss: 2.2165|R121_loss: 0.2603|R212_loss: 0.2377
2024/08/16 13:38:23: model [INFO] Epoch:   2/  6|Batch: 1054/16927||D_loss: 1.3680|D1_loss: 0.7139|D2_loss: 0.6541||G_loss: 2.2582|R121_loss: 0.2486|R212_loss: 0.2131
2024/08/16 13:38:23: model [INFO] Epoch:   2/  6|Batch: 1059/16927||D_loss: 1.4079|D1_loss: 0.7024|D2_loss: 0.7055||G_loss: 2.1393|R121_loss: 0.2343|R212_loss: 0.2343
2024/08/16 13:38:23: model [INFO] Epoch:   2/  6|Batch: 1064/16927||D_loss: 1.5093|D1_loss: 0.6813|D2_loss: 0.8280||G_loss: 2.2147|R121_loss: 0.2191|R212_loss: 0.4350
2024/08/16 13:38:23: model [INFO] Epoch:   2/  6|Batch: 1069/16927||D_loss: 1.4307|D1_loss: 0.6981|D2_loss: 0.7326||G_loss: 2.0862|R121_loss: 0.2380|R212_loss: 0.2250
2024/08/16 13:38:23: model [INFO] Epoch:   2/  6|Batch: 1074/16927||D_loss: 1.4195|D1_loss: 0.7377|D2_loss: 0.6818||G_loss: 2.0596|R121_loss: 0.2538|R212_loss: 0.1994
2024/08/16 13:38:23: model [INFO] Epoch:   2/  6|Batch: 1079/16927||D_loss: 1.4235|D1_loss: 0.6918|D2_loss: 0.7316||G_loss: 1.9542|R121_loss: 0.2427|R212_loss: 0.1945
2024/08/16 13:38:23: model [INFO] Epoch:   2/  6|Batch: 1084/16927||D_loss: 1.4337|D1_loss: 0.7235|D2_loss: 0.7103||G_loss: 2.2550|R121_loss: 0.2805|R212_loss: 0.3092
2024/08/16 13:38:23: model [INFO] Epoch:   2/  6|Batch: 1089/16927||D_loss: 1.3778|D1_loss: 0.7023|D2_loss: 0.6754||G_loss: 2.1778|R121_loss: 0.2421|R212_loss: 0.2090
2024/08/16 13:38:23: model [INFO] Epoch:   2/  6|Batch: 1094/16927||D_loss: 1.3560|D1_loss: 0.6937|D2_loss: 0.6623||G_loss: 2.3777|R121_loss: 0.2926|R212_loss: 0.2285
2024/08/16 13:38:23: model [INFO] Epoch:   2/  6|Batch: 1099/16927||D_loss: 1.4377|D1_loss: 0.7100|D2_loss: 0.7278||G_loss: 2.0038|R121_loss: 0.2560|R212_loss: 0.2011
2024/08/16 13:38:23: model [INFO] Epoch:   2/  6|Batch: 1104/16927||D_loss: 1.4256|D1_loss: 0.6919|D2_loss: 0.7337||G_loss: 2.1137|R121_loss: 0.2671|R212_loss: 0.2498
2024/08/16 13:38:23: model [INFO] Epoch:   2/  6|Batch: 1109/16927||D_loss: 1.3865|D1_loss: 0.7124|D2_loss: 0.6741||G_loss: 2.1173|R121_loss: 0.2394|R212_loss: 0.1940
2024/08/16 13:38:23: model [INFO] Epoch:   2/  6|Batch: 1114/16927||D_loss: 1.4181|D1_loss: 0.6890|D2_loss: 0.7291||G_loss: 2.2513|R121_loss: 0.2496|R212_loss: 0.4118
2024/08/16 13:38:23: model [INFO] Epoch:   2/  6|Batch: 1119/16927||D_loss: 1.4080|D1_loss: 0.6948|D2_loss: 0.7132||G_loss: 2.0195|R121_loss: 0.2268|R212_loss: 0.2087
2024/08/16 13:38:23: model [INFO] Epoch:   2/  6|Batch: 1124/16927||D_loss: 1.4732|D1_loss: 0.6851|D2_loss: 0.7881||G_loss: 2.1319|R121_loss: 0.2365|R212_loss: 0.2528
2024/08/16 13:38:23: model [INFO] Epoch:   2/  6|Batch: 1129/16927||D_loss: 1.3675|D1_loss: 0.7060|D2_loss: 0.6615||G_loss: 2.2372|R121_loss: 0.2577|R212_loss: 0.2064
2024/08/16 13:38:23: model [INFO] Epoch:   2/  6|Batch: 1134/16927||D_loss: 1.4552|D1_loss: 0.6836|D2_loss: 0.7716||G_loss: 2.1012|R121_loss: 0.2511|R212_loss: 0.2256
2024/08/16 13:38:24: model [INFO] Epoch:   2/  6|Batch: 1139/16927||D_loss: 1.4513|D1_loss: 0.6807|D2_loss: 0.7706||G_loss: 2.0554|R121_loss: 0.2228|R212_loss: 0.2544
2024/08/16 13:38:24: model [INFO] Epoch:   2/  6|Batch: 1144/16927||D_loss: 1.3035|D1_loss: 0.6851|D2_loss: 0.6185||G_loss: 2.2576|R121_loss: 0.3040|R212_loss: 0.1841
2024/08/16 13:38:24: model [INFO] Epoch:   2/  6|Batch: 1149/16927||D_loss: 1.4548|D1_loss: 0.6774|D2_loss: 0.7774||G_loss: 2.0942|R121_loss: 0.2471|R212_loss: 0.2810
2024/08/16 13:38:24: model [INFO] Epoch:   2/  6|Batch: 1154/16927||D_loss: 1.4002|D1_loss: 0.7026|D2_loss: 0.6977||G_loss: 2.0794|R121_loss: 0.2364|R212_loss: 0.1972
2024/08/16 13:38:24: model [INFO] Epoch:   2/  6|Batch: 1159/16927||D_loss: 1.4690|D1_loss: 0.7128|D2_loss: 0.7562||G_loss: 1.9726|R121_loss: 0.2697|R212_loss: 0.1818
2024/08/16 13:38:24: model [INFO] Epoch:   2/  6|Batch: 1164/16927||D_loss: 1.4455|D1_loss: 0.6925|D2_loss: 0.7530||G_loss: 2.0592|R121_loss: 0.2371|R212_loss: 0.2551
2024/08/16 13:38:24: model [INFO] Epoch:   2/  6|Batch: 1169/16927||D_loss: 1.4133|D1_loss: 0.6894|D2_loss: 0.7239||G_loss: 1.9911|R121_loss: 0.2606|R212_loss: 0.1941
2024/08/16 13:38:24: model [INFO] Epoch:   2/  6|Batch: 1174/16927||D_loss: 1.4417|D1_loss: 0.6895|D2_loss: 0.7522||G_loss: 2.0255|R121_loss: 0.2412|R212_loss: 0.2135
2024/08/16 13:38:24: model [INFO] Epoch:   2/  6|Batch: 1179/16927||D_loss: 1.4303|D1_loss: 0.7115|D2_loss: 0.7188||G_loss: 2.2447|R121_loss: 0.2664|R212_loss: 0.2970
2024/08/16 13:38:24: model [INFO] Epoch:   2/  6|Batch: 1184/16927||D_loss: 1.3897|D1_loss: 0.6799|D2_loss: 0.7098||G_loss: 1.9988|R121_loss: 0.2421|R212_loss: 0.2002
2024/08/16 13:38:24: model [INFO] Epoch:   2/  6|Batch: 1189/16927||D_loss: 1.4237|D1_loss: 0.6919|D2_loss: 0.7318||G_loss: 2.0750|R121_loss: 0.2374|R212_loss: 0.2577
2024/08/16 13:38:24: model [INFO] Epoch:   2/  6|Batch: 1194/16927||D_loss: 1.4439|D1_loss: 0.7136|D2_loss: 0.7302||G_loss: 2.0351|R121_loss: 0.2314|R212_loss: 0.2287
2024/08/16 13:38:24: model [INFO] Epoch:   2/  6|Batch: 1199/16927||D_loss: 1.4456|D1_loss: 0.6972|D2_loss: 0.7484||G_loss: 2.1657|R121_loss: 0.2505|R212_loss: 0.3368
2024/08/16 13:38:24: model [INFO] Epoch:   2/  6|Batch: 1204/16927||D_loss: 1.4396|D1_loss: 0.7121|D2_loss: 0.7275||G_loss: 1.9899|R121_loss: 0.2303|R212_loss: 0.1862
2024/08/16 13:38:24: model [INFO] Epoch:   2/  6|Batch: 1209/16927||D_loss: 1.4374|D1_loss: 0.6827|D2_loss: 0.7547||G_loss: 2.1650|R121_loss: 0.2569|R212_loss: 0.2809
2024/08/16 13:38:24: model [INFO] Epoch:   2/  6|Batch: 1214/16927||D_loss: 1.4322|D1_loss: 0.6961|D2_loss: 0.7360||G_loss: 2.1056|R121_loss: 0.2287|R212_loss: 0.2335
2024/08/16 13:38:24: model [INFO] Epoch:   2/  6|Batch: 1219/16927||D_loss: 1.4155|D1_loss: 0.6796|D2_loss: 0.7358||G_loss: 2.1383|R121_loss: 0.2314|R212_loss: 0.2374
2024/08/16 13:38:24: model [INFO] Epoch:   2/  6|Batch: 1224/16927||D_loss: 1.4283|D1_loss: 0.7020|D2_loss: 0.7263||G_loss: 1.9962|R121_loss: 0.2358|R212_loss: 0.1966
2024/08/16 13:38:24: model [INFO] Epoch:   2/  6|Batch: 1229/16927||D_loss: 1.3660|D1_loss: 0.6759|D2_loss: 0.6901||G_loss: 2.2099|R121_loss: 0.2487|R212_loss: 0.2310
2024/08/16 13:38:24: model [INFO] Epoch:   2/  6|Batch: 1234/16927||D_loss: 1.3967|D1_loss: 0.7192|D2_loss: 0.6775||G_loss: 2.2695|R121_loss: 0.2959|R212_loss: 0.2421
2024/08/16 13:38:24: model [INFO] Epoch:   2/  6|Batch: 1239/16927||D_loss: 1.4328|D1_loss: 0.7156|D2_loss: 0.7173||G_loss: 2.0303|R121_loss: 0.2436|R212_loss: 0.2107
2024/08/16 13:38:24: model [INFO] Epoch:   2/  6|Batch: 1244/16927||D_loss: 1.3875|D1_loss: 0.6690|D2_loss: 0.7184||G_loss: 2.0914|R121_loss: 0.2252|R212_loss: 0.2204
2024/08/16 13:38:24: model [INFO] Epoch:   2/  6|Batch: 1249/16927||D_loss: 1.4318|D1_loss: 0.7163|D2_loss: 0.7154||G_loss: 2.0938|R121_loss: 0.2689|R212_loss: 0.2191
2024/08/16 13:38:24: model [INFO] Epoch:   2/  6|Batch: 1254/16927||D_loss: 1.3211|D1_loss: 0.6451|D2_loss: 0.6760||G_loss: 2.3355|R121_loss: 0.2532|R212_loss: 0.2353
2024/08/16 13:38:24: model [INFO] Epoch:   2/  6|Batch: 1259/16927||D_loss: 1.3908|D1_loss: 0.6828|D2_loss: 0.7080||G_loss: 2.2423|R121_loss: 0.2554|R212_loss: 0.3172
2024/08/16 13:38:24: model [INFO] Epoch:   2/  6|Batch: 1264/16927||D_loss: 1.3473|D1_loss: 0.6813|D2_loss: 0.6660||G_loss: 2.2695|R121_loss: 0.2645|R212_loss: 0.2044
2024/08/16 13:38:24: model [INFO] Epoch:   2/  6|Batch: 1269/16927||D_loss: 1.4226|D1_loss: 0.6915|D2_loss: 0.7311||G_loss: 2.0698|R121_loss: 0.2532|R212_loss: 0.2167
2024/08/16 13:38:24: model [INFO] Epoch:   2/  6|Batch: 1274/16927||D_loss: 1.3701|D1_loss: 0.6907|D2_loss: 0.6794||G_loss: 2.2820|R121_loss: 0.2896|R212_loss: 0.1991
2024/08/16 13:38:24: model [INFO] Epoch:   2/  6|Batch: 1279/16927||D_loss: 1.3609|D1_loss: 0.6836|D2_loss: 0.6773||G_loss: 2.2147|R121_loss: 0.2588|R212_loss: 0.1983
2024/08/16 13:38:24: model [INFO] Epoch:   2/  6|Batch: 1284/16927||D_loss: 1.3535|D1_loss: 0.6786|D2_loss: 0.6748||G_loss: 2.2460|R121_loss: 0.2391|R212_loss: 0.3281
2024/08/16 13:38:24: model [INFO] Epoch:   2/  6|Batch: 1289/16927||D_loss: 1.4416|D1_loss: 0.7220|D2_loss: 0.7196||G_loss: 2.1122|R121_loss: 0.3312|R212_loss: 0.1955
2024/08/16 13:38:24: model [INFO] Epoch:   2/  6|Batch: 1294/16927||D_loss: 1.4408|D1_loss: 0.6709|D2_loss: 0.7699||G_loss: 2.1196|R121_loss: 0.2453|R212_loss: 0.2389
2024/08/16 13:38:24: model [INFO] Epoch:   2/  6|Batch: 1299/16927||D_loss: 1.3905|D1_loss: 0.6824|D2_loss: 0.7082||G_loss: 2.3234|R121_loss: 0.2492|R212_loss: 0.2777
2024/08/16 13:38:24: model [INFO] Epoch:   2/  6|Batch: 1304/16927||D_loss: 1.4042|D1_loss: 0.6804|D2_loss: 0.7239||G_loss: 2.0807|R121_loss: 0.2464|R212_loss: 0.2333
2024/08/16 13:38:24: model [INFO] Epoch:   2/  6|Batch: 1309/16927||D_loss: 1.3763|D1_loss: 0.6656|D2_loss: 0.7107||G_loss: 2.0494|R121_loss: 0.2626|R212_loss: 0.1980
2024/08/16 13:38:24: model [INFO] Epoch:   2/  6|Batch: 1314/16927||D_loss: 1.3334|D1_loss: 0.6696|D2_loss: 0.6639||G_loss: 2.2211|R121_loss: 0.2390|R212_loss: 0.1921
2024/08/16 13:38:24: model [INFO] Epoch:   2/  6|Batch: 1319/16927||D_loss: 1.4498|D1_loss: 0.6666|D2_loss: 0.7832||G_loss: 2.2285|R121_loss: 0.2784|R212_loss: 0.2591
2024/08/16 13:38:25: model [INFO] Epoch:   2/  6|Batch: 1324/16927||D_loss: 1.4917|D1_loss: 0.7445|D2_loss: 0.7472||G_loss: 1.9955|R121_loss: 0.2810|R212_loss: 0.1997
2024/08/16 13:38:25: model [INFO] Epoch:   2/  6|Batch: 1329/16927||D_loss: 1.4917|D1_loss: 0.6809|D2_loss: 0.8108||G_loss: 2.0883|R121_loss: 0.2624|R212_loss: 0.2603
2024/08/16 13:38:25: model [INFO] Epoch:   2/  6|Batch: 1334/16927||D_loss: 1.4741|D1_loss: 0.7509|D2_loss: 0.7232||G_loss: 2.1684|R121_loss: 0.3154|R212_loss: 0.2185
2024/08/16 13:38:25: model [INFO] Epoch:   2/  6|Batch: 1339/16927||D_loss: 1.3597|D1_loss: 0.6739|D2_loss: 0.6858||G_loss: 2.1467|R121_loss: 0.2871|R212_loss: 0.1809
2024/08/16 13:38:25: model [INFO] Epoch:   2/  6|Batch: 1344/16927||D_loss: 1.3974|D1_loss: 0.6964|D2_loss: 0.7010||G_loss: 2.0087|R121_loss: 0.2367|R212_loss: 0.1903
2024/08/16 13:38:25: model [INFO] Epoch:   2/  6|Batch: 1349/16927||D_loss: 1.4616|D1_loss: 0.7194|D2_loss: 0.7422||G_loss: 1.9472|R121_loss: 0.2649|R212_loss: 0.1808
2024/08/16 13:38:25: model [INFO] Epoch:   2/  6|Batch: 1354/16927||D_loss: 1.3506|D1_loss: 0.6653|D2_loss: 0.6853||G_loss: 2.3877|R121_loss: 0.3354|R212_loss: 0.2161
2024/08/16 13:38:25: model [INFO] Epoch:   2/  6|Batch: 1359/16927||D_loss: 1.3744|D1_loss: 0.6681|D2_loss: 0.7063||G_loss: 2.1638|R121_loss: 0.2775|R212_loss: 0.2211
2024/08/16 13:38:25: model [INFO] Epoch:   2/  6|Batch: 1364/16927||D_loss: 1.4499|D1_loss: 0.6802|D2_loss: 0.7697||G_loss: 2.1854|R121_loss: 0.2849|R212_loss: 0.2952
2024/08/16 13:38:25: model [INFO] Epoch:   2/  6|Batch: 1369/16927||D_loss: 1.4225|D1_loss: 0.6608|D2_loss: 0.7617||G_loss: 1.9465|R121_loss: 0.2463|R212_loss: 0.1926
2024/08/16 13:38:25: model [INFO] Epoch:   2/  6|Batch: 1374/16927||D_loss: 1.3446|D1_loss: 0.7115|D2_loss: 0.6332||G_loss: 2.5006|R121_loss: 0.3068|R212_loss: 0.2772
2024/08/16 13:38:25: model [INFO] Epoch:   2/  6|Batch: 1379/16927||D_loss: 1.4003|D1_loss: 0.6665|D2_loss: 0.7338||G_loss: 2.1060|R121_loss: 0.2417|R212_loss: 0.2169
2024/08/16 13:38:25: model [INFO] Epoch:   2/  6|Batch: 1384/16927||D_loss: 1.4651|D1_loss: 0.7093|D2_loss: 0.7558||G_loss: 1.9556|R121_loss: 0.2606|R212_loss: 0.1796
2024/08/16 13:38:25: model [INFO] Epoch:   2/  6|Batch: 1389/16927||D_loss: 1.3802|D1_loss: 0.6673|D2_loss: 0.7130||G_loss: 2.0268|R121_loss: 0.2352|R212_loss: 0.1790
2024/08/16 13:38:25: model [INFO] Epoch:   2/  6|Batch: 1394/16927||D_loss: 1.4955|D1_loss: 0.6748|D2_loss: 0.8207||G_loss: 1.9872|R121_loss: 0.2313|R212_loss: 0.2278
2024/08/16 13:38:25: model [INFO] Epoch:   2/  6|Batch: 1399/16927||D_loss: 1.4295|D1_loss: 0.6687|D2_loss: 0.7608||G_loss: 1.9469|R121_loss: 0.2270|R212_loss: 0.2035
2024/08/16 13:38:25: model [INFO] Epoch:   2/  6|Batch: 1404/16927||D_loss: 1.4900|D1_loss: 0.7005|D2_loss: 0.7895||G_loss: 2.0027|R121_loss: 0.2689|R212_loss: 0.2094
2024/08/16 13:38:25: model [INFO] Epoch:   2/  6|Batch: 1409/16927||D_loss: 1.3882|D1_loss: 0.6594|D2_loss: 0.7288||G_loss: 2.0863|R121_loss: 0.2404|R212_loss: 0.2136
2024/08/16 13:38:25: model [INFO] Epoch:   2/  6|Batch: 1414/16927||D_loss: 1.3601|D1_loss: 0.7016|D2_loss: 0.6584||G_loss: 2.3302|R121_loss: 0.3033|R212_loss: 0.2248
2024/08/16 13:38:25: model [INFO] Epoch:   2/  6|Batch: 1419/16927||D_loss: 1.4043|D1_loss: 0.6851|D2_loss: 0.7192||G_loss: 2.0426|R121_loss: 0.2650|R212_loss: 0.1890
2024/08/16 13:38:25: model [INFO] Epoch:   2/  6|Batch: 1424/16927||D_loss: 1.3491|D1_loss: 0.6919|D2_loss: 0.6573||G_loss: 2.3930|R121_loss: 0.2441|R212_loss: 0.2997
2024/08/16 13:38:25: model [INFO] Epoch:   2/  6|Batch: 1429/16927||D_loss: 1.4478|D1_loss: 0.7160|D2_loss: 0.7319||G_loss: 2.1847|R121_loss: 0.3024|R212_loss: 0.2516
2024/08/16 13:38:25: model [INFO] Epoch:   2/  6|Batch: 1434/16927||D_loss: 1.3782|D1_loss: 0.6974|D2_loss: 0.6808||G_loss: 2.2324|R121_loss: 0.2868|R212_loss: 0.2011
2024/08/16 13:38:25: model [INFO] Epoch:   2/  6|Batch: 1439/16927||D_loss: 1.3724|D1_loss: 0.6762|D2_loss: 0.6962||G_loss: 2.1983|R121_loss: 0.2670|R212_loss: 0.3548
2024/08/16 13:38:25: model [INFO] Epoch:   2/  6|Batch: 1444/16927||D_loss: 1.4334|D1_loss: 0.6696|D2_loss: 0.7638||G_loss: 2.1040|R121_loss: 0.2486|R212_loss: 0.2506
2024/08/16 13:38:25: model [INFO] Epoch:   2/  6|Batch: 1449/16927||D_loss: 1.4021|D1_loss: 0.6822|D2_loss: 0.7199||G_loss: 2.2923|R121_loss: 0.3054|R212_loss: 0.2255
2024/08/16 13:38:25: model [INFO] Epoch:   2/  6|Batch: 1454/16927||D_loss: 1.3248|D1_loss: 0.6770|D2_loss: 0.6478||G_loss: 2.5146|R121_loss: 0.3445|R212_loss: 0.2507
2024/08/16 13:38:25: model [INFO] Epoch:   2/  6|Batch: 1459/16927||D_loss: 1.3915|D1_loss: 0.6824|D2_loss: 0.7091||G_loss: 2.1648|R121_loss: 0.2218|R212_loss: 0.2303
2024/08/16 13:38:25: model [INFO] Epoch:   2/  6|Batch: 1464/16927||D_loss: 1.4567|D1_loss: 0.7106|D2_loss: 0.7461||G_loss: 1.9409|R121_loss: 0.2590|R212_loss: 0.1907
2024/08/16 13:38:25: model [INFO] Epoch:   2/  6|Batch: 1469/16927||D_loss: 1.4540|D1_loss: 0.6838|D2_loss: 0.7701||G_loss: 2.0493|R121_loss: 0.2415|R212_loss: 0.2671
2024/08/16 13:38:25: model [INFO] Epoch:   2/  6|Batch: 1474/16927||D_loss: 1.4568|D1_loss: 0.7080|D2_loss: 0.7488||G_loss: 2.0892|R121_loss: 0.2996|R212_loss: 0.2041
2024/08/16 13:38:25: model [INFO] Epoch:   2/  6|Batch: 1479/16927||D_loss: 1.4178|D1_loss: 0.6803|D2_loss: 0.7376||G_loss: 2.1246|R121_loss: 0.2680|R212_loss: 0.2368
2024/08/16 13:38:25: model [INFO] Epoch:   2/  6|Batch: 1484/16927||D_loss: 1.4220|D1_loss: 0.6827|D2_loss: 0.7393||G_loss: 2.2681|R121_loss: 0.2547|R212_loss: 0.3547
2024/08/16 13:38:25: model [INFO] Epoch:   2/  6|Batch: 1489/16927||D_loss: 1.4253|D1_loss: 0.6948|D2_loss: 0.7305||G_loss: 2.1632|R121_loss: 0.2255|R212_loss: 0.3378
2024/08/16 13:38:25: model [INFO] Epoch:   2/  6|Batch: 1494/16927||D_loss: 1.4283|D1_loss: 0.6917|D2_loss: 0.7367||G_loss: 2.0220|R121_loss: 0.2175|R212_loss: 0.1857
2024/08/16 13:38:25: model [INFO] Epoch:   2/  6|Batch: 1499/16927||D_loss: 1.4178|D1_loss: 0.7068|D2_loss: 0.7109||G_loss: 2.1566|R121_loss: 0.2259|R212_loss: 0.2462
2024/08/16 13:38:25: model [INFO] Epoch:   2/  6|Batch: 1504/16927||D_loss: 1.4058|D1_loss: 0.6866|D2_loss: 0.7192||G_loss: 2.0585|R121_loss: 0.2385|R212_loss: 0.2006
2024/08/16 13:38:26: model [INFO] Epoch:   2/  6|Batch: 1509/16927||D_loss: 1.3746|D1_loss: 0.6946|D2_loss: 0.6800||G_loss: 2.3369|R121_loss: 0.2550|R212_loss: 0.2953
2024/08/16 13:38:26: model [INFO] Epoch:   2/  6|Batch: 1514/16927||D_loss: 1.4355|D1_loss: 0.6770|D2_loss: 0.7584||G_loss: 2.0857|R121_loss: 0.2589|R212_loss: 0.2297
2024/08/16 13:38:26: model [INFO] Epoch:   2/  6|Batch: 1519/16927||D_loss: 1.3896|D1_loss: 0.7020|D2_loss: 0.6876||G_loss: 2.1831|R121_loss: 0.2885|R212_loss: 0.1922
2024/08/16 13:38:26: model [INFO] Epoch:   2/  6|Batch: 1524/16927||D_loss: 1.4240|D1_loss: 0.6893|D2_loss: 0.7347||G_loss: 2.0278|R121_loss: 0.2527|R212_loss: 0.1919
2024/08/16 13:38:26: model [INFO] Epoch:   2/  6|Batch: 1529/16927||D_loss: 1.3905|D1_loss: 0.7006|D2_loss: 0.6899||G_loss: 2.2511|R121_loss: 0.2734|R212_loss: 0.2517
2024/08/16 13:38:26: model [INFO] Epoch:   2/  6|Batch: 1534/16927||D_loss: 1.4229|D1_loss: 0.6981|D2_loss: 0.7248||G_loss: 1.9895|R121_loss: 0.2570|R212_loss: 0.1951
2024/08/16 13:38:26: model [INFO] Epoch:   2/  6|Batch: 1539/16927||D_loss: 1.3974|D1_loss: 0.6785|D2_loss: 0.7189||G_loss: 2.0784|R121_loss: 0.2969|R212_loss: 0.2191
2024/08/16 13:38:26: model [INFO] Epoch:   2/  6|Batch: 1544/16927||D_loss: 1.3397|D1_loss: 0.6696|D2_loss: 0.6701||G_loss: 2.2388|R121_loss: 0.2775|R212_loss: 0.2183
2024/08/16 13:38:26: model [INFO] Epoch:   2/  6|Batch: 1549/16927||D_loss: 1.4443|D1_loss: 0.6836|D2_loss: 0.7607||G_loss: 1.9630|R121_loss: 0.2679|R212_loss: 0.1962
2024/08/16 13:38:26: model [INFO] Epoch:   2/  6|Batch: 1554/16927||D_loss: 1.4154|D1_loss: 0.6861|D2_loss: 0.7293||G_loss: 2.0545|R121_loss: 0.2344|R212_loss: 0.2265
2024/08/16 13:38:26: model [INFO] Epoch:   2/  6|Batch: 1559/16927||D_loss: 1.4171|D1_loss: 0.6982|D2_loss: 0.7189||G_loss: 2.0502|R121_loss: 0.2668|R212_loss: 0.2225
2024/08/16 13:38:26: model [INFO] Epoch:   2/  6|Batch: 1564/16927||D_loss: 1.4143|D1_loss: 0.7000|D2_loss: 0.7143||G_loss: 2.1521|R121_loss: 0.3021|R212_loss: 0.2156
2024/08/16 13:38:26: model [INFO] Epoch:   2/  6|Batch: 1569/16927||D_loss: 1.3920|D1_loss: 0.6706|D2_loss: 0.7214||G_loss: 2.0846|R121_loss: 0.2576|R212_loss: 0.2396
2024/08/16 13:38:26: model [INFO] Epoch:   2/  6|Batch: 1574/16927||D_loss: 1.4053|D1_loss: 0.6752|D2_loss: 0.7301||G_loss: 2.0785|R121_loss: 0.2539|R212_loss: 0.2258
2024/08/16 13:38:26: model [INFO] Epoch:   2/  6|Batch: 1579/16927||D_loss: 1.4612|D1_loss: 0.7170|D2_loss: 0.7442||G_loss: 2.0067|R121_loss: 0.2352|R212_loss: 0.2046
2024/08/16 13:38:26: model [INFO] Epoch:   2/  6|Batch: 1584/16927||D_loss: 1.2868|D1_loss: 0.6810|D2_loss: 0.6058||G_loss: 2.4921|R121_loss: 0.3033|R212_loss: 0.2272
2024/08/16 13:38:26: model [INFO] Epoch:   2/  6|Batch: 1589/16927||D_loss: 1.4257|D1_loss: 0.7143|D2_loss: 0.7114||G_loss: 2.0800|R121_loss: 0.2541|R212_loss: 0.1914
2024/08/16 13:38:26: model [INFO] Epoch:   2/  6|Batch: 1594/16927||D_loss: 1.4057|D1_loss: 0.7129|D2_loss: 0.6928||G_loss: 2.1109|R121_loss: 0.2559|R212_loss: 0.1915
2024/08/16 13:38:26: model [INFO] Epoch:   2/  6|Batch: 1599/16927||D_loss: 1.3712|D1_loss: 0.6948|D2_loss: 0.6764||G_loss: 2.1045|R121_loss: 0.2450|R212_loss: 0.2063
2024/08/16 13:38:26: model [INFO] Epoch:   2/  6|Batch: 1604/16927||D_loss: 1.4410|D1_loss: 0.6627|D2_loss: 0.7783||G_loss: 1.8941|R121_loss: 0.2621|R212_loss: 0.1855
2024/08/16 13:38:26: model [INFO] Epoch:   2/  6|Batch: 1609/16927||D_loss: 1.4606|D1_loss: 0.7229|D2_loss: 0.7377||G_loss: 2.2879|R121_loss: 0.2844|R212_loss: 0.3634
2024/08/16 13:38:26: model [INFO] Epoch:   2/  6|Batch: 1614/16927||D_loss: 1.4650|D1_loss: 0.6924|D2_loss: 0.7726||G_loss: 1.9041|R121_loss: 0.2490|R212_loss: 0.1857
2024/08/16 13:38:26: model [INFO] Epoch:   2/  6|Batch: 1619/16927||D_loss: 1.4455|D1_loss: 0.6987|D2_loss: 0.7469||G_loss: 2.1057|R121_loss: 0.2547|R212_loss: 0.3117
2024/08/16 13:38:26: model [INFO] Epoch:   2/  6|Batch: 1624/16927||D_loss: 1.4808|D1_loss: 0.7071|D2_loss: 0.7738||G_loss: 1.9298|R121_loss: 0.2318|R212_loss: 0.1876
2024/08/16 13:38:26: model [INFO] Epoch:   2/  6|Batch: 1629/16927||D_loss: 1.4671|D1_loss: 0.7066|D2_loss: 0.7605||G_loss: 1.9730|R121_loss: 0.2397|R212_loss: 0.1834
2024/08/16 13:38:26: model [INFO] Epoch:   2/  6|Batch: 1634/16927||D_loss: 1.4740|D1_loss: 0.7270|D2_loss: 0.7470||G_loss: 1.9486|R121_loss: 0.2263|R212_loss: 0.1736
2024/08/16 13:38:26: model [INFO] Epoch:   2/  6|Batch: 1639/16927||D_loss: 1.4213|D1_loss: 0.7082|D2_loss: 0.7131||G_loss: 2.5329|R121_loss: 0.3810|R212_loss: 0.2608
2024/08/16 13:38:26: model [INFO] Epoch:   2/  6|Batch: 1644/16927||D_loss: 1.4438|D1_loss: 0.7156|D2_loss: 0.7282||G_loss: 1.9992|R121_loss: 0.2363|R212_loss: 0.1925
2024/08/16 13:38:26: model [INFO] Epoch:   2/  6|Batch: 1649/16927||D_loss: 1.3566|D1_loss: 0.7145|D2_loss: 0.6421||G_loss: 2.2759|R121_loss: 0.3055|R212_loss: 0.1871
2024/08/16 13:38:26: model [INFO] Epoch:   2/  6|Batch: 1654/16927||D_loss: 1.4911|D1_loss: 0.7144|D2_loss: 0.7767||G_loss: 1.8504|R121_loss: 0.2236|R212_loss: 0.1839
2024/08/16 13:38:26: model [INFO] Epoch:   2/  6|Batch: 1659/16927||D_loss: 1.4893|D1_loss: 0.6833|D2_loss: 0.8060||G_loss: 1.9713|R121_loss: 0.2334|R212_loss: 0.2594
2024/08/16 13:38:26: model [INFO] Epoch:   2/  6|Batch: 1664/16927||D_loss: 1.4673|D1_loss: 0.7180|D2_loss: 0.7493||G_loss: 1.8451|R121_loss: 0.2137|R212_loss: 0.1842
2024/08/16 13:38:26: model [INFO] Epoch:   2/  6|Batch: 1669/16927||D_loss: 1.4612|D1_loss: 0.6747|D2_loss: 0.7865||G_loss: 2.0060|R121_loss: 0.2913|R212_loss: 0.2175
2024/08/16 13:38:26: model [INFO] Epoch:   2/  6|Batch: 1674/16927||D_loss: 1.4748|D1_loss: 0.6822|D2_loss: 0.7926||G_loss: 1.9834|R121_loss: 0.2393|R212_loss: 0.2201
2024/08/16 13:38:26: model [INFO] Epoch:   2/  6|Batch: 1679/16927||D_loss: 1.4433|D1_loss: 0.6930|D2_loss: 0.7503||G_loss: 2.0472|R121_loss: 0.2240|R212_loss: 0.2217
2024/08/16 13:38:26: model [INFO] Epoch:   2/  6|Batch: 1684/16927||D_loss: 1.4517|D1_loss: 0.7222|D2_loss: 0.7295||G_loss: 2.0106|R121_loss: 0.2330|R212_loss: 0.1970
2024/08/16 13:38:27: model [INFO] Epoch:   2/  6|Batch: 1689/16927||D_loss: 1.3828|D1_loss: 0.7122|D2_loss: 0.6706||G_loss: 2.1861|R121_loss: 0.2588|R212_loss: 0.1867
2024/08/16 13:38:27: model [INFO] Epoch:   2/  6|Batch: 1694/16927||D_loss: 1.4420|D1_loss: 0.7247|D2_loss: 0.7173||G_loss: 1.9580|R121_loss: 0.2323|R212_loss: 0.1861
2024/08/16 13:38:27: model [INFO] Epoch:   2/  6|Batch: 1699/16927||D_loss: 1.4458|D1_loss: 0.7120|D2_loss: 0.7338||G_loss: 1.9975|R121_loss: 0.2925|R212_loss: 0.1893
2024/08/16 13:38:27: model [INFO] Epoch:   2/  6|Batch: 1704/16927||D_loss: 1.5047|D1_loss: 0.7191|D2_loss: 0.7856||G_loss: 1.9928|R121_loss: 0.2625|R212_loss: 0.2219
2024/08/16 13:38:27: model [INFO] Epoch:   2/  6|Batch: 1709/16927||D_loss: 1.4168|D1_loss: 0.6826|D2_loss: 0.7343||G_loss: 2.3500|R121_loss: 0.2983|R212_loss: 0.3595
2024/08/16 13:38:27: model [INFO] Epoch:   2/  6|Batch: 1714/16927||D_loss: 1.4541|D1_loss: 0.6689|D2_loss: 0.7852||G_loss: 2.0693|R121_loss: 0.2551|R212_loss: 0.2200
2024/08/16 13:38:27: model [INFO] Epoch:   2/  6|Batch: 1719/16927||D_loss: 1.4424|D1_loss: 0.6671|D2_loss: 0.7753||G_loss: 2.0679|R121_loss: 0.2602|R212_loss: 0.2182
2024/08/16 13:38:27: model [INFO] Epoch:   2/  6|Batch: 1724/16927||D_loss: 1.3685|D1_loss: 0.6885|D2_loss: 0.6800||G_loss: 2.3423|R121_loss: 0.2891|R212_loss: 0.2905
2024/08/16 13:38:27: model [INFO] Epoch:   2/  6|Batch: 1729/16927||D_loss: 1.4213|D1_loss: 0.6838|D2_loss: 0.7375||G_loss: 2.3092|R121_loss: 0.3620|R212_loss: 0.2889
2024/08/16 13:38:27: model [INFO] Epoch:   2/  6|Batch: 1734/16927||D_loss: 1.4544|D1_loss: 0.7015|D2_loss: 0.7529||G_loss: 2.2388|R121_loss: 0.2472|R212_loss: 0.3718
2024/08/16 13:38:27: model [INFO] Epoch:   2/  6|Batch: 1739/16927||D_loss: 1.4751|D1_loss: 0.6941|D2_loss: 0.7810||G_loss: 2.0871|R121_loss: 0.2465|R212_loss: 0.2281
2024/08/16 13:38:27: model [INFO] Epoch:   2/  6|Batch: 1744/16927||D_loss: 1.3690|D1_loss: 0.6839|D2_loss: 0.6851||G_loss: 2.4042|R121_loss: 0.3258|R212_loss: 0.2542
2024/08/16 13:38:27: model [INFO] Epoch:   2/  6|Batch: 1749/16927||D_loss: 1.4519|D1_loss: 0.7491|D2_loss: 0.7028||G_loss: 2.0765|R121_loss: 0.2514|R212_loss: 0.1962
2024/08/16 13:38:27: model [INFO] Epoch:   2/  6|Batch: 1754/16927||D_loss: 1.4380|D1_loss: 0.6878|D2_loss: 0.7502||G_loss: 2.0982|R121_loss: 0.2490|R212_loss: 0.2249
2024/08/16 13:38:27: model [INFO] Epoch:   2/  6|Batch: 1759/16927||D_loss: 1.4825|D1_loss: 0.7199|D2_loss: 0.7626||G_loss: 2.0586|R121_loss: 0.2599|R212_loss: 0.2604
2024/08/16 13:38:27: model [INFO] Epoch:   2/  6|Batch: 1764/16927||D_loss: 1.4001|D1_loss: 0.6542|D2_loss: 0.7459||G_loss: 2.1259|R121_loss: 0.2629|R212_loss: 0.2221
2024/08/16 13:38:27: model [INFO] Epoch:   2/  6|Batch: 1769/16927||D_loss: 1.3969|D1_loss: 0.7082|D2_loss: 0.6887||G_loss: 2.3844|R121_loss: 0.2829|R212_loss: 0.3238
2024/08/16 13:38:27: model [INFO] Epoch:   2/  6|Batch: 1774/16927||D_loss: 1.3826|D1_loss: 0.6841|D2_loss: 0.6985||G_loss: 2.2068|R121_loss: 0.2445|R212_loss: 0.2027
2024/08/16 13:38:27: model [INFO] Epoch:   2/  6|Batch: 1779/16927||D_loss: 1.4169|D1_loss: 0.6925|D2_loss: 0.7244||G_loss: 2.1406|R121_loss: 0.3089|R212_loss: 0.2595
2024/08/16 13:38:27: model [INFO] Epoch:   2/  6|Batch: 1784/16927||D_loss: 1.3461|D1_loss: 0.6982|D2_loss: 0.6479||G_loss: 2.3402|R121_loss: 0.2967|R212_loss: 0.2342
2024/08/16 13:38:27: model [INFO] Epoch:   2/  6|Batch: 1789/16927||D_loss: 1.4770|D1_loss: 0.6651|D2_loss: 0.8119||G_loss: 2.1597|R121_loss: 0.2549|R212_loss: 0.3076
2024/08/16 13:38:27: model [INFO] Epoch:   2/  6|Batch: 1794/16927||D_loss: 1.4985|D1_loss: 0.7141|D2_loss: 0.7843||G_loss: 1.9479|R121_loss: 0.2611|R212_loss: 0.1887
2024/08/16 13:38:27: model [INFO] Epoch:   2/  6|Batch: 1799/16927||D_loss: 1.4369|D1_loss: 0.7000|D2_loss: 0.7369||G_loss: 2.1015|R121_loss: 0.2630|R212_loss: 0.2495
2024/08/16 13:38:27: model [INFO] Epoch:   2/  6|Batch: 1804/16927||D_loss: 1.4708|D1_loss: 0.7134|D2_loss: 0.7574||G_loss: 1.9476|R121_loss: 0.2398|R212_loss: 0.1832
2024/08/16 13:38:27: model [INFO] Epoch:   2/  6|Batch: 1809/16927||D_loss: 1.4657|D1_loss: 0.6983|D2_loss: 0.7674||G_loss: 2.1426|R121_loss: 0.2414|R212_loss: 0.3130
2024/08/16 13:38:27: model [INFO] Epoch:   2/  6|Batch: 1814/16927||D_loss: 1.3991|D1_loss: 0.6895|D2_loss: 0.7096||G_loss: 2.1322|R121_loss: 0.2286|R212_loss: 0.2396
2024/08/16 13:38:27: model [INFO] Epoch:   2/  6|Batch: 1819/16927||D_loss: 1.3587|D1_loss: 0.6614|D2_loss: 0.6973||G_loss: 2.3202|R121_loss: 0.2447|R212_loss: 0.2233
2024/08/16 13:38:27: model [INFO] Epoch:   2/  6|Batch: 1824/16927||D_loss: 1.4378|D1_loss: 0.6737|D2_loss: 0.7641||G_loss: 2.0780|R121_loss: 0.2469|R212_loss: 0.2187
2024/08/16 13:38:27: model [INFO] Epoch:   2/  6|Batch: 1829/16927||D_loss: 1.4198|D1_loss: 0.6909|D2_loss: 0.7289||G_loss: 2.0767|R121_loss: 0.2448|R212_loss: 0.2703
2024/08/16 13:38:27: model [INFO] Epoch:   2/  6|Batch: 1834/16927||D_loss: 1.4277|D1_loss: 0.6944|D2_loss: 0.7334||G_loss: 2.1445|R121_loss: 0.2788|R212_loss: 0.2459
2024/08/16 13:38:27: model [INFO] Epoch:   2/  6|Batch: 1839/16927||D_loss: 1.4146|D1_loss: 0.7083|D2_loss: 0.7063||G_loss: 2.1278|R121_loss: 0.2732|R212_loss: 0.1972
2024/08/16 13:38:27: model [INFO] Epoch:   2/  6|Batch: 1844/16927||D_loss: 1.4336|D1_loss: 0.6812|D2_loss: 0.7524||G_loss: 2.2166|R121_loss: 0.2443|R212_loss: 0.3559
2024/08/16 13:38:27: model [INFO] Epoch:   2/  6|Batch: 1849/16927||D_loss: 1.3866|D1_loss: 0.6916|D2_loss: 0.6950||G_loss: 2.0718|R121_loss: 0.2417|R212_loss: 0.2467
2024/08/16 13:38:27: model [INFO] Epoch:   2/  6|Batch: 1854/16927||D_loss: 1.3428|D1_loss: 0.6676|D2_loss: 0.6752||G_loss: 2.2962|R121_loss: 0.2969|R212_loss: 0.2133
2024/08/16 13:38:27: model [INFO] Epoch:   2/  6|Batch: 1859/16927||D_loss: 1.4082|D1_loss: 0.6899|D2_loss: 0.7183||G_loss: 2.0467|R121_loss: 0.2435|R212_loss: 0.1781
2024/08/16 13:38:27: model [INFO] Epoch:   2/  6|Batch: 1864/16927||D_loss: 1.4812|D1_loss: 0.7171|D2_loss: 0.7641||G_loss: 1.9444|R121_loss: 0.2459|R212_loss: 0.1926
2024/08/16 13:38:27: model [INFO] Epoch:   2/  6|Batch: 1869/16927||D_loss: 1.4232|D1_loss: 0.7361|D2_loss: 0.6871||G_loss: 2.2226|R121_loss: 0.3010|R212_loss: 0.1906
2024/08/16 13:38:28: model [INFO] Epoch:   2/  6|Batch: 1874/16927||D_loss: 1.4544|D1_loss: 0.6936|D2_loss: 0.7608||G_loss: 1.9323|R121_loss: 0.2479|R212_loss: 0.1818
2024/08/16 13:38:28: model [INFO] Epoch:   2/  6|Batch: 1879/16927||D_loss: 1.4454|D1_loss: 0.6944|D2_loss: 0.7511||G_loss: 1.9324|R121_loss: 0.2560|R212_loss: 0.1750
2024/08/16 13:38:28: model [INFO] Epoch:   2/  6|Batch: 1884/16927||D_loss: 1.4169|D1_loss: 0.6698|D2_loss: 0.7471||G_loss: 2.0856|R121_loss: 0.2647|R212_loss: 0.2383
2024/08/16 13:38:28: model [INFO] Epoch:   2/  6|Batch: 1889/16927||D_loss: 1.4304|D1_loss: 0.6775|D2_loss: 0.7529||G_loss: 2.0785|R121_loss: 0.2436|R212_loss: 0.2470
2024/08/16 13:38:28: model [INFO] Epoch:   2/  6|Batch: 1894/16927||D_loss: 1.4310|D1_loss: 0.6990|D2_loss: 0.7320||G_loss: 2.0086|R121_loss: 0.2446|R212_loss: 0.1823
2024/08/16 13:38:28: model [INFO] Epoch:   2/  6|Batch: 1899/16927||D_loss: 1.3515|D1_loss: 0.7105|D2_loss: 0.6410||G_loss: 2.3017|R121_loss: 0.2777|R212_loss: 0.1784
2024/08/16 13:38:28: model [INFO] Epoch:   2/  6|Batch: 1904/16927||D_loss: 1.4315|D1_loss: 0.6808|D2_loss: 0.7507||G_loss: 2.0515|R121_loss: 0.2424|R212_loss: 0.2128
2024/08/16 13:38:28: model [INFO] Epoch:   2/  6|Batch: 1909/16927||D_loss: 1.3268|D1_loss: 0.6705|D2_loss: 0.6563||G_loss: 2.2334|R121_loss: 0.2538|R212_loss: 0.2164
2024/08/16 13:38:28: model [INFO] Epoch:   2/  6|Batch: 1914/16927||D_loss: 1.4384|D1_loss: 0.6965|D2_loss: 0.7419||G_loss: 2.2022|R121_loss: 0.2956|R212_loss: 0.3139
2024/08/16 13:38:28: model [INFO] Epoch:   2/  6|Batch: 1919/16927||D_loss: 1.4130|D1_loss: 0.6809|D2_loss: 0.7321||G_loss: 2.1404|R121_loss: 0.2856|R212_loss: 0.3097
2024/08/16 13:38:28: model [INFO] Epoch:   2/  6|Batch: 1924/16927||D_loss: 1.3476|D1_loss: 0.6927|D2_loss: 0.6549||G_loss: 2.2070|R121_loss: 0.2436|R212_loss: 0.1746
2024/08/16 13:38:28: model [INFO] Epoch:   2/  6|Batch: 1929/16927||D_loss: 1.4388|D1_loss: 0.6803|D2_loss: 0.7585||G_loss: 2.1111|R121_loss: 0.2752|R212_loss: 0.2256
2024/08/16 13:38:28: model [INFO] Epoch:   2/  6|Batch: 1934/16927||D_loss: 1.4129|D1_loss: 0.6628|D2_loss: 0.7501||G_loss: 2.0697|R121_loss: 0.2313|R212_loss: 0.2114
2024/08/16 13:38:28: model [INFO] Epoch:   2/  6|Batch: 1939/16927||D_loss: 1.4170|D1_loss: 0.6788|D2_loss: 0.7382||G_loss: 2.1786|R121_loss: 0.2427|R212_loss: 0.2184
2024/08/16 13:38:28: model [INFO] Epoch:   2/  6|Batch: 1944/16927||D_loss: 1.4279|D1_loss: 0.6923|D2_loss: 0.7356||G_loss: 2.0367|R121_loss: 0.2400|R212_loss: 0.2194
2024/08/16 13:38:28: model [INFO] Epoch:   2/  6|Batch: 1949/16927||D_loss: 1.3291|D1_loss: 0.6718|D2_loss: 0.6573||G_loss: 2.3179|R121_loss: 0.2560|R212_loss: 0.2211
2024/08/16 13:38:28: model [INFO] Epoch:   2/  6|Batch: 1954/16927||D_loss: 1.4036|D1_loss: 0.6897|D2_loss: 0.7139||G_loss: 2.0907|R121_loss: 0.2429|R212_loss: 0.2165
2024/08/16 13:38:28: model [INFO] Epoch:   2/  6|Batch: 1959/16927||D_loss: 1.3858|D1_loss: 0.6755|D2_loss: 0.7103||G_loss: 2.0599|R121_loss: 0.2458|R212_loss: 0.2312
2024/08/16 13:38:28: model [INFO] Epoch:   2/  6|Batch: 1964/16927||D_loss: 1.3933|D1_loss: 0.6929|D2_loss: 0.7004||G_loss: 2.0748|R121_loss: 0.2342|R212_loss: 0.2247
2024/08/16 13:38:28: model [INFO] Epoch:   2/  6|Batch: 1969/16927||D_loss: 1.3777|D1_loss: 0.6708|D2_loss: 0.7069||G_loss: 2.1697|R121_loss: 0.2595|R212_loss: 0.2160
2024/08/16 13:38:28: model [INFO] Epoch:   2/  6|Batch: 1974/16927||D_loss: 1.4961|D1_loss: 0.7032|D2_loss: 0.7929||G_loss: 1.9996|R121_loss: 0.2452|R212_loss: 0.1733
2024/08/16 13:38:28: model [INFO] Epoch:   2/  6|Batch: 1979/16927||D_loss: 1.4318|D1_loss: 0.7032|D2_loss: 0.7287||G_loss: 2.2217|R121_loss: 0.2642|R212_loss: 0.2566
2024/08/16 13:38:28: model [INFO] Epoch:   2/  6|Batch: 1984/16927||D_loss: 1.4458|D1_loss: 0.6892|D2_loss: 0.7566||G_loss: 1.9569|R121_loss: 0.2407|R212_loss: 0.1681
2024/08/16 13:38:28: model [INFO] Epoch:   2/  6|Batch: 1989/16927||D_loss: 1.3677|D1_loss: 0.6562|D2_loss: 0.7115||G_loss: 2.0728|R121_loss: 0.2342|R212_loss: 0.2146
2024/08/16 13:38:28: model [INFO] Epoch:   2/  6|Batch: 1994/16927||D_loss: 1.3737|D1_loss: 0.6961|D2_loss: 0.6777||G_loss: 2.1057|R121_loss: 0.2360|R212_loss: 0.1634
2024/08/16 13:38:28: model [INFO] Epoch:   2/  6|Batch: 1999/16927||D_loss: 1.4300|D1_loss: 0.6755|D2_loss: 0.7545||G_loss: 2.0334|R121_loss: 0.2411|R212_loss: 0.2041
2024/08/16 13:38:28: model [INFO] Epoch:   2/  6|Batch: 2004/16927||D_loss: 1.4177|D1_loss: 0.6816|D2_loss: 0.7360||G_loss: 2.0038|R121_loss: 0.2221|R212_loss: 0.2489
2024/08/16 13:38:28: model [INFO] Epoch:   2/  6|Batch: 2009/16927||D_loss: 1.3778|D1_loss: 0.6637|D2_loss: 0.7141||G_loss: 2.1032|R121_loss: 0.2925|R212_loss: 0.2215
2024/08/16 13:38:28: model [INFO] Epoch:   2/  6|Batch: 2014/16927||D_loss: 1.4935|D1_loss: 0.6971|D2_loss: 0.7964||G_loss: 1.9195|R121_loss: 0.2342|R212_loss: 0.1778
2024/08/16 13:38:28: model [INFO] Epoch:   2/  6|Batch: 2019/16927||D_loss: 1.4853|D1_loss: 0.6715|D2_loss: 0.8138||G_loss: 2.1743|R121_loss: 0.2519|R212_loss: 0.3015
2024/08/16 13:38:28: model [INFO] Epoch:   2/  6|Batch: 2024/16927||D_loss: 1.3399|D1_loss: 0.6918|D2_loss: 0.6481||G_loss: 2.2471|R121_loss: 0.2398|R212_loss: 0.2192
2024/08/16 13:38:28: model [INFO] Epoch:   2/  6|Batch: 2029/16927||D_loss: 1.4150|D1_loss: 0.6967|D2_loss: 0.7183||G_loss: 2.0926|R121_loss: 0.2160|R212_loss: 0.2248
2024/08/16 13:38:28: model [INFO] Epoch:   2/  6|Batch: 2034/16927||D_loss: 1.3585|D1_loss: 0.6618|D2_loss: 0.6967||G_loss: 2.1934|R121_loss: 0.2503|R212_loss: 0.2993
2024/08/16 13:38:28: model [INFO] Epoch:   2/  6|Batch: 2039/16927||D_loss: 1.4589|D1_loss: 0.6702|D2_loss: 0.7887||G_loss: 2.1304|R121_loss: 0.2192|R212_loss: 0.2765
2024/08/16 13:38:28: model [INFO] Epoch:   2/  6|Batch: 2044/16927||D_loss: 1.4089|D1_loss: 0.6693|D2_loss: 0.7396||G_loss: 2.0397|R121_loss: 0.2224|R212_loss: 0.2197
2024/08/16 13:38:28: model [INFO] Epoch:   2/  6|Batch: 2049/16927||D_loss: 1.4648|D1_loss: 0.7225|D2_loss: 0.7423||G_loss: 1.9712|R121_loss: 0.2310|R212_loss: 0.1769
2024/08/16 13:38:28: model [INFO] Epoch:   2/  6|Batch: 2054/16927||D_loss: 1.4764|D1_loss: 0.7115|D2_loss: 0.7650||G_loss: 1.9061|R121_loss: 0.2231|R212_loss: 0.1790
2024/08/16 13:38:29: model [INFO] Epoch:   2/  6|Batch: 2059/16927||D_loss: 1.4229|D1_loss: 0.6550|D2_loss: 0.7678||G_loss: 2.0228|R121_loss: 0.2109|R212_loss: 0.2085
2024/08/16 13:38:29: model [INFO] Epoch:   2/  6|Batch: 2064/16927||D_loss: 1.4184|D1_loss: 0.6898|D2_loss: 0.7286||G_loss: 2.1090|R121_loss: 0.2744|R212_loss: 0.2159
2024/08/16 13:38:29: model [INFO] Epoch:   2/  6|Batch: 2069/16927||D_loss: 1.4765|D1_loss: 0.7004|D2_loss: 0.7761||G_loss: 1.9027|R121_loss: 0.2277|R212_loss: 0.1714
2024/08/16 13:38:29: model [INFO] Epoch:   2/  6|Batch: 2074/16927||D_loss: 1.4338|D1_loss: 0.6924|D2_loss: 0.7414||G_loss: 1.9888|R121_loss: 0.2417|R212_loss: 0.1897
2024/08/16 13:38:29: model [INFO] Epoch:   2/  6|Batch: 2079/16927||D_loss: 1.4289|D1_loss: 0.6922|D2_loss: 0.7367||G_loss: 2.0175|R121_loss: 0.2457|R212_loss: 0.1913
2024/08/16 13:38:29: model [INFO] Epoch:   2/  6|Batch: 2084/16927||D_loss: 1.3889|D1_loss: 0.6971|D2_loss: 0.6919||G_loss: 2.1462|R121_loss: 0.2732|R212_loss: 0.1950
2024/08/16 13:38:29: model [INFO] Epoch:   2/  6|Batch: 2089/16927||D_loss: 1.3647|D1_loss: 0.7066|D2_loss: 0.6582||G_loss: 2.1954|R121_loss: 0.2757|R212_loss: 0.1772
2024/08/16 13:38:29: model [INFO] Epoch:   2/  6|Batch: 2094/16927||D_loss: 1.4157|D1_loss: 0.6737|D2_loss: 0.7420||G_loss: 2.0299|R121_loss: 0.2304|R212_loss: 0.2033
2024/08/16 13:38:29: model [INFO] Epoch:   2/  6|Batch: 2099/16927||D_loss: 1.3533|D1_loss: 0.6634|D2_loss: 0.6899||G_loss: 2.1635|R121_loss: 0.2309|R212_loss: 0.2031
2024/08/16 13:38:29: model [INFO] Epoch:   2/  6|Batch: 2104/16927||D_loss: 1.4404|D1_loss: 0.6851|D2_loss: 0.7552||G_loss: 2.0422|R121_loss: 0.2372|R212_loss: 0.2915
2024/08/16 13:38:29: model [INFO] Epoch:   2/  6|Batch: 2109/16927||D_loss: 1.4688|D1_loss: 0.7070|D2_loss: 0.7618||G_loss: 1.9518|R121_loss: 0.2687|R212_loss: 0.2041
2024/08/16 13:38:29: model [INFO] Epoch:   2/  6|Batch: 2114/16927||D_loss: 1.3812|D1_loss: 0.6928|D2_loss: 0.6884||G_loss: 2.1400|R121_loss: 0.2365|R212_loss: 0.2133
2024/08/16 13:38:29: model [INFO] Epoch:   2/  6|Batch: 2119/16927||D_loss: 1.4437|D1_loss: 0.6747|D2_loss: 0.7690||G_loss: 2.0989|R121_loss: 0.2269|R212_loss: 0.3180
2024/08/16 13:38:29: model [INFO] Epoch:   2/  6|Batch: 2124/16927||D_loss: 1.4083|D1_loss: 0.6613|D2_loss: 0.7470||G_loss: 2.1375|R121_loss: 0.2596|R212_loss: 0.3161
2024/08/16 13:38:29: model [INFO] Epoch:   2/  6|Batch: 2129/16927||D_loss: 1.4452|D1_loss: 0.6981|D2_loss: 0.7471||G_loss: 1.9447|R121_loss: 0.2264|R212_loss: 0.1793
2024/08/16 13:38:29: model [INFO] Epoch:   2/  6|Batch: 2134/16927||D_loss: 1.4095|D1_loss: 0.6561|D2_loss: 0.7535||G_loss: 2.0680|R121_loss: 0.2293|R212_loss: 0.2376
2024/08/16 13:38:29: model [INFO] Epoch:   2/  6|Batch: 2139/16927||D_loss: 1.4076|D1_loss: 0.7193|D2_loss: 0.6883||G_loss: 2.0830|R121_loss: 0.2235|R212_loss: 0.1799
2024/08/16 13:38:29: model [INFO] Epoch:   2/  6|Batch: 2144/16927||D_loss: 1.3816|D1_loss: 0.6798|D2_loss: 0.7017||G_loss: 2.0418|R121_loss: 0.2264|R212_loss: 0.1780
2024/08/16 13:38:29: model [INFO] Epoch:   2/  6|Batch: 2149/16927||D_loss: 1.2859|D1_loss: 0.6534|D2_loss: 0.6325||G_loss: 2.4434|R121_loss: 0.2478|R212_loss: 0.3595
2024/08/16 13:38:29: model [INFO] Epoch:   2/  6|Batch: 2154/16927||D_loss: 1.3985|D1_loss: 0.6702|D2_loss: 0.7283||G_loss: 2.2110|R121_loss: 0.2317|R212_loss: 0.2333
2024/08/16 13:38:29: model [INFO] Epoch:   2/  6|Batch: 2159/16927||D_loss: 1.4561|D1_loss: 0.7069|D2_loss: 0.7492||G_loss: 1.9402|R121_loss: 0.2494|R212_loss: 0.1734
2024/08/16 13:38:29: model [INFO] Epoch:   2/  6|Batch: 2164/16927||D_loss: 1.4275|D1_loss: 0.6827|D2_loss: 0.7448||G_loss: 2.0735|R121_loss: 0.2456|R212_loss: 0.2543
2024/08/16 13:38:29: model [INFO] Epoch:   2/  6|Batch: 2169/16927||D_loss: 1.4229|D1_loss: 0.6993|D2_loss: 0.7236||G_loss: 1.9623|R121_loss: 0.2224|R212_loss: 0.1722
2024/08/16 13:38:29: model [INFO] Epoch:   2/  6|Batch: 2174/16927||D_loss: 1.3799|D1_loss: 0.7049|D2_loss: 0.6750||G_loss: 2.1010|R121_loss: 0.2632|R212_loss: 0.1664
2024/08/16 13:38:29: model [INFO] Epoch:   2/  6|Batch: 2179/16927||D_loss: 1.3627|D1_loss: 0.6851|D2_loss: 0.6776||G_loss: 2.3151|R121_loss: 0.2873|R212_loss: 0.2993
2024/08/16 13:38:29: model [INFO] Epoch:   2/  6|Batch: 2184/16927||D_loss: 1.4398|D1_loss: 0.6896|D2_loss: 0.7502||G_loss: 1.9497|R121_loss: 0.2085|R212_loss: 0.2214
2024/08/16 13:38:29: model [INFO] Epoch:   2/  6|Batch: 2189/16927||D_loss: 1.4423|D1_loss: 0.7003|D2_loss: 0.7420||G_loss: 1.9657|R121_loss: 0.2332|R212_loss: 0.2206
2024/08/16 13:38:29: model [INFO] Epoch:   2/  6|Batch: 2194/16927||D_loss: 1.3253|D1_loss: 0.6715|D2_loss: 0.6538||G_loss: 2.3430|R121_loss: 0.3043|R212_loss: 0.2740
2024/08/16 13:38:29: model [INFO] Epoch:   2/  6|Batch: 2199/16927||D_loss: 1.3975|D1_loss: 0.6840|D2_loss: 0.7135||G_loss: 2.1075|R121_loss: 0.2240|R212_loss: 0.2880
2024/08/16 13:38:29: model [INFO] Epoch:   2/  6|Batch: 2204/16927||D_loss: 1.4143|D1_loss: 0.6804|D2_loss: 0.7339||G_loss: 2.0851|R121_loss: 0.2275|R212_loss: 0.2294
2024/08/16 13:38:29: model [INFO] Epoch:   2/  6|Batch: 2209/16927||D_loss: 1.3533|D1_loss: 0.7193|D2_loss: 0.6341||G_loss: 2.2625|R121_loss: 0.3048|R212_loss: 0.1630
2024/08/16 13:38:29: model [INFO] Epoch:   2/  6|Batch: 2214/16927||D_loss: 1.3943|D1_loss: 0.6821|D2_loss: 0.7122||G_loss: 1.9570|R121_loss: 0.2163|R212_loss: 0.1772
2024/08/16 13:38:29: model [INFO] Epoch:   2/  6|Batch: 2219/16927||D_loss: 1.4103|D1_loss: 0.6883|D2_loss: 0.7220||G_loss: 1.9921|R121_loss: 0.2379|R212_loss: 0.1938
2024/08/16 13:38:29: model [INFO] Epoch:   2/  6|Batch: 2224/16927||D_loss: 1.4364|D1_loss: 0.6853|D2_loss: 0.7510||G_loss: 2.0226|R121_loss: 0.1958|R212_loss: 0.2310
2024/08/16 13:38:29: model [INFO] Epoch:   2/  6|Batch: 2229/16927||D_loss: 1.4575|D1_loss: 0.6982|D2_loss: 0.7593||G_loss: 2.0592|R121_loss: 0.2217|R212_loss: 0.2149
2024/08/16 13:38:29: model [INFO] Epoch:   2/  6|Batch: 2234/16927||D_loss: 1.3857|D1_loss: 0.6955|D2_loss: 0.6902||G_loss: 2.2390|R121_loss: 0.2544|R212_loss: 0.2614
2024/08/16 13:38:30: model [INFO] Epoch:   2/  6|Batch: 2239/16927||D_loss: 1.4312|D1_loss: 0.7190|D2_loss: 0.7122||G_loss: 2.1481|R121_loss: 0.3101|R212_loss: 0.2613
2024/08/16 13:38:30: model [INFO] Epoch:   2/  6|Batch: 2244/16927||D_loss: 1.4106|D1_loss: 0.7143|D2_loss: 0.6963||G_loss: 2.1928|R121_loss: 0.3384|R212_loss: 0.2178
2024/08/16 13:38:30: model [INFO] Epoch:   2/  6|Batch: 2249/16927||D_loss: 1.4316|D1_loss: 0.6855|D2_loss: 0.7461||G_loss: 2.0169|R121_loss: 0.2063|R212_loss: 0.2261
2024/08/16 13:38:30: model [INFO] Epoch:   2/  6|Batch: 2254/16927||D_loss: 1.4538|D1_loss: 0.7040|D2_loss: 0.7498||G_loss: 2.0132|R121_loss: 0.2111|R212_loss: 0.2507
2024/08/16 13:38:30: model [INFO] Epoch:   2/  6|Batch: 2259/16927||D_loss: 1.3549|D1_loss: 0.6624|D2_loss: 0.6926||G_loss: 2.1249|R121_loss: 0.2038|R212_loss: 0.1994
2024/08/16 13:38:30: model [INFO] Epoch:   2/  6|Batch: 2264/16927||D_loss: 1.4161|D1_loss: 0.6771|D2_loss: 0.7390||G_loss: 1.9944|R121_loss: 0.2113|R212_loss: 0.2553
2024/08/16 13:38:30: model [INFO] Epoch:   2/  6|Batch: 2269/16927||D_loss: 1.4737|D1_loss: 0.6738|D2_loss: 0.7999||G_loss: 2.1025|R121_loss: 0.2213|R212_loss: 0.3160
2024/08/16 13:38:30: model [INFO] Epoch:   2/  6|Batch: 2274/16927||D_loss: 1.4131|D1_loss: 0.7024|D2_loss: 0.7106||G_loss: 2.0759|R121_loss: 0.2438|R212_loss: 0.2124
2024/08/16 13:38:30: model [INFO] Epoch:   2/  6|Batch: 2279/16927||D_loss: 1.3832|D1_loss: 0.6908|D2_loss: 0.6924||G_loss: 2.0898|R121_loss: 0.2396|R212_loss: 0.2193
2024/08/16 13:38:30: model [INFO] Epoch:   2/  6|Batch: 2284/16927||D_loss: 1.3462|D1_loss: 0.6895|D2_loss: 0.6567||G_loss: 2.2919|R121_loss: 0.2895|R212_loss: 0.2106
2024/08/16 13:38:30: model [INFO] Epoch:   2/  6|Batch: 2289/16927||D_loss: 1.3739|D1_loss: 0.6844|D2_loss: 0.6895||G_loss: 2.3900|R121_loss: 0.2893|R212_loss: 0.2905
2024/08/16 13:38:30: model [INFO] Epoch:   2/  6|Batch: 2294/16927||D_loss: 1.4277|D1_loss: 0.6844|D2_loss: 0.7433||G_loss: 1.9131|R121_loss: 0.2303|R212_loss: 0.1631
2024/08/16 13:38:30: model [INFO] Epoch:   2/  6|Batch: 2299/16927||D_loss: 1.4171|D1_loss: 0.7108|D2_loss: 0.7063||G_loss: 2.0098|R121_loss: 0.2312|R212_loss: 0.1663
2024/08/16 13:38:30: model [INFO] Epoch:   2/  6|Batch: 2304/16927||D_loss: 1.4542|D1_loss: 0.7285|D2_loss: 0.7256||G_loss: 1.9540|R121_loss: 0.2569|R212_loss: 0.1678
2024/08/16 13:38:30: model [INFO] Epoch:   2/  6|Batch: 2309/16927||D_loss: 1.4470|D1_loss: 0.7040|D2_loss: 0.7430||G_loss: 1.8944|R121_loss: 0.2242|R212_loss: 0.1671
2024/08/16 13:38:30: model [INFO] Epoch:   2/  6|Batch: 2314/16927||D_loss: 1.4308|D1_loss: 0.7080|D2_loss: 0.7228||G_loss: 1.8723|R121_loss: 0.2112|R212_loss: 0.1659
2024/08/16 13:38:30: model [INFO] Epoch:   2/  6|Batch: 2319/16927||D_loss: 1.3755|D1_loss: 0.6427|D2_loss: 0.7327||G_loss: 2.0695|R121_loss: 0.2729|R212_loss: 0.2138
2024/08/16 13:38:30: model [INFO] Epoch:   2/  6|Batch: 2324/16927||D_loss: 1.4082|D1_loss: 0.6973|D2_loss: 0.7109||G_loss: 2.0728|R121_loss: 0.2550|R212_loss: 0.2257
2024/08/16 13:38:30: model [INFO] Epoch:   2/  6|Batch: 2329/16927||D_loss: 1.4053|D1_loss: 0.6849|D2_loss: 0.7204||G_loss: 2.0721|R121_loss: 0.2290|R212_loss: 0.3006
2024/08/16 13:38:30: model [INFO] Epoch:   2/  6|Batch: 2334/16927||D_loss: 1.4226|D1_loss: 0.7280|D2_loss: 0.6946||G_loss: 2.0635|R121_loss: 0.2923|R212_loss: 0.1615
2024/08/16 13:38:30: model [INFO] Epoch:   2/  6|Batch: 2339/16927||D_loss: 1.3026|D1_loss: 0.6151|D2_loss: 0.6875||G_loss: 2.3133|R121_loss: 0.3048|R212_loss: 0.1986
2024/08/16 13:38:30: model [INFO] Epoch:   2/  6|Batch: 2344/16927||D_loss: 1.3473|D1_loss: 0.6365|D2_loss: 0.7107||G_loss: 2.2077|R121_loss: 0.2760|R212_loss: 0.2941
2024/08/16 13:38:30: model [INFO] Epoch:   2/  6|Batch: 2349/16927||D_loss: 1.4399|D1_loss: 0.7167|D2_loss: 0.7232||G_loss: 1.9494|R121_loss: 0.2368|R212_loss: 0.1478
2024/08/16 13:38:30: model [INFO] Epoch:   2/  6|Batch: 2354/16927||D_loss: 1.3757|D1_loss: 0.7024|D2_loss: 0.6732||G_loss: 2.2137|R121_loss: 0.2185|R212_loss: 0.2056
2024/08/16 13:38:30: model [INFO] Epoch:   2/  6|Batch: 2359/16927||D_loss: 1.3523|D1_loss: 0.7235|D2_loss: 0.6288||G_loss: 2.2460|R121_loss: 0.2665|R212_loss: 0.1669
2024/08/16 13:38:30: model [INFO] Epoch:   2/  6|Batch: 2364/16927||D_loss: 1.4156|D1_loss: 0.6654|D2_loss: 0.7502||G_loss: 2.1091|R121_loss: 0.2011|R212_loss: 0.3273
2024/08/16 13:38:30: model [INFO] Epoch:   2/  6|Batch: 2369/16927||D_loss: 1.4526|D1_loss: 0.7083|D2_loss: 0.7444||G_loss: 1.8878|R121_loss: 0.2004|R212_loss: 0.1560
2024/08/16 13:38:30: model [INFO] Epoch:   2/  6|Batch: 2374/16927||D_loss: 1.4034|D1_loss: 0.6844|D2_loss: 0.7190||G_loss: 2.0695|R121_loss: 0.2491|R212_loss: 0.2160
2024/08/16 13:38:30: model [INFO] Epoch:   2/  6|Batch: 2379/16927||D_loss: 1.3776|D1_loss: 0.6902|D2_loss: 0.6873||G_loss: 2.1992|R121_loss: 0.2471|R212_loss: 0.2058
2024/08/16 13:38:30: model [INFO] Epoch:   2/  6|Batch: 2384/16927||D_loss: 1.4177|D1_loss: 0.6602|D2_loss: 0.7574||G_loss: 2.0235|R121_loss: 0.2208|R212_loss: 0.2203
2024/08/16 13:38:30: model [INFO] Epoch:   2/  6|Batch: 2389/16927||D_loss: 1.4264|D1_loss: 0.6792|D2_loss: 0.7473||G_loss: 2.0720|R121_loss: 0.1977|R212_loss: 0.3454
2024/08/16 13:38:30: model [INFO] Epoch:   2/  6|Batch: 2394/16927||D_loss: 1.4257|D1_loss: 0.7028|D2_loss: 0.7230||G_loss: 2.0537|R121_loss: 0.2045|R212_loss: 0.2935
2024/08/16 13:38:30: model [INFO] Epoch:   2/  6|Batch: 2399/16927||D_loss: 1.3818|D1_loss: 0.6913|D2_loss: 0.6905||G_loss: 2.1395|R121_loss: 0.2122|R212_loss: 0.3174
2024/08/16 13:38:30: model [INFO] Epoch:   2/  6|Batch: 2404/16927||D_loss: 1.4248|D1_loss: 0.6944|D2_loss: 0.7304||G_loss: 1.9421|R121_loss: 0.2089|R212_loss: 0.1628
2024/08/16 13:38:30: model [INFO] Epoch:   2/  6|Batch: 2409/16927||D_loss: 1.3942|D1_loss: 0.6464|D2_loss: 0.7478||G_loss: 2.0538|R121_loss: 0.1957|R212_loss: 0.2032
2024/08/16 13:38:30: model [INFO] Epoch:   2/  6|Batch: 2414/16927||D_loss: 1.4100|D1_loss: 0.7150|D2_loss: 0.6950||G_loss: 2.0702|R121_loss: 0.2324|R212_loss: 0.1483
2024/08/16 13:38:30: model [INFO] Epoch:   2/  6|Batch: 2419/16927||D_loss: 1.4364|D1_loss: 0.6961|D2_loss: 0.7403||G_loss: 1.9095|R121_loss: 0.1990|R212_loss: 0.1544
2024/08/16 13:38:31: model [INFO] Epoch:   2/  6|Batch: 2424/16927||D_loss: 1.3888|D1_loss: 0.6600|D2_loss: 0.7287||G_loss: 2.0693|R121_loss: 0.2063|R212_loss: 0.2791
2024/08/16 13:38:31: model [INFO] Epoch:   2/  6|Batch: 2429/16927||D_loss: 1.3964|D1_loss: 0.6613|D2_loss: 0.7351||G_loss: 1.9391|R121_loss: 0.2277|R212_loss: 0.1580
2024/08/16 13:38:31: model [INFO] Epoch:   2/  6|Batch: 2434/16927||D_loss: 1.4307|D1_loss: 0.7013|D2_loss: 0.7293||G_loss: 2.0284|R121_loss: 0.2022|R212_loss: 0.2160
2024/08/16 13:38:31: model [INFO] Epoch:   2/  6|Batch: 2439/16927||D_loss: 1.3951|D1_loss: 0.7132|D2_loss: 0.6819||G_loss: 2.0900|R121_loss: 0.2469|R212_loss: 0.1443
2024/08/16 13:38:31: model [INFO] Epoch:   2/  6|Batch: 2444/16927||D_loss: 1.4099|D1_loss: 0.6795|D2_loss: 0.7304||G_loss: 2.0460|R121_loss: 0.2152|R212_loss: 0.2113
2024/08/16 13:38:31: model [INFO] Epoch:   2/  6|Batch: 2449/16927||D_loss: 1.3988|D1_loss: 0.6942|D2_loss: 0.7046||G_loss: 2.1155|R121_loss: 0.2260|R212_loss: 0.2232
2024/08/16 13:38:31: model [INFO] Epoch:   2/  6|Batch: 2454/16927||D_loss: 1.4022|D1_loss: 0.6680|D2_loss: 0.7342||G_loss: 2.1852|R121_loss: 0.2063|R212_loss: 0.3012
2024/08/16 13:38:31: model [INFO] Epoch:   2/  6|Batch: 2459/16927||D_loss: 1.3897|D1_loss: 0.6905|D2_loss: 0.6992||G_loss: 2.1267|R121_loss: 0.2247|R212_loss: 0.2386
2024/08/16 13:38:31: model [INFO] Epoch:   2/  6|Batch: 2464/16927||D_loss: 1.3933|D1_loss: 0.6712|D2_loss: 0.7221||G_loss: 2.2044|R121_loss: 0.3053|R212_loss: 0.2177
2024/08/16 13:38:31: model [INFO] Epoch:   2/  6|Batch: 2469/16927||D_loss: 1.3768|D1_loss: 0.6429|D2_loss: 0.7339||G_loss: 2.0061|R121_loss: 0.2037|R212_loss: 0.1948
2024/08/16 13:38:31: model [INFO] Epoch:   2/  6|Batch: 2474/16927||D_loss: 1.3922|D1_loss: 0.7076|D2_loss: 0.6846||G_loss: 2.1670|R121_loss: 0.2401|R212_loss: 0.2383
2024/08/16 13:38:31: model [INFO] Epoch:   2/  6|Batch: 2479/16927||D_loss: 1.4068|D1_loss: 0.6682|D2_loss: 0.7386||G_loss: 2.0734|R121_loss: 0.2121|R212_loss: 0.2878
2024/08/16 13:38:31: model [INFO] Epoch:   2/  6|Batch: 2484/16927||D_loss: 1.4359|D1_loss: 0.7088|D2_loss: 0.7272||G_loss: 2.2912|R121_loss: 0.2845|R212_loss: 0.2805
2024/08/16 13:38:31: model [INFO] Epoch:   2/  6|Batch: 2489/16927||D_loss: 1.3977|D1_loss: 0.6994|D2_loss: 0.6983||G_loss: 2.1527|R121_loss: 0.2223|R212_loss: 0.2704
2024/08/16 13:38:31: model [INFO] Epoch:   2/  6|Batch: 2494/16927||D_loss: 1.3876|D1_loss: 0.7013|D2_loss: 0.6863||G_loss: 2.1726|R121_loss: 0.2253|R212_loss: 0.2083
2024/08/16 13:38:31: model [INFO] Epoch:   2/  6|Batch: 2499/16927||D_loss: 1.4069|D1_loss: 0.6976|D2_loss: 0.7094||G_loss: 2.0810|R121_loss: 0.2459|R212_loss: 0.2522
2024/08/16 13:38:31: model [INFO] Epoch:   2/  6|Batch: 2504/16927||D_loss: 1.3775|D1_loss: 0.6724|D2_loss: 0.7051||G_loss: 2.0946|R121_loss: 0.2378|R212_loss: 0.2127
2024/08/16 13:38:31: model [INFO] Epoch:   2/  6|Batch: 2509/16927||D_loss: 1.4287|D1_loss: 0.6970|D2_loss: 0.7317||G_loss: 2.0235|R121_loss: 0.2391|R212_loss: 0.2043
2024/08/16 13:38:31: model [INFO] Epoch:   2/  6|Batch: 2514/16927||D_loss: 1.4455|D1_loss: 0.7185|D2_loss: 0.7271||G_loss: 1.9500|R121_loss: 0.2435|R212_loss: 0.1498
2024/08/16 13:38:31: model [INFO] Epoch:   2/  6|Batch: 2519/16927||D_loss: 1.4152|D1_loss: 0.6807|D2_loss: 0.7345||G_loss: 1.8859|R121_loss: 0.2183|R212_loss: 0.1528
2024/08/16 13:38:31: model [INFO] Epoch:   2/  6|Batch: 2524/16927||D_loss: 1.4057|D1_loss: 0.6918|D2_loss: 0.7139||G_loss: 1.9938|R121_loss: 0.2384|R212_loss: 0.1582
2024/08/16 13:38:31: model [INFO] Epoch:   2/  6|Batch: 2529/16927||D_loss: 1.3565|D1_loss: 0.6465|D2_loss: 0.7100||G_loss: 2.1631|R121_loss: 0.3108|R212_loss: 0.2152
2024/08/16 13:38:31: model [INFO] Epoch:   2/  6|Batch: 2534/16927||D_loss: 1.3939|D1_loss: 0.7132|D2_loss: 0.6807||G_loss: 2.0155|R121_loss: 0.2001|R212_loss: 0.1520
2024/08/16 13:38:31: model [INFO] Epoch:   2/  6|Batch: 2539/16927||D_loss: 1.3825|D1_loss: 0.7308|D2_loss: 0.6517||G_loss: 2.1394|R121_loss: 0.2590|R212_loss: 0.1431
2024/08/16 13:38:31: model [INFO] Epoch:   2/  6|Batch: 2544/16927||D_loss: 1.3999|D1_loss: 0.7010|D2_loss: 0.6988||G_loss: 2.1323|R121_loss: 0.2327|R212_loss: 0.2873
2024/08/16 13:38:31: model [INFO] Epoch:   2/  6|Batch: 2549/16927||D_loss: 1.3681|D1_loss: 0.6888|D2_loss: 0.6793||G_loss: 2.1962|R121_loss: 0.2576|R212_loss: 0.2336
2024/08/16 13:38:31: model [INFO] Epoch:   2/  6|Batch: 2554/16927||D_loss: 1.3937|D1_loss: 0.6983|D2_loss: 0.6953||G_loss: 2.0023|R121_loss: 0.2269|R212_loss: 0.2019
2024/08/16 13:38:31: model [INFO] Epoch:   2/  6|Batch: 2559/16927||D_loss: 1.4338|D1_loss: 0.6984|D2_loss: 0.7354||G_loss: 1.8576|R121_loss: 0.2348|R212_loss: 0.1494
2024/08/16 13:38:31: model [INFO] Epoch:   2/  6|Batch: 2564/16927||D_loss: 1.4043|D1_loss: 0.6576|D2_loss: 0.7467||G_loss: 1.9050|R121_loss: 0.2069|R212_loss: 0.1966
2024/08/16 13:38:31: model [INFO] Epoch:   2/  6|Batch: 2569/16927||D_loss: 1.3781|D1_loss: 0.6373|D2_loss: 0.7407||G_loss: 1.9932|R121_loss: 0.2578|R212_loss: 0.2173
2024/08/16 13:38:31: model [INFO] Epoch:   2/  6|Batch: 2574/16927||D_loss: 1.3847|D1_loss: 0.6536|D2_loss: 0.7311||G_loss: 1.9598|R121_loss: 0.2490|R212_loss: 0.2012
2024/08/16 13:38:31: model [INFO] Epoch:   2/  6|Batch: 2579/16927||D_loss: 1.3952|D1_loss: 0.6918|D2_loss: 0.7034||G_loss: 2.0854|R121_loss: 0.2164|R212_loss: 0.2582
2024/08/16 13:38:31: model [INFO] Epoch:   2/  6|Batch: 2584/16927||D_loss: 1.4535|D1_loss: 0.7162|D2_loss: 0.7373||G_loss: 1.8715|R121_loss: 0.2333|R212_loss: 0.1517
2024/08/16 13:38:31: model [INFO] Epoch:   2/  6|Batch: 2589/16927||D_loss: 1.4166|D1_loss: 0.6801|D2_loss: 0.7365||G_loss: 1.8682|R121_loss: 0.2415|R212_loss: 0.1489
2024/08/16 13:38:31: model [INFO] Epoch:   2/  6|Batch: 2594/16927||D_loss: 1.3937|D1_loss: 0.7129|D2_loss: 0.6808||G_loss: 1.9924|R121_loss: 0.2292|R212_loss: 0.1434
2024/08/16 13:38:31: model [INFO] Epoch:   2/  6|Batch: 2599/16927||D_loss: 1.2945|D1_loss: 0.6507|D2_loss: 0.6438||G_loss: 2.3574|R121_loss: 0.3107|R212_loss: 0.2024
2024/08/16 13:38:31: model [INFO] Epoch:   2/  6|Batch: 2604/16927||D_loss: 1.4673|D1_loss: 0.7277|D2_loss: 0.7396||G_loss: 1.8512|R121_loss: 0.2202|R212_loss: 0.1450
2024/08/16 13:38:32: model [INFO] Epoch:   2/  6|Batch: 2609/16927||D_loss: 1.4154|D1_loss: 0.6849|D2_loss: 0.7304||G_loss: 1.9553|R121_loss: 0.2121|R212_loss: 0.2042
2024/08/16 13:38:32: model [INFO] Epoch:   2/  6|Batch: 2614/16927||D_loss: 1.3861|D1_loss: 0.6565|D2_loss: 0.7296||G_loss: 2.0031|R121_loss: 0.2080|R212_loss: 0.2174
2024/08/16 13:38:32: model [INFO] Epoch:   2/  6|Batch: 2619/16927||D_loss: 1.4217|D1_loss: 0.7114|D2_loss: 0.7103||G_loss: 1.9779|R121_loss: 0.1950|R212_loss: 0.2055
2024/08/16 13:38:32: model [INFO] Epoch:   2/  6|Batch: 2624/16927||D_loss: 1.4597|D1_loss: 0.7023|D2_loss: 0.7574||G_loss: 1.8900|R121_loss: 0.2069|R212_loss: 0.1672
2024/08/16 13:38:32: model [INFO] Epoch:   2/  6|Batch: 2629/16927||D_loss: 1.4685|D1_loss: 0.7253|D2_loss: 0.7432||G_loss: 1.8832|R121_loss: 0.2058|R212_loss: 0.1603
2024/08/16 13:38:32: model [INFO] Epoch:   2/  6|Batch: 2634/16927||D_loss: 1.3917|D1_loss: 0.7012|D2_loss: 0.6906||G_loss: 2.0880|R121_loss: 0.2208|R212_loss: 0.2110
2024/08/16 13:38:32: model [INFO] Epoch:   2/  6|Batch: 2639/16927||D_loss: 1.4111|D1_loss: 0.7204|D2_loss: 0.6907||G_loss: 2.0704|R121_loss: 0.2477|R212_loss: 0.1718
2024/08/16 13:38:32: model [INFO] Epoch:   2/  6|Batch: 2644/16927||D_loss: 1.4219|D1_loss: 0.6898|D2_loss: 0.7322||G_loss: 1.9054|R121_loss: 0.2223|R212_loss: 0.1557
2024/08/16 13:38:32: model [INFO] Epoch:   2/  6|Batch: 2649/16927||D_loss: 1.3956|D1_loss: 0.6891|D2_loss: 0.7065||G_loss: 2.1075|R121_loss: 0.2570|R212_loss: 0.2118
2024/08/16 13:38:32: model [INFO] Epoch:   2/  6|Batch: 2654/16927||D_loss: 1.4139|D1_loss: 0.7181|D2_loss: 0.6958||G_loss: 1.9402|R121_loss: 0.2239|R212_loss: 0.1611
2024/08/16 13:38:32: model [INFO] Epoch:   2/  6|Batch: 2659/16927||D_loss: 1.3578|D1_loss: 0.6417|D2_loss: 0.7161||G_loss: 2.1062|R121_loss: 0.2655|R212_loss: 0.2017
2024/08/16 13:38:32: model [INFO] Epoch:   2/  6|Batch: 2664/16927||D_loss: 1.4348|D1_loss: 0.6924|D2_loss: 0.7425||G_loss: 2.1362|R121_loss: 0.2261|R212_loss: 0.3162
2024/08/16 13:38:32: model [INFO] Epoch:   2/  6|Batch: 2669/16927||D_loss: 1.3583|D1_loss: 0.6456|D2_loss: 0.7127||G_loss: 2.1463|R121_loss: 0.2700|R212_loss: 0.2669
2024/08/16 13:38:32: model [INFO] Epoch:   2/  6|Batch: 2674/16927||D_loss: 1.4526|D1_loss: 0.7133|D2_loss: 0.7393||G_loss: 1.9906|R121_loss: 0.2897|R212_loss: 0.1548
2024/08/16 13:38:32: model [INFO] Epoch:   2/  6|Batch: 2679/16927||D_loss: 1.4035|D1_loss: 0.6838|D2_loss: 0.7198||G_loss: 2.0654|R121_loss: 0.2182|R212_loss: 0.2047
2024/08/16 13:38:32: model [INFO] Epoch:   2/  6|Batch: 2684/16927||D_loss: 1.4443|D1_loss: 0.7223|D2_loss: 0.7219||G_loss: 1.9470|R121_loss: 0.2434|R212_loss: 0.1548
2024/08/16 13:38:32: model [INFO] Epoch:   2/  6|Batch: 2689/16927||D_loss: 1.3573|D1_loss: 0.6932|D2_loss: 0.6641||G_loss: 2.2381|R121_loss: 0.2442|R212_loss: 0.2746
2024/08/16 13:38:32: model [INFO] Epoch:   2/  6|Batch: 2694/16927||D_loss: 1.3792|D1_loss: 0.6845|D2_loss: 0.6947||G_loss: 2.1714|R121_loss: 0.2914|R212_loss: 0.2066
2024/08/16 13:38:32: model [INFO] Epoch:   2/  6|Batch: 2699/16927||D_loss: 1.4137|D1_loss: 0.6893|D2_loss: 0.7244||G_loss: 2.0532|R121_loss: 0.2100|R212_loss: 0.2337
2024/08/16 13:38:32: model [INFO] Epoch:   2/  6|Batch: 2704/16927||D_loss: 1.4294|D1_loss: 0.6682|D2_loss: 0.7611||G_loss: 2.1472|R121_loss: 0.2357|R212_loss: 0.2887
2024/08/16 13:38:32: model [INFO] Epoch:   2/  6|Batch: 2709/16927||D_loss: 1.4129|D1_loss: 0.6862|D2_loss: 0.7267||G_loss: 2.0116|R121_loss: 0.2212|R212_loss: 0.2195
2024/08/16 13:38:32: model [INFO] Epoch:   2/  6|Batch: 2714/16927||D_loss: 1.3884|D1_loss: 0.6710|D2_loss: 0.7175||G_loss: 2.0920|R121_loss: 0.2225|R212_loss: 0.2289
2024/08/16 13:38:32: model [INFO] Epoch:   2/  6|Batch: 2719/16927||D_loss: 1.4135|D1_loss: 0.6953|D2_loss: 0.7182||G_loss: 1.9422|R121_loss: 0.2099|R212_loss: 0.1818
2024/08/16 13:38:32: model [INFO] Epoch:   2/  6|Batch: 2724/16927||D_loss: 1.4025|D1_loss: 0.6961|D2_loss: 0.7063||G_loss: 1.9851|R121_loss: 0.1991|R212_loss: 0.2166
2024/08/16 13:38:32: model [INFO] Epoch:   2/  6|Batch: 2729/16927||D_loss: 1.4002|D1_loss: 0.7083|D2_loss: 0.6918||G_loss: 2.0063|R121_loss: 0.1968|R212_loss: 0.1548
2024/08/16 13:38:32: model [INFO] Epoch:   2/  6|Batch: 2734/16927||D_loss: 1.4108|D1_loss: 0.6948|D2_loss: 0.7160||G_loss: 1.9858|R121_loss: 0.2227|R212_loss: 0.1829
2024/08/16 13:38:32: model [INFO] Epoch:   2/  6|Batch: 2739/16927||D_loss: 1.4151|D1_loss: 0.6867|D2_loss: 0.7284||G_loss: 2.0834|R121_loss: 0.2036|R212_loss: 0.2893
2024/08/16 13:38:32: model [INFO] Epoch:   2/  6|Batch: 2744/16927||D_loss: 1.3574|D1_loss: 0.6789|D2_loss: 0.6785||G_loss: 2.1965|R121_loss: 0.2517|R212_loss: 0.2559
2024/08/16 13:38:32: model [INFO] Epoch:   2/  6|Batch: 2749/16927||D_loss: 1.3974|D1_loss: 0.6823|D2_loss: 0.7151||G_loss: 1.9445|R121_loss: 0.2394|R212_loss: 0.1739
2024/08/16 13:38:32: model [INFO] Epoch:   2/  6|Batch: 2754/16927||D_loss: 1.3704|D1_loss: 0.6555|D2_loss: 0.7149||G_loss: 2.0263|R121_loss: 0.2124|R212_loss: 0.2219
2024/08/16 13:38:32: model [INFO] Epoch:   2/  6|Batch: 2759/16927||D_loss: 1.3782|D1_loss: 0.6669|D2_loss: 0.7113||G_loss: 2.0122|R121_loss: 0.2111|R212_loss: 0.2469
2024/08/16 13:38:32: model [INFO] Epoch:   2/  6|Batch: 2764/16927||D_loss: 1.3927|D1_loss: 0.6911|D2_loss: 0.7016||G_loss: 2.0366|R121_loss: 0.2363|R212_loss: 0.2533
2024/08/16 13:38:32: model [INFO] Epoch:   2/  6|Batch: 2769/16927||D_loss: 1.3892|D1_loss: 0.6655|D2_loss: 0.7237||G_loss: 2.0680|R121_loss: 0.2256|R212_loss: 0.2089
2024/08/16 13:38:32: model [INFO] Epoch:   2/  6|Batch: 2774/16927||D_loss: 1.3737|D1_loss: 0.7105|D2_loss: 0.6633||G_loss: 2.1178|R121_loss: 0.2288|R212_loss: 0.2268
2024/08/16 13:38:32: model [INFO] Epoch:   2/  6|Batch: 2779/16927||D_loss: 1.4195|D1_loss: 0.7065|D2_loss: 0.7130||G_loss: 1.9456|R121_loss: 0.2027|R212_loss: 0.1615
2024/08/16 13:38:32: model [INFO] Epoch:   2/  6|Batch: 2784/16927||D_loss: 1.3985|D1_loss: 0.6884|D2_loss: 0.7100||G_loss: 2.0371|R121_loss: 0.1931|R212_loss: 0.2153
2024/08/16 13:38:32: model [INFO] Epoch:   2/  6|Batch: 2789/16927||D_loss: 1.3819|D1_loss: 0.6718|D2_loss: 0.7101||G_loss: 1.9795|R121_loss: 0.2049|R212_loss: 0.2003
2024/08/16 13:38:33: model [INFO] Epoch:   2/  6|Batch: 2794/16927||D_loss: 1.4268|D1_loss: 0.6846|D2_loss: 0.7422||G_loss: 2.0298|R121_loss: 0.1834|R212_loss: 0.2840
2024/08/16 13:38:33: model [INFO] Epoch:   2/  6|Batch: 2799/16927||D_loss: 1.4011|D1_loss: 0.6886|D2_loss: 0.7125||G_loss: 1.9140|R121_loss: 0.1863|R212_loss: 0.1967
2024/08/16 13:38:33: model [INFO] Epoch:   2/  6|Batch: 2804/16927||D_loss: 1.3659|D1_loss: 0.6511|D2_loss: 0.7148||G_loss: 2.0322|R121_loss: 0.2425|R212_loss: 0.2248
2024/08/16 13:38:33: model [INFO] Epoch:   2/  6|Batch: 2809/16927||D_loss: 1.3901|D1_loss: 0.6837|D2_loss: 0.7064||G_loss: 2.0421|R121_loss: 0.2161|R212_loss: 0.2393
2024/08/16 13:38:33: model [INFO] Epoch:   2/  6|Batch: 2814/16927||D_loss: 1.3584|D1_loss: 0.6588|D2_loss: 0.6996||G_loss: 2.0466|R121_loss: 0.2210|R212_loss: 0.2086
2024/08/16 13:38:33: model [INFO] Epoch:   2/  6|Batch: 2819/16927||D_loss: 1.4268|D1_loss: 0.7026|D2_loss: 0.7243||G_loss: 1.9386|R121_loss: 0.2175|R212_loss: 0.1854
2024/08/16 13:38:33: model [INFO] Epoch:   2/  6|Batch: 2824/16927||D_loss: 1.3809|D1_loss: 0.6919|D2_loss: 0.6890||G_loss: 2.1297|R121_loss: 0.2839|R212_loss: 0.2020
2024/08/16 13:38:33: model [INFO] Epoch:   2/  6|Batch: 2829/16927||D_loss: 1.4013|D1_loss: 0.7022|D2_loss: 0.6991||G_loss: 2.0147|R121_loss: 0.2272|R212_loss: 0.1580
2024/08/16 13:38:33: model [INFO] Epoch:   2/  6|Batch: 2834/16927||D_loss: 1.3860|D1_loss: 0.6625|D2_loss: 0.7235||G_loss: 1.9315|R121_loss: 0.2346|R212_loss: 0.1584
2024/08/16 13:38:33: model [INFO] Epoch:   2/  6|Batch: 2839/16927||D_loss: 1.4300|D1_loss: 0.7136|D2_loss: 0.7164||G_loss: 1.9541|R121_loss: 0.2543|R212_loss: 0.1514
2024/08/16 13:38:33: model [INFO] Epoch:   2/  6|Batch: 2844/16927||D_loss: 1.4168|D1_loss: 0.6969|D2_loss: 0.7199||G_loss: 1.9098|R121_loss: 0.2055|R212_loss: 0.1474
2024/08/16 13:38:33: model [INFO] Epoch:   2/  6|Batch: 2849/16927||D_loss: 1.3804|D1_loss: 0.7007|D2_loss: 0.6797||G_loss: 2.1795|R121_loss: 0.2994|R212_loss: 0.2148
2024/08/16 13:38:33: model [INFO] Epoch:   2/  6|Batch: 2854/16927||D_loss: 1.4154|D1_loss: 0.7174|D2_loss: 0.6980||G_loss: 2.0914|R121_loss: 0.2487|R212_loss: 0.2093
2024/08/16 13:38:33: model [INFO] Epoch:   2/  6|Batch: 2859/16927||D_loss: 1.3701|D1_loss: 0.6618|D2_loss: 0.7083||G_loss: 2.0227|R121_loss: 0.2265|R212_loss: 0.2163
2024/08/16 13:38:33: model [INFO] Epoch:   2/  6|Batch: 2864/16927||D_loss: 1.3907|D1_loss: 0.6877|D2_loss: 0.7030||G_loss: 1.9612|R121_loss: 0.1922|R212_loss: 0.2374
2024/08/16 13:38:33: model [INFO] Epoch:   2/  6|Batch: 2869/16927||D_loss: 1.4204|D1_loss: 0.7279|D2_loss: 0.6925||G_loss: 2.1496|R121_loss: 0.3590|R212_loss: 0.2033
2024/08/16 13:38:33: model [INFO] Epoch:   2/  6|Batch: 2874/16927||D_loss: 1.4321|D1_loss: 0.7117|D2_loss: 0.7204||G_loss: 2.1783|R121_loss: 0.2501|R212_loss: 0.3078
2024/08/16 13:38:33: model [INFO] Epoch:   2/  6|Batch: 2879/16927||D_loss: 1.3432|D1_loss: 0.6533|D2_loss: 0.6899||G_loss: 2.1411|R121_loss: 0.2249|R212_loss: 0.2110
2024/08/16 13:38:33: model [INFO] Epoch:   2/  6|Batch: 2884/16927||D_loss: 1.4496|D1_loss: 0.7238|D2_loss: 0.7259||G_loss: 2.0556|R121_loss: 0.1934|R212_loss: 0.2674
2024/08/16 13:38:33: model [INFO] Epoch:   2/  6|Batch: 2889/16927||D_loss: 1.3891|D1_loss: 0.6809|D2_loss: 0.7082||G_loss: 2.1520|R121_loss: 0.2797|R212_loss: 0.2207
2024/08/16 13:38:33: model [INFO] Epoch:   2/  6|Batch: 2894/16927||D_loss: 1.3296|D1_loss: 0.6612|D2_loss: 0.6683||G_loss: 2.1636|R121_loss: 0.2287|R212_loss: 0.2193
2024/08/16 13:38:33: model [INFO] Epoch:   2/  6|Batch: 2899/16927||D_loss: 1.4040|D1_loss: 0.6860|D2_loss: 0.7180||G_loss: 2.0338|R121_loss: 0.2300|R212_loss: 0.1699
2024/08/16 13:38:33: model [INFO] Epoch:   2/  6|Batch: 2904/16927||D_loss: 1.3660|D1_loss: 0.6689|D2_loss: 0.6971||G_loss: 2.0365|R121_loss: 0.2244|R212_loss: 0.1906
2024/08/16 13:38:33: model [INFO] Epoch:   2/  6|Batch: 2909/16927||D_loss: 1.3822|D1_loss: 0.7079|D2_loss: 0.6743||G_loss: 2.0886|R121_loss: 0.2339|R212_loss: 0.2167
2024/08/16 13:38:33: model [INFO] Epoch:   2/  6|Batch: 2914/16927||D_loss: 1.4102|D1_loss: 0.6940|D2_loss: 0.7162||G_loss: 2.0083|R121_loss: 0.2253|R212_loss: 0.1681
2024/08/16 13:38:33: model [INFO] Epoch:   2/  6|Batch: 2919/16927||D_loss: 1.3611|D1_loss: 0.6795|D2_loss: 0.6816||G_loss: 2.0552|R121_loss: 0.1979|R212_loss: 0.2454
2024/08/16 13:38:33: model [INFO] Epoch:   2/  6|Batch: 2924/16927||D_loss: 1.3516|D1_loss: 0.6676|D2_loss: 0.6840||G_loss: 2.0783|R121_loss: 0.2259|R212_loss: 0.2113
2024/08/16 13:38:33: model [INFO] Epoch:   2/  6|Batch: 2929/16927||D_loss: 1.4423|D1_loss: 0.6795|D2_loss: 0.7628||G_loss: 2.1347|R121_loss: 0.1984|R212_loss: 0.3331
2024/08/16 13:38:33: model [INFO] Epoch:   2/  6|Batch: 2934/16927||D_loss: 1.4617|D1_loss: 0.7155|D2_loss: 0.7462||G_loss: 1.8903|R121_loss: 0.2041|R212_loss: 0.1534
2024/08/16 13:38:33: model [INFO] Epoch:   2/  6|Batch: 2939/16927||D_loss: 1.3602|D1_loss: 0.6785|D2_loss: 0.6817||G_loss: 2.0798|R121_loss: 0.2050|R212_loss: 0.2545
2024/08/16 13:38:33: model [INFO] Epoch:   2/  6|Batch: 2944/16927||D_loss: 1.3593|D1_loss: 0.6609|D2_loss: 0.6984||G_loss: 2.0400|R121_loss: 0.2349|R212_loss: 0.2175
2024/08/16 13:38:33: model [INFO] Epoch:   2/  6|Batch: 2949/16927||D_loss: 1.3758|D1_loss: 0.6976|D2_loss: 0.6783||G_loss: 2.1394|R121_loss: 0.2365|R212_loss: 0.2418
2024/08/16 13:38:33: model [INFO] Epoch:   2/  6|Batch: 2954/16927||D_loss: 1.3972|D1_loss: 0.6904|D2_loss: 0.7068||G_loss: 1.9708|R121_loss: 0.1859|R212_loss: 0.2093
2024/08/16 13:38:33: model [INFO] Epoch:   2/  6|Batch: 2959/16927||D_loss: 1.4313|D1_loss: 0.7032|D2_loss: 0.7281||G_loss: 1.9614|R121_loss: 0.2420|R212_loss: 0.1515
2024/08/16 13:38:33: model [INFO] Epoch:   2/  6|Batch: 2964/16927||D_loss: 1.3682|D1_loss: 0.6923|D2_loss: 0.6759||G_loss: 2.0854|R121_loss: 0.2011|R212_loss: 0.2537
2024/08/16 13:38:33: model [INFO] Epoch:   2/  6|Batch: 2969/16927||D_loss: 1.4012|D1_loss: 0.6714|D2_loss: 0.7297||G_loss: 2.0411|R121_loss: 0.2160|R212_loss: 0.2330
2024/08/16 13:38:33: model [INFO] Epoch:   2/  6|Batch: 2974/16927||D_loss: 1.4659|D1_loss: 0.6913|D2_loss: 0.7746||G_loss: 2.0679|R121_loss: 0.2072|R212_loss: 0.2781
2024/08/16 13:38:34: model [INFO] Epoch:   2/  6|Batch: 2979/16927||D_loss: 1.3773|D1_loss: 0.6924|D2_loss: 0.6850||G_loss: 2.0194|R121_loss: 0.2048|R212_loss: 0.2040
2024/08/16 13:38:34: model [INFO] Epoch:   2/  6|Batch: 2984/16927||D_loss: 1.3515|D1_loss: 0.6622|D2_loss: 0.6893||G_loss: 2.0526|R121_loss: 0.2364|R212_loss: 0.2201
2024/08/16 13:38:34: model [INFO] Epoch:   2/  6|Batch: 2989/16927||D_loss: 1.4090|D1_loss: 0.7133|D2_loss: 0.6958||G_loss: 2.0356|R121_loss: 0.2648|R212_loss: 0.1572
2024/08/16 13:38:34: model [INFO] Epoch:   2/  6|Batch: 2994/16927||D_loss: 1.4234|D1_loss: 0.6956|D2_loss: 0.7278||G_loss: 1.8405|R121_loss: 0.1926|R212_loss: 0.1584
2024/08/16 13:38:34: model [INFO] Epoch:   2/  6|Batch: 2999/16927||D_loss: 1.3899|D1_loss: 0.6868|D2_loss: 0.7031||G_loss: 1.9346|R121_loss: 0.2094|R212_loss: 0.1684
2024/08/16 13:38:34: model [INFO] Epoch:   2/  6|Batch: 3004/16927||D_loss: 1.3860|D1_loss: 0.6863|D2_loss: 0.6997||G_loss: 2.0464|R121_loss: 0.2062|R212_loss: 0.2397
2024/08/16 13:38:34: model [INFO] Epoch:   2/  6|Batch: 3009/16927||D_loss: 1.4039|D1_loss: 0.7037|D2_loss: 0.7002||G_loss: 2.0507|R121_loss: 0.3072|R212_loss: 0.1622
2024/08/16 13:38:34: model [INFO] Epoch:   2/  6|Batch: 3014/16927||D_loss: 1.3871|D1_loss: 0.6911|D2_loss: 0.6960||G_loss: 1.9760|R121_loss: 0.2212|R212_loss: 0.1574
2024/08/16 13:38:34: model [INFO] Epoch:   2/  6|Batch: 3019/16927||D_loss: 1.3936|D1_loss: 0.6863|D2_loss: 0.7073||G_loss: 2.0183|R121_loss: 0.2278|R212_loss: 0.2019
2024/08/16 13:38:34: model [INFO] Epoch:   2/  6|Batch: 3024/16927||D_loss: 1.4276|D1_loss: 0.7164|D2_loss: 0.7112||G_loss: 1.9891|R121_loss: 0.2826|R212_loss: 0.1585
2024/08/16 13:38:34: model [INFO] Epoch:   2/  6|Batch: 3029/16927||D_loss: 1.4099|D1_loss: 0.6974|D2_loss: 0.7125||G_loss: 2.0641|R121_loss: 0.2600|R212_loss: 0.2417
2024/08/16 13:38:34: model [INFO] Epoch:   2/  6|Batch: 3034/16927||D_loss: 1.3582|D1_loss: 0.6970|D2_loss: 0.6612||G_loss: 2.1512|R121_loss: 0.2372|R212_loss: 0.2307
2024/08/16 13:38:34: model [INFO] Epoch:   2/  6|Batch: 3039/16927||D_loss: 1.4275|D1_loss: 0.6900|D2_loss: 0.7375||G_loss: 1.8920|R121_loss: 0.2152|R212_loss: 0.1660
2024/08/16 13:38:34: model [INFO] Epoch:   2/  6|Batch: 3044/16927||D_loss: 1.3942|D1_loss: 0.6809|D2_loss: 0.7133||G_loss: 1.9568|R121_loss: 0.2191|R212_loss: 0.2166
2024/08/16 13:38:34: model [INFO] Epoch:   2/  6|Batch: 3049/16927||D_loss: 1.3782|D1_loss: 0.6761|D2_loss: 0.7021||G_loss: 2.0567|R121_loss: 0.2434|R212_loss: 0.2219
2024/08/16 13:38:34: model [INFO] Epoch:   2/  6|Batch: 3054/16927||D_loss: 1.4243|D1_loss: 0.7017|D2_loss: 0.7226||G_loss: 1.9232|R121_loss: 0.2220|R212_loss: 0.1752
2024/08/16 13:38:34: model [INFO] Epoch:   2/  6|Batch: 3059/16927||D_loss: 1.3628|D1_loss: 0.6902|D2_loss: 0.6727||G_loss: 2.0537|R121_loss: 0.2349|R212_loss: 0.1593
2024/08/16 13:38:34: model [INFO] Epoch:   2/  6|Batch: 3064/16927||D_loss: 1.4098|D1_loss: 0.7106|D2_loss: 0.6992||G_loss: 2.0663|R121_loss: 0.2905|R212_loss: 0.1784
2024/08/16 13:38:34: model [INFO] Epoch:   2/  6|Batch: 3069/16927||D_loss: 1.3976|D1_loss: 0.6813|D2_loss: 0.7163||G_loss: 1.9953|R121_loss: 0.2309|R212_loss: 0.2054
2024/08/16 13:38:34: model [INFO] Epoch:   2/  6|Batch: 3074/16927||D_loss: 1.4176|D1_loss: 0.6842|D2_loss: 0.7334||G_loss: 1.9272|R121_loss: 0.2405|R212_loss: 0.1572
2024/08/16 13:38:34: model [INFO] Epoch:   2/  6|Batch: 3079/16927||D_loss: 1.4151|D1_loss: 0.6927|D2_loss: 0.7224||G_loss: 1.9529|R121_loss: 0.2329|R212_loss: 0.1675
2024/08/16 13:38:34: model [INFO] Epoch:   2/  6|Batch: 3084/16927||D_loss: 1.3685|D1_loss: 0.6833|D2_loss: 0.6852||G_loss: 2.1303|R121_loss: 0.2578|R212_loss: 0.2161
2024/08/16 13:38:34: model [INFO] Epoch:   2/  6|Batch: 3089/16927||D_loss: 1.4113|D1_loss: 0.6905|D2_loss: 0.7209||G_loss: 1.9530|R121_loss: 0.2269|R212_loss: 0.1554
2024/08/16 13:38:34: model [INFO] Epoch:   2/  6|Batch: 3094/16927||D_loss: 1.3870|D1_loss: 0.6768|D2_loss: 0.7102||G_loss: 2.0346|R121_loss: 0.2669|R212_loss: 0.1990
2024/08/16 13:38:34: model [INFO] Epoch:   2/  6|Batch: 3099/16927||D_loss: 1.3762|D1_loss: 0.6540|D2_loss: 0.7222||G_loss: 1.9976|R121_loss: 0.2818|R212_loss: 0.1573
2024/08/16 13:38:34: model [INFO] Epoch:   2/  6|Batch: 3104/16927||D_loss: 1.3060|D1_loss: 0.6466|D2_loss: 0.6594||G_loss: 2.1603|R121_loss: 0.2965|R212_loss: 0.1588
2024/08/16 13:38:34: model [INFO] Epoch:   2/  6|Batch: 3109/16927||D_loss: 1.3906|D1_loss: 0.7142|D2_loss: 0.6764||G_loss: 2.1322|R121_loss: 0.2553|R212_loss: 0.1698
2024/08/16 13:38:34: model [INFO] Epoch:   2/  6|Batch: 3114/16927||D_loss: 1.4036|D1_loss: 0.6978|D2_loss: 0.7057||G_loss: 1.9680|R121_loss: 0.2069|R212_loss: 0.1525
2024/08/16 13:38:34: model [INFO] Epoch:   2/  6|Batch: 3119/16927||D_loss: 1.3767|D1_loss: 0.6738|D2_loss: 0.7028||G_loss: 2.1898|R121_loss: 0.2401|R212_loss: 0.2712
2024/08/16 13:38:34: model [INFO] Epoch:   2/  6|Batch: 3124/16927||D_loss: 1.3780|D1_loss: 0.6922|D2_loss: 0.6858||G_loss: 2.0514|R121_loss: 0.2505|R212_loss: 0.1613
2024/08/16 13:38:34: model [INFO] Epoch:   2/  6|Batch: 3129/16927||D_loss: 1.4091|D1_loss: 0.6865|D2_loss: 0.7227||G_loss: 1.9009|R121_loss: 0.2273|R212_loss: 0.1518
2024/08/16 13:38:34: model [INFO] Epoch:   2/  6|Batch: 3134/16927||D_loss: 1.3882|D1_loss: 0.6773|D2_loss: 0.7109||G_loss: 2.0800|R121_loss: 0.2202|R212_loss: 0.2946
2024/08/16 13:38:34: model [INFO] Epoch:   2/  6|Batch: 3139/16927||D_loss: 1.4019|D1_loss: 0.6841|D2_loss: 0.7178||G_loss: 1.9979|R121_loss: 0.2376|R212_loss: 0.1925
2024/08/16 13:38:34: model [INFO] Epoch:   2/  6|Batch: 3144/16927||D_loss: 1.3930|D1_loss: 0.6852|D2_loss: 0.7078||G_loss: 2.0167|R121_loss: 0.2109|R212_loss: 0.1993
2024/08/16 13:38:34: model [INFO] Epoch:   2/  6|Batch: 3149/16927||D_loss: 1.3790|D1_loss: 0.6688|D2_loss: 0.7102||G_loss: 2.0204|R121_loss: 0.2416|R212_loss: 0.1966
2024/08/16 13:38:34: model [INFO] Epoch:   2/  6|Batch: 3154/16927||D_loss: 1.4312|D1_loss: 0.7086|D2_loss: 0.7226||G_loss: 1.9157|R121_loss: 0.2283|R212_loss: 0.1420
2024/08/16 13:38:35: model [INFO] Epoch:   2/  6|Batch: 3159/16927||D_loss: 1.4338|D1_loss: 0.7145|D2_loss: 0.7194||G_loss: 1.9221|R121_loss: 0.2366|R212_loss: 0.1536
2024/08/16 13:38:35: model [INFO] Epoch:   2/  6|Batch: 3164/16927||D_loss: 1.3729|D1_loss: 0.6903|D2_loss: 0.6825||G_loss: 2.0735|R121_loss: 0.2333|R212_loss: 0.1905
2024/08/16 13:38:35: model [INFO] Epoch:   2/  6|Batch: 3169/16927||D_loss: 1.3740|D1_loss: 0.6888|D2_loss: 0.6852||G_loss: 2.0705|R121_loss: 0.2237|R212_loss: 0.2006
2024/08/16 13:38:35: model [INFO] Epoch:   2/  6|Batch: 3174/16927||D_loss: 1.3512|D1_loss: 0.6966|D2_loss: 0.6546||G_loss: 2.1074|R121_loss: 0.2538|R212_loss: 0.1528
2024/08/16 13:38:35: model [INFO] Epoch:   2/  6|Batch: 3179/16927||D_loss: 1.3797|D1_loss: 0.6776|D2_loss: 0.7021||G_loss: 2.0013|R121_loss: 0.2477|R212_loss: 0.2050
2024/08/16 13:38:35: model [INFO] Epoch:   2/  6|Batch: 3184/16927||D_loss: 1.3179|D1_loss: 0.6690|D2_loss: 0.6489||G_loss: 2.1872|R121_loss: 0.2541|R212_loss: 0.2136
2024/08/16 13:38:35: model [INFO] Epoch:   2/  6|Batch: 3189/16927||D_loss: 1.4003|D1_loss: 0.6757|D2_loss: 0.7246||G_loss: 1.9920|R121_loss: 0.2181|R212_loss: 0.2547
2024/08/16 13:38:35: model [INFO] Epoch:   2/  6|Batch: 3194/16927||D_loss: 1.3106|D1_loss: 0.6672|D2_loss: 0.6434||G_loss: 2.2661|R121_loss: 0.3153|R212_loss: 0.1864
2024/08/16 13:38:35: model [INFO] Epoch:   2/  6|Batch: 3199/16927||D_loss: 1.3899|D1_loss: 0.6645|D2_loss: 0.7254||G_loss: 1.9203|R121_loss: 0.2155|R212_loss: 0.1854
2024/08/16 13:38:35: model [INFO] Epoch:   2/  6|Batch: 3204/16927||D_loss: 1.4223|D1_loss: 0.7005|D2_loss: 0.7218||G_loss: 1.9030|R121_loss: 0.2157|R212_loss: 0.1579
2024/08/16 13:38:35: model [INFO] Epoch:   2/  6|Batch: 3209/16927||D_loss: 1.3508|D1_loss: 0.6783|D2_loss: 0.6725||G_loss: 2.1543|R121_loss: 0.2122|R212_loss: 0.2645
2024/08/16 13:38:35: model [INFO] Epoch:   2/  6|Batch: 3214/16927||D_loss: 1.3791|D1_loss: 0.6625|D2_loss: 0.7166||G_loss: 2.0093|R121_loss: 0.2044|R212_loss: 0.2024
2024/08/16 13:38:35: model [INFO] Epoch:   2/  6|Batch: 3219/16927||D_loss: 1.3540|D1_loss: 0.6389|D2_loss: 0.7152||G_loss: 2.0562|R121_loss: 0.2249|R212_loss: 0.2255
2024/08/16 13:38:35: model [INFO] Epoch:   2/  6|Batch: 3224/16927||D_loss: 1.3857|D1_loss: 0.6995|D2_loss: 0.6862||G_loss: 2.0443|R121_loss: 0.2383|R212_loss: 0.1405
2024/08/16 13:38:35: model [INFO] Epoch:   2/  6|Batch: 3229/16927||D_loss: 1.3965|D1_loss: 0.6675|D2_loss: 0.7290||G_loss: 1.8877|R121_loss: 0.2173|R212_loss: 0.1492
2024/08/16 13:38:35: model [INFO] Epoch:   2/  6|Batch: 3234/16927||D_loss: 1.3577|D1_loss: 0.7049|D2_loss: 0.6528||G_loss: 2.1652|R121_loss: 0.2346|R212_loss: 0.1955
2024/08/16 13:38:35: model [INFO] Epoch:   2/  6|Batch: 3239/16927||D_loss: 1.3745|D1_loss: 0.6631|D2_loss: 0.7114||G_loss: 1.9564|R121_loss: 0.1934|R212_loss: 0.1948
2024/08/16 13:38:35: model [INFO] Epoch:   2/  6|Batch: 3244/16927||D_loss: 1.3736|D1_loss: 0.6785|D2_loss: 0.6951||G_loss: 2.0667|R121_loss: 0.2101|R212_loss: 0.2744
2024/08/16 13:38:35: model [INFO] Epoch:   2/  6|Batch: 3249/16927||D_loss: 1.3600|D1_loss: 0.6755|D2_loss: 0.6846||G_loss: 2.0848|R121_loss: 0.2085|R212_loss: 0.2855
2024/08/16 13:38:35: model [INFO] Epoch:   2/  6|Batch: 3254/16927||D_loss: 1.3936|D1_loss: 0.6867|D2_loss: 0.7068||G_loss: 2.1717|R121_loss: 0.2332|R212_loss: 0.3046
2024/08/16 13:38:35: model [INFO] Epoch:   2/  6|Batch: 3259/16927||D_loss: 1.3872|D1_loss: 0.6788|D2_loss: 0.7084||G_loss: 2.2477|R121_loss: 0.2320|R212_loss: 0.2816
2024/08/16 13:38:35: model [INFO] Epoch:   2/  6|Batch: 3264/16927||D_loss: 1.4079|D1_loss: 0.6856|D2_loss: 0.7223||G_loss: 2.2396|R121_loss: 0.2374|R212_loss: 0.3032
2024/08/16 13:38:35: model [INFO] Epoch:   2/  6|Batch: 3269/16927||D_loss: 1.4292|D1_loss: 0.7068|D2_loss: 0.7224||G_loss: 2.1050|R121_loss: 0.2795|R212_loss: 0.2035
2024/08/16 13:38:35: model [INFO] Epoch:   2/  6|Batch: 3274/16927||D_loss: 1.3096|D1_loss: 0.6751|D2_loss: 0.6344||G_loss: 2.3306|R121_loss: 0.2308|R212_loss: 0.3191
2024/08/16 13:38:35: model [INFO] Epoch:   2/  6|Batch: 3279/16927||D_loss: 1.3974|D1_loss: 0.6639|D2_loss: 0.7335||G_loss: 1.9131|R121_loss: 0.1932|R212_loss: 0.1538
2024/08/16 13:38:35: model [INFO] Epoch:   2/  6|Batch: 3284/16927||D_loss: 1.3507|D1_loss: 0.6742|D2_loss: 0.6765||G_loss: 2.2356|R121_loss: 0.2135|R212_loss: 0.2226
2024/08/16 13:38:35: model [INFO] Epoch:   2/  6|Batch: 3289/16927||D_loss: 1.3861|D1_loss: 0.6491|D2_loss: 0.7370||G_loss: 2.0357|R121_loss: 0.2109|R212_loss: 0.2223
2024/08/16 13:38:35: model [INFO] Epoch:   2/  6|Batch: 3294/16927||D_loss: 1.3805|D1_loss: 0.6505|D2_loss: 0.7300||G_loss: 1.9555|R121_loss: 0.1843|R212_loss: 0.2117
2024/08/16 13:38:35: model [INFO] Epoch:   2/  6|Batch: 3299/16927||D_loss: 1.3714|D1_loss: 0.6657|D2_loss: 0.7057||G_loss: 2.0278|R121_loss: 0.2312|R212_loss: 0.1848
2024/08/16 13:38:35: model [INFO] Epoch:   2/  6|Batch: 3304/16927||D_loss: 1.3938|D1_loss: 0.6800|D2_loss: 0.7137||G_loss: 1.9555|R121_loss: 0.2019|R212_loss: 0.1993
2024/08/16 13:38:35: model [INFO] Epoch:   2/  6|Batch: 3309/16927||D_loss: 1.3545|D1_loss: 0.6361|D2_loss: 0.7184||G_loss: 1.9673|R121_loss: 0.2130|R212_loss: 0.1788
2024/08/16 13:38:35: model [INFO] Epoch:   2/  6|Batch: 3314/16927||D_loss: 1.3445|D1_loss: 0.6723|D2_loss: 0.6721||G_loss: 2.1173|R121_loss: 0.2086|R212_loss: 0.2430
2024/08/16 13:38:35: model [INFO] Epoch:   2/  6|Batch: 3319/16927||D_loss: 1.3607|D1_loss: 0.6845|D2_loss: 0.6762||G_loss: 2.0218|R121_loss: 0.2228|R212_loss: 0.2272
2024/08/16 13:38:35: model [INFO] Epoch:   2/  6|Batch: 3324/16927||D_loss: 1.3529|D1_loss: 0.6714|D2_loss: 0.6815||G_loss: 2.0641|R121_loss: 0.2256|R212_loss: 0.1923
2024/08/16 13:38:35: model [INFO] Epoch:   2/  6|Batch: 3329/16927||D_loss: 1.3716|D1_loss: 0.6681|D2_loss: 0.7035||G_loss: 1.9221|R121_loss: 0.1828|R212_loss: 0.2004
2024/08/16 13:38:35: model [INFO] Epoch:   2/  6|Batch: 3334/16927||D_loss: 1.3767|D1_loss: 0.6825|D2_loss: 0.6942||G_loss: 2.0672|R121_loss: 0.2270|R212_loss: 0.2514
2024/08/16 13:38:35: model [INFO] Epoch:   2/  6|Batch: 3339/16927||D_loss: 1.3199|D1_loss: 0.6545|D2_loss: 0.6654||G_loss: 2.0576|R121_loss: 0.2147|R212_loss: 0.1958
2024/08/16 13:38:36: model [INFO] Epoch:   2/  6|Batch: 3344/16927||D_loss: 1.3387|D1_loss: 0.6491|D2_loss: 0.6896||G_loss: 1.9565|R121_loss: 0.2093|R212_loss: 0.1915
2024/08/16 13:38:36: model [INFO] Epoch:   2/  6|Batch: 3349/16927||D_loss: 1.3694|D1_loss: 0.6887|D2_loss: 0.6807||G_loss: 2.0829|R121_loss: 0.2419|R212_loss: 0.2071
2024/08/16 13:38:36: model [INFO] Epoch:   2/  6|Batch: 3354/16927||D_loss: 1.3356|D1_loss: 0.6477|D2_loss: 0.6878||G_loss: 1.9691|R121_loss: 0.1813|R212_loss: 0.2061
2024/08/16 13:38:36: model [INFO] Epoch:   2/  6|Batch: 3359/16927||D_loss: 1.4863|D1_loss: 0.7262|D2_loss: 0.7601||G_loss: 1.8882|R121_loss: 0.2123|R212_loss: 0.1498
2024/08/16 13:38:36: model [INFO] Epoch:   2/  6|Batch: 3364/16927||D_loss: 1.4323|D1_loss: 0.7023|D2_loss: 0.7300||G_loss: 1.9976|R121_loss: 0.1949|R212_loss: 0.1969
2024/08/16 13:38:36: model [INFO] Epoch:   2/  6|Batch: 3369/16927||D_loss: 1.3412|D1_loss: 0.6586|D2_loss: 0.6826||G_loss: 2.0262|R121_loss: 0.2345|R212_loss: 0.2185
2024/08/16 13:38:36: model [INFO] Epoch:   2/  6|Batch: 3374/16927||D_loss: 1.4376|D1_loss: 0.7097|D2_loss: 0.7279||G_loss: 1.9891|R121_loss: 0.2496|R212_loss: 0.1475
2024/08/16 13:38:36: model [INFO] Epoch:   2/  6|Batch: 3379/16927||D_loss: 1.4704|D1_loss: 0.6793|D2_loss: 0.7911||G_loss: 2.1151|R121_loss: 0.2392|R212_loss: 0.2695
2024/08/16 13:38:36: model [INFO] Epoch:   2/  6|Batch: 3384/16927||D_loss: 1.3648|D1_loss: 0.6489|D2_loss: 0.7159||G_loss: 2.0561|R121_loss: 0.2279|R212_loss: 0.2334
2024/08/16 13:38:36: model [INFO] Epoch:   2/  6|Batch: 3389/16927||D_loss: 1.4114|D1_loss: 0.7111|D2_loss: 0.7003||G_loss: 1.9881|R121_loss: 0.2266|R212_loss: 0.1510
2024/08/16 13:38:36: model [INFO] Epoch:   2/  6|Batch: 3394/16927||D_loss: 1.3967|D1_loss: 0.6971|D2_loss: 0.6996||G_loss: 1.9433|R121_loss: 0.2246|R212_loss: 0.1458
2024/08/16 13:38:36: model [INFO] Epoch:   3/  6|Batch:  4/16927||D_loss: 1.4413|D1_loss: 0.7257|D2_loss: 0.7156||G_loss: 1.8918|R121_loss: 0.2270|R212_loss: 0.1466
2024/08/16 13:38:36: model [INFO] Epoch:   3/  6|Batch:  9/16927||D_loss: 1.4022|D1_loss: 0.7107|D2_loss: 0.6915||G_loss: 2.1065|R121_loss: 0.2614|R212_loss: 0.2177
2024/08/16 13:38:36: model [INFO] Epoch:   3/  6|Batch: 14/16927||D_loss: 1.4427|D1_loss: 0.6832|D2_loss: 0.7594||G_loss: 2.0844|R121_loss: 0.2137|R212_loss: 0.3014
2024/08/16 13:38:36: model [INFO] Epoch:   3/  6|Batch: 19/16927||D_loss: 1.3666|D1_loss: 0.6695|D2_loss: 0.6972||G_loss: 2.0302|R121_loss: 0.2191|R212_loss: 0.1898
2024/08/16 13:38:36: model [INFO] Epoch:   3/  6|Batch: 24/16927||D_loss: 1.3712|D1_loss: 0.6902|D2_loss: 0.6811||G_loss: 2.1897|R121_loss: 0.2797|R212_loss: 0.2281
2024/08/16 13:38:36: model [INFO] Epoch:   3/  6|Batch: 29/16927||D_loss: 1.4758|D1_loss: 0.7520|D2_loss: 0.7238||G_loss: 1.8183|R121_loss: 0.2231|R212_loss: 0.1398
2024/08/16 13:38:36: model [INFO] Epoch:   3/  6|Batch: 34/16927||D_loss: 1.3784|D1_loss: 0.6711|D2_loss: 0.7073||G_loss: 1.9655|R121_loss: 0.2114|R212_loss: 0.1803
2024/08/16 13:38:36: model [INFO] Epoch:   3/  6|Batch: 39/16927||D_loss: 1.4289|D1_loss: 0.7065|D2_loss: 0.7224||G_loss: 1.8030|R121_loss: 0.2090|R212_loss: 0.1556
2024/08/16 13:38:36: model [INFO] Epoch:   3/  6|Batch: 44/16927||D_loss: 1.3653|D1_loss: 0.6903|D2_loss: 0.6750||G_loss: 2.0387|R121_loss: 0.2406|R212_loss: 0.1918
2024/08/16 13:38:36: model [INFO] Epoch:   3/  6|Batch: 49/16927||D_loss: 1.4186|D1_loss: 0.7112|D2_loss: 0.7075||G_loss: 1.8556|R121_loss: 0.2223|R212_loss: 0.1519
2024/08/16 13:38:36: model [INFO] Epoch:   3/  6|Batch: 54/16927||D_loss: 1.4030|D1_loss: 0.6766|D2_loss: 0.7263||G_loss: 1.8105|R121_loss: 0.2115|R212_loss: 0.1498
2024/08/16 13:38:36: model [INFO] Epoch:   3/  6|Batch: 59/16927||D_loss: 1.4097|D1_loss: 0.6972|D2_loss: 0.7125||G_loss: 1.8391|R121_loss: 0.2182|R212_loss: 0.1509
2024/08/16 13:38:36: model [INFO] Epoch:   3/  6|Batch: 64/16927||D_loss: 1.3937|D1_loss: 0.7019|D2_loss: 0.6918||G_loss: 1.9894|R121_loss: 0.2048|R212_loss: 0.2542
2024/08/16 13:38:36: model [INFO] Epoch:   3/  6|Batch: 69/16927||D_loss: 1.3648|D1_loss: 0.6772|D2_loss: 0.6876||G_loss: 2.1358|R121_loss: 0.2519|R212_loss: 0.1908
2024/08/16 13:38:36: model [INFO] Epoch:   3/  6|Batch: 74/16927||D_loss: 1.3654|D1_loss: 0.6772|D2_loss: 0.6882||G_loss: 2.1657|R121_loss: 0.2533|R212_loss: 0.2255
2024/08/16 13:38:36: model [INFO] Epoch:   3/  6|Batch: 79/16927||D_loss: 1.4116|D1_loss: 0.6951|D2_loss: 0.7164||G_loss: 1.9705|R121_loss: 0.2117|R212_loss: 0.1797
2024/08/16 13:38:36: model [INFO] Epoch:   3/  6|Batch: 84/16927||D_loss: 1.3736|D1_loss: 0.6556|D2_loss: 0.7180||G_loss: 2.0406|R121_loss: 0.2460|R212_loss: 0.2062
2024/08/16 13:38:36: model [INFO] Epoch:   3/  6|Batch: 89/16927||D_loss: 1.3467|D1_loss: 0.6869|D2_loss: 0.6598||G_loss: 2.0991|R121_loss: 0.2294|R212_loss: 0.1853
2024/08/16 13:38:36: model [INFO] Epoch:   3/  6|Batch: 94/16927||D_loss: 1.4034|D1_loss: 0.6723|D2_loss: 0.7310||G_loss: 2.0953|R121_loss: 0.2061|R212_loss: 0.2981
2024/08/16 13:38:36: model [INFO] Epoch:   3/  6|Batch: 99/16927||D_loss: 1.4357|D1_loss: 0.7188|D2_loss: 0.7168||G_loss: 1.8394|R121_loss: 0.2102|R212_loss: 0.1528
2024/08/16 13:38:36: model [INFO] Epoch:   3/  6|Batch: 104/16927||D_loss: 1.3756|D1_loss: 0.6838|D2_loss: 0.6918||G_loss: 2.0306|R121_loss: 0.1973|R212_loss: 0.1881
2024/08/16 13:38:36: model [INFO] Epoch:   3/  6|Batch: 109/16927||D_loss: 1.3822|D1_loss: 0.6809|D2_loss: 0.7013||G_loss: 2.1507|R121_loss: 0.2458|R212_loss: 0.2583
2024/08/16 13:38:36: model [INFO] Epoch:   3/  6|Batch: 114/16927||D_loss: 1.3861|D1_loss: 0.6718|D2_loss: 0.7143||G_loss: 2.0830|R121_loss: 0.2244|R212_loss: 0.2145
2024/08/16 13:38:36: model [INFO] Epoch:   3/  6|Batch: 119/16927||D_loss: 1.3581|D1_loss: 0.7124|D2_loss: 0.6457||G_loss: 2.0662|R121_loss: 0.2548|R212_loss: 0.1395
2024/08/16 13:38:36: model [INFO] Epoch:   3/  6|Batch: 124/16927||D_loss: 1.3778|D1_loss: 0.6750|D2_loss: 0.7028||G_loss: 2.1186|R121_loss: 0.2334|R212_loss: 0.2853
2024/08/16 13:38:37: model [INFO] Epoch:   3/  6|Batch: 129/16927||D_loss: 1.3968|D1_loss: 0.6819|D2_loss: 0.7148||G_loss: 1.9399|R121_loss: 0.1883|R212_loss: 0.2002
2024/08/16 13:38:37: model [INFO] Epoch:   3/  6|Batch: 134/16927||D_loss: 1.4054|D1_loss: 0.7246|D2_loss: 0.6807||G_loss: 1.9367|R121_loss: 0.2432|R212_loss: 0.1431
2024/08/16 13:38:37: model [INFO] Epoch:   3/  6|Batch: 139/16927||D_loss: 1.3849|D1_loss: 0.6636|D2_loss: 0.7213||G_loss: 2.0379|R121_loss: 0.1995|R212_loss: 0.2360
2024/08/16 13:38:37: model [INFO] Epoch:   3/  6|Batch: 144/16927||D_loss: 1.3898|D1_loss: 0.6748|D2_loss: 0.7150||G_loss: 1.9586|R121_loss: 0.1964|R212_loss: 0.1941
2024/08/16 13:38:37: model [INFO] Epoch:   3/  6|Batch: 149/16927||D_loss: 1.3444|D1_loss: 0.6827|D2_loss: 0.6617||G_loss: 2.0842|R121_loss: 0.2299|R212_loss: 0.1859
2024/08/16 13:38:37: model [INFO] Epoch:   3/  6|Batch: 154/16927||D_loss: 1.3818|D1_loss: 0.6668|D2_loss: 0.7150||G_loss: 1.9396|R121_loss: 0.2055|R212_loss: 0.1928
2024/08/16 13:38:37: model [INFO] Epoch:   3/  6|Batch: 159/16927||D_loss: 1.3262|D1_loss: 0.6798|D2_loss: 0.6464||G_loss: 2.1647|R121_loss: 0.2415|R212_loss: 0.2706
2024/08/16 13:38:37: model [INFO] Epoch:   3/  6|Batch: 164/16927||D_loss: 1.3629|D1_loss: 0.6603|D2_loss: 0.7026||G_loss: 1.9371|R121_loss: 0.2220|R212_loss: 0.1790
2024/08/16 13:38:37: model [INFO] Epoch:   3/  6|Batch: 169/16927||D_loss: 1.4442|D1_loss: 0.7346|D2_loss: 0.7096||G_loss: 1.8194|R121_loss: 0.2113|R212_loss: 0.1495
2024/08/16 13:38:37: model [INFO] Epoch:   3/  6|Batch: 174/16927||D_loss: 1.3624|D1_loss: 0.6973|D2_loss: 0.6651||G_loss: 1.9347|R121_loss: 0.2166|R212_loss: 0.1496
2024/08/16 13:38:37: model [INFO] Epoch:   3/  6|Batch: 179/16927||D_loss: 1.3749|D1_loss: 0.6459|D2_loss: 0.7289||G_loss: 2.1264|R121_loss: 0.2062|R212_loss: 0.3474
2024/08/16 13:38:37: model [INFO] Epoch:   3/  6|Batch: 184/16927||D_loss: 1.3979|D1_loss: 0.7447|D2_loss: 0.6532||G_loss: 2.0628|R121_loss: 0.3030|R212_loss: 0.1404
2024/08/16 13:38:37: model [INFO] Epoch:   3/  6|Batch: 189/16927||D_loss: 1.3480|D1_loss: 0.6813|D2_loss: 0.6667||G_loss: 2.1444|R121_loss: 0.2439|R212_loss: 0.2794
2024/08/16 13:38:37: model [INFO] Epoch:   3/  6|Batch: 194/16927||D_loss: 1.4207|D1_loss: 0.6844|D2_loss: 0.7363||G_loss: 2.0202|R121_loss: 0.2099|R212_loss: 0.1977
2024/08/16 13:38:37: model [INFO] Epoch:   3/  6|Batch: 199/16927||D_loss: 1.3921|D1_loss: 0.6675|D2_loss: 0.7246||G_loss: 2.0400|R121_loss: 0.2262|R212_loss: 0.1850
2024/08/16 13:38:37: model [INFO] Epoch:   3/  6|Batch: 204/16927||D_loss: 1.3877|D1_loss: 0.7030|D2_loss: 0.6847||G_loss: 1.8914|R121_loss: 0.1869|R212_loss: 0.1384
2024/08/16 13:38:37: model [INFO] Epoch:   3/  6|Batch: 209/16927||D_loss: 1.4057|D1_loss: 0.6699|D2_loss: 0.7357||G_loss: 1.9829|R121_loss: 0.1995|R212_loss: 0.1969
2024/08/16 13:38:37: model [INFO] Epoch:   3/  6|Batch: 214/16927||D_loss: 1.4086|D1_loss: 0.7057|D2_loss: 0.7030||G_loss: 1.8435|R121_loss: 0.2084|R212_loss: 0.1416
2024/08/16 13:38:37: model [INFO] Epoch:   3/  6|Batch: 219/16927||D_loss: 1.4222|D1_loss: 0.7200|D2_loss: 0.7022||G_loss: 2.1939|R121_loss: 0.3279|R212_loss: 0.2866
2024/08/16 13:38:37: model [INFO] Epoch:   3/  6|Batch: 224/16927||D_loss: 1.3486|D1_loss: 0.6628|D2_loss: 0.6858||G_loss: 2.1171|R121_loss: 0.2505|R212_loss: 0.2150
2024/08/16 13:38:37: model [INFO] Epoch:   3/  6|Batch: 229/16927||D_loss: 1.3713|D1_loss: 0.6893|D2_loss: 0.6820||G_loss: 1.9691|R121_loss: 0.2495|R212_loss: 0.1436
2024/08/16 13:38:37: model [INFO] Epoch:   3/  6|Batch: 234/16927||D_loss: 1.4067|D1_loss: 0.6680|D2_loss: 0.7387||G_loss: 2.1469|R121_loss: 0.1806|R212_loss: 0.3572
2024/08/16 13:38:37: model [INFO] Epoch:   3/  6|Batch: 239/16927||D_loss: 1.4116|D1_loss: 0.7176|D2_loss: 0.6940||G_loss: 1.8532|R121_loss: 0.1979|R212_loss: 0.1409
2024/08/16 13:38:37: model [INFO] Epoch:   3/  6|Batch: 244/16927||D_loss: 1.3338|D1_loss: 0.6467|D2_loss: 0.6871||G_loss: 2.1296|R121_loss: 0.2375|R212_loss: 0.2834
2024/08/16 13:38:37: model [INFO] Epoch:   3/  6|Batch: 249/16927||D_loss: 1.3138|D1_loss: 0.6415|D2_loss: 0.6723||G_loss: 2.1187|R121_loss: 0.2023|R212_loss: 0.2895
2024/08/16 13:38:37: model [INFO] Epoch:   3/  6|Batch: 254/16927||D_loss: 1.3804|D1_loss: 0.7244|D2_loss: 0.6560||G_loss: 2.1428|R121_loss: 0.3232|R212_loss: 0.1338
2024/08/16 13:38:37: model [INFO] Epoch:   3/  6|Batch: 259/16927||D_loss: 1.4198|D1_loss: 0.6708|D2_loss: 0.7490||G_loss: 2.0839|R121_loss: 0.2159|R212_loss: 0.1903
2024/08/16 13:38:37: model [INFO] Epoch:   3/  6|Batch: 264/16927||D_loss: 1.3824|D1_loss: 0.6928|D2_loss: 0.6897||G_loss: 2.1505|R121_loss: 0.1873|R212_loss: 0.2804
2024/08/16 13:38:37: model [INFO] Epoch:   3/  6|Batch: 269/16927||D_loss: 1.3932|D1_loss: 0.6551|D2_loss: 0.7381||G_loss: 2.0197|R121_loss: 0.2020|R212_loss: 0.2062
2024/08/16 13:38:37: model [INFO] Epoch:   3/  6|Batch: 274/16927||D_loss: 1.3848|D1_loss: 0.6949|D2_loss: 0.6899||G_loss: 2.1681|R121_loss: 0.1912|R212_loss: 0.4026
2024/08/16 13:38:37: model [INFO] Epoch:   3/  6|Batch: 279/16927||D_loss: 1.3414|D1_loss: 0.6461|D2_loss: 0.6953||G_loss: 2.1561|R121_loss: 0.2584|R212_loss: 0.1967
2024/08/16 13:38:37: model [INFO] Epoch:   3/  6|Batch: 284/16927||D_loss: 1.3344|D1_loss: 0.6887|D2_loss: 0.6457||G_loss: 2.2384|R121_loss: 0.2636|R212_loss: 0.2903
2024/08/16 13:38:37: model [INFO] Epoch:   3/  6|Batch: 289/16927||D_loss: 1.3877|D1_loss: 0.6418|D2_loss: 0.7459||G_loss: 2.0251|R121_loss: 0.2307|R212_loss: 0.1940
2024/08/16 13:38:37: model [INFO] Epoch:   3/  6|Batch: 294/16927||D_loss: 1.4182|D1_loss: 0.7162|D2_loss: 0.7020||G_loss: 1.8815|R121_loss: 0.1855|R212_loss: 0.1469
2024/08/16 13:38:37: model [INFO] Epoch:   3/  6|Batch: 299/16927||D_loss: 1.3158|D1_loss: 0.6845|D2_loss: 0.6313||G_loss: 2.3100|R121_loss: 0.3182|R212_loss: 0.2678
2024/08/16 13:38:37: model [INFO] Epoch:   3/  6|Batch: 304/16927||D_loss: 1.4034|D1_loss: 0.7199|D2_loss: 0.6834||G_loss: 1.9110|R121_loss: 0.1985|R212_loss: 0.1352
2024/08/16 13:38:37: model [INFO] Epoch:   3/  6|Batch: 309/16927||D_loss: 1.3485|D1_loss: 0.6830|D2_loss: 0.6654||G_loss: 2.2529|R121_loss: 0.2503|R212_loss: 0.2836
2024/08/16 13:38:38: model [INFO] Epoch:   3/  6|Batch: 314/16927||D_loss: 1.4194|D1_loss: 0.6868|D2_loss: 0.7326||G_loss: 2.1086|R121_loss: 0.2565|R212_loss: 0.1937
2024/08/16 13:38:38: model [INFO] Epoch:   3/  6|Batch: 319/16927||D_loss: 1.3968|D1_loss: 0.6950|D2_loss: 0.7018||G_loss: 1.8710|R121_loss: 0.2170|R212_loss: 0.1387
2024/08/16 13:38:38: model [INFO] Epoch:   3/  6|Batch: 324/16927||D_loss: 1.3869|D1_loss: 0.6973|D2_loss: 0.6896||G_loss: 2.0993|R121_loss: 0.2310|R212_loss: 0.2752
2024/08/16 13:38:38: model [INFO] Epoch:   3/  6|Batch: 329/16927||D_loss: 1.3733|D1_loss: 0.6602|D2_loss: 0.7131||G_loss: 1.8462|R121_loss: 0.2244|R212_loss: 0.1318
2024/08/16 13:38:38: model [INFO] Epoch:   3/  6|Batch: 334/16927||D_loss: 1.3060|D1_loss: 0.6840|D2_loss: 0.6220||G_loss: 2.3042|R121_loss: 0.2612|R212_loss: 0.2893
2024/08/16 13:38:38: model [INFO] Epoch:   3/  6|Batch: 339/16927||D_loss: 1.3831|D1_loss: 0.6415|D2_loss: 0.7417||G_loss: 1.9831|R121_loss: 0.2083|R212_loss: 0.1881
2024/08/16 13:38:38: model [INFO] Epoch:   3/  6|Batch: 344/16927||D_loss: 1.3631|D1_loss: 0.6175|D2_loss: 0.7456||G_loss: 1.9994|R121_loss: 0.2114|R212_loss: 0.1889
2024/08/16 13:38:38: model [INFO] Epoch:   3/  6|Batch: 349/16927||D_loss: 1.3375|D1_loss: 0.6399|D2_loss: 0.6976||G_loss: 1.8871|R121_loss: 0.2391|R212_loss: 0.1440
2024/08/16 13:38:38: model [INFO] Epoch:   3/  6|Batch: 354/16927||D_loss: 1.3680|D1_loss: 0.6569|D2_loss: 0.7111||G_loss: 2.1008|R121_loss: 0.2275|R212_loss: 0.1977
2024/08/16 13:38:38: model [INFO] Epoch:   3/  6|Batch: 359/16927||D_loss: 1.4459|D1_loss: 0.7463|D2_loss: 0.6996||G_loss: 1.8556|R121_loss: 0.2159|R212_loss: 0.1313
2024/08/16 13:38:38: model [INFO] Epoch:   3/  6|Batch: 364/16927||D_loss: 1.3453|D1_loss: 0.6771|D2_loss: 0.6682||G_loss: 2.1856|R121_loss: 0.2621|R212_loss: 0.2841
2024/08/16 13:38:38: model [INFO] Epoch:   3/  6|Batch: 369/16927||D_loss: 1.3522|D1_loss: 0.6434|D2_loss: 0.7088||G_loss: 2.1324|R121_loss: 0.2673|R212_loss: 0.1841
2024/08/16 13:38:38: model [INFO] Epoch:   3/  6|Batch: 374/16927||D_loss: 1.4030|D1_loss: 0.6692|D2_loss: 0.7337||G_loss: 2.0235|R121_loss: 0.1915|R212_loss: 0.1965
2024/08/16 13:38:38: model [INFO] Epoch:   3/  6|Batch: 379/16927||D_loss: 1.4269|D1_loss: 0.7559|D2_loss: 0.6711||G_loss: 1.9614|R121_loss: 0.2290|R212_loss: 0.1373
2024/08/16 13:38:38: model [INFO] Epoch:   3/  6|Batch: 384/16927||D_loss: 1.4066|D1_loss: 0.7078|D2_loss: 0.6989||G_loss: 2.0801|R121_loss: 0.2216|R212_loss: 0.2207
2024/08/16 13:38:38: model [INFO] Epoch:   3/  6|Batch: 389/16927||D_loss: 1.4109|D1_loss: 0.7473|D2_loss: 0.6636||G_loss: 1.9512|R121_loss: 0.2227|R212_loss: 0.1510
2024/08/16 13:38:38: model [INFO] Epoch:   3/  6|Batch: 394/16927||D_loss: 1.3904|D1_loss: 0.6946|D2_loss: 0.6958||G_loss: 2.0724|R121_loss: 0.2466|R212_loss: 0.1913
2024/08/16 13:38:38: model [INFO] Epoch:   3/  6|Batch: 399/16927||D_loss: 1.3548|D1_loss: 0.6440|D2_loss: 0.7108||G_loss: 2.0412|R121_loss: 0.1913|R212_loss: 0.2635
2024/08/16 13:38:38: model [INFO] Epoch:   3/  6|Batch: 404/16927||D_loss: 1.3488|D1_loss: 0.6328|D2_loss: 0.7161||G_loss: 2.1575|R121_loss: 0.2155|R212_loss: 0.3551
2024/08/16 13:38:38: model [INFO] Epoch:   3/  6|Batch: 409/16927||D_loss: 1.3528|D1_loss: 0.6494|D2_loss: 0.7034||G_loss: 2.0370|R121_loss: 0.2056|R212_loss: 0.2250
2024/08/16 13:38:38: model [INFO] Epoch:   3/  6|Batch: 414/16927||D_loss: 1.4071|D1_loss: 0.6912|D2_loss: 0.7159||G_loss: 1.7955|R121_loss: 0.2028|R212_loss: 0.1394
2024/08/16 13:38:38: model [INFO] Epoch:   3/  6|Batch: 419/16927||D_loss: 1.4561|D1_loss: 0.7585|D2_loss: 0.6976||G_loss: 1.8272|R121_loss: 0.2174|R212_loss: 0.1372
2024/08/16 13:38:38: model [INFO] Epoch:   3/  6|Batch: 424/16927||D_loss: 1.3596|D1_loss: 0.6837|D2_loss: 0.6759||G_loss: 2.1080|R121_loss: 0.2224|R212_loss: 0.2283
2024/08/16 13:38:38: model [INFO] Epoch:   3/  6|Batch: 429/16927||D_loss: 1.3737|D1_loss: 0.6851|D2_loss: 0.6886||G_loss: 1.9376|R121_loss: 0.2988|R212_loss: 0.1278
2024/08/16 13:38:38: model [INFO] Epoch:   3/  6|Batch: 434/16927||D_loss: 1.3424|D1_loss: 0.6788|D2_loss: 0.6636||G_loss: 2.1819|R121_loss: 0.2064|R212_loss: 0.2954
2024/08/16 13:38:38: model [INFO] Epoch:   3/  6|Batch: 439/16927||D_loss: 1.3233|D1_loss: 0.6775|D2_loss: 0.6458||G_loss: 2.1504|R121_loss: 0.2488|R212_loss: 0.1894
2024/08/16 13:38:38: model [INFO] Epoch:   3/  6|Batch: 444/16927||D_loss: 1.4353|D1_loss: 0.7343|D2_loss: 0.7011||G_loss: 1.8814|R121_loss: 0.2369|R212_loss: 0.1308
2024/08/16 13:38:38: model [INFO] Epoch:   3/  6|Batch: 449/16927||D_loss: 1.4140|D1_loss: 0.7003|D2_loss: 0.7136||G_loss: 1.7817|R121_loss: 0.1922|R212_loss: 0.1250
2024/08/16 13:38:38: model [INFO] Epoch:   3/  6|Batch: 454/16927||D_loss: 1.3476|D1_loss: 0.6477|D2_loss: 0.6999||G_loss: 2.0082|R121_loss: 0.1925|R212_loss: 0.2103
2024/08/16 13:38:38: model [INFO] Epoch:   3/  6|Batch: 459/16927||D_loss: 1.3382|D1_loss: 0.6366|D2_loss: 0.7016||G_loss: 1.9644|R121_loss: 0.1905|R212_loss: 0.1843
2024/08/16 13:38:38: model [INFO] Epoch:   3/  6|Batch: 464/16927||D_loss: 1.3619|D1_loss: 0.6654|D2_loss: 0.6965||G_loss: 2.0346|R121_loss: 0.1930|R212_loss: 0.2147
2024/08/16 13:38:38: model [INFO] Epoch:   3/  6|Batch: 469/16927||D_loss: 1.3952|D1_loss: 0.6458|D2_loss: 0.7494||G_loss: 2.0260|R121_loss: 0.1919|R212_loss: 0.2625
2024/08/16 13:38:38: model [INFO] Epoch:   3/  6|Batch: 474/16927||D_loss: 1.3559|D1_loss: 0.6862|D2_loss: 0.6697||G_loss: 2.1445|R121_loss: 0.2843|R212_loss: 0.1954
2024/08/16 13:38:38: model [INFO] Epoch:   3/  6|Batch: 479/16927||D_loss: 1.3775|D1_loss: 0.6784|D2_loss: 0.6991||G_loss: 1.9778|R121_loss: 0.2036|R212_loss: 0.1893
2024/08/16 13:38:38: model [INFO] Epoch:   3/  6|Batch: 484/16927||D_loss: 1.3227|D1_loss: 0.6349|D2_loss: 0.6878||G_loss: 2.0023|R121_loss: 0.2068|R212_loss: 0.2095
2024/08/16 13:38:38: model [INFO] Epoch:   3/  6|Batch: 489/16927||D_loss: 1.3371|D1_loss: 0.6593|D2_loss: 0.6778||G_loss: 2.0538|R121_loss: 0.2146|R212_loss: 0.2032
2024/08/16 13:38:38: model [INFO] Epoch:   3/  6|Batch: 494/16927||D_loss: 1.3471|D1_loss: 0.6741|D2_loss: 0.6730||G_loss: 1.9979|R121_loss: 0.2035|R212_loss: 0.1804
2024/08/16 13:38:39: model [INFO] Epoch:   3/  6|Batch: 499/16927||D_loss: 1.4390|D1_loss: 0.6872|D2_loss: 0.7519||G_loss: 2.1369|R121_loss: 0.2209|R212_loss: 0.2783
2024/08/16 13:38:39: model [INFO] Epoch:   3/  6|Batch: 504/16927||D_loss: 1.3409|D1_loss: 0.6852|D2_loss: 0.6556||G_loss: 2.1023|R121_loss: 0.2022|R212_loss: 0.1924
2024/08/16 13:38:39: model [INFO] Epoch:   3/  6|Batch: 509/16927||D_loss: 1.3179|D1_loss: 0.6356|D2_loss: 0.6823||G_loss: 2.0143|R121_loss: 0.2096|R212_loss: 0.1883
2024/08/16 13:38:39: model [INFO] Epoch:   3/  6|Batch: 514/16927||D_loss: 1.4191|D1_loss: 0.6852|D2_loss: 0.7339||G_loss: 2.0361|R121_loss: 0.2317|R212_loss: 0.2757
2024/08/16 13:38:39: model [INFO] Epoch:   3/  6|Batch: 519/16927||D_loss: 1.3126|D1_loss: 0.6254|D2_loss: 0.6872||G_loss: 1.9791|R121_loss: 0.1870|R212_loss: 0.1899
2024/08/16 13:38:39: model [INFO] Epoch:   3/  6|Batch: 524/16927||D_loss: 1.4154|D1_loss: 0.6833|D2_loss: 0.7322||G_loss: 2.1135|R121_loss: 0.1913|R212_loss: 0.2754
2024/08/16 13:38:39: model [INFO] Epoch:   3/  6|Batch: 529/16927||D_loss: 1.4106|D1_loss: 0.7351|D2_loss: 0.6755||G_loss: 2.0355|R121_loss: 0.3306|R212_loss: 0.1417
2024/08/16 13:38:39: model [INFO] Epoch:   3/  6|Batch: 534/16927||D_loss: 1.3284|D1_loss: 0.6318|D2_loss: 0.6966||G_loss: 2.0402|R121_loss: 0.1860|R212_loss: 0.2257
2024/08/16 13:38:39: model [INFO] Epoch:   3/  6|Batch: 539/16927||D_loss: 1.3002|D1_loss: 0.6118|D2_loss: 0.6884||G_loss: 2.0352|R121_loss: 0.2180|R212_loss: 0.1877
2024/08/16 13:38:39: model [INFO] Epoch:   3/  6|Batch: 544/16927||D_loss: 1.3875|D1_loss: 0.6878|D2_loss: 0.6998||G_loss: 2.2263|R121_loss: 0.2686|R212_loss: 0.2705
2024/08/16 13:38:39: model [INFO] Epoch:   3/  6|Batch: 549/16927||D_loss: 1.3592|D1_loss: 0.6831|D2_loss: 0.6761||G_loss: 2.0802|R121_loss: 0.2263|R212_loss: 0.1912
2024/08/16 13:38:39: model [INFO] Epoch:   3/  6|Batch: 554/16927||D_loss: 1.3251|D1_loss: 0.6635|D2_loss: 0.6616||G_loss: 2.2267|R121_loss: 0.2971|R212_loss: 0.2024
2024/08/16 13:38:39: model [INFO] Epoch:   3/  6|Batch: 559/16927||D_loss: 1.3323|D1_loss: 0.6550|D2_loss: 0.6773||G_loss: 1.9979|R121_loss: 0.2534|R212_loss: 0.1413
2024/08/16 13:38:39: model [INFO] Epoch:   3/  6|Batch: 564/16927||D_loss: 1.3448|D1_loss: 0.6524|D2_loss: 0.6924||G_loss: 2.0039|R121_loss: 0.1889|R212_loss: 0.1866
2024/08/16 13:38:39: model [INFO] Epoch:   3/  6|Batch: 569/16927||D_loss: 1.3635|D1_loss: 0.7176|D2_loss: 0.6458||G_loss: 2.1027|R121_loss: 0.2560|R212_loss: 0.1794
2024/08/16 13:38:39: model [INFO] Epoch:   3/  6|Batch: 574/16927||D_loss: 1.4012|D1_loss: 0.6824|D2_loss: 0.7188||G_loss: 2.1594|R121_loss: 0.2103|R212_loss: 0.2752
2024/08/16 13:38:39: model [INFO] Epoch:   3/  6|Batch: 579/16927||D_loss: 1.3880|D1_loss: 0.6796|D2_loss: 0.7085||G_loss: 1.9788|R121_loss: 0.1976|R212_loss: 0.1776
2024/08/16 13:38:39: model [INFO] Epoch:   3/  6|Batch: 584/16927||D_loss: 1.3791|D1_loss: 0.6864|D2_loss: 0.6927||G_loss: 2.0645|R121_loss: 0.2585|R212_loss: 0.1913
2024/08/16 13:38:39: model [INFO] Epoch:   3/  6|Batch: 589/16927||D_loss: 1.4324|D1_loss: 0.7123|D2_loss: 0.7201||G_loss: 1.7919|R121_loss: 0.2299|R212_loss: 0.1324
2024/08/16 13:38:39: model [INFO] Epoch:   3/  6|Batch: 594/16927||D_loss: 1.4013|D1_loss: 0.7031|D2_loss: 0.6983||G_loss: 1.8827|R121_loss: 0.1887|R212_loss: 0.1662
2024/08/16 13:38:39: model [INFO] Epoch:   3/  6|Batch: 599/16927||D_loss: 1.2905|D1_loss: 0.5938|D2_loss: 0.6967||G_loss: 1.9893|R121_loss: 0.2620|R212_loss: 0.1866
2024/08/16 13:38:39: model [INFO] Epoch:   3/  6|Batch: 604/16927||D_loss: 1.3908|D1_loss: 0.6522|D2_loss: 0.7386||G_loss: 2.1235|R121_loss: 0.2220|R212_loss: 0.2865
2024/08/16 13:38:39: model [INFO] Epoch:   3/  6|Batch: 609/16927||D_loss: 1.4217|D1_loss: 0.7238|D2_loss: 0.6979||G_loss: 1.9980|R121_loss: 0.2753|R212_loss: 0.1584
2024/08/16 13:38:39: model [INFO] Epoch:   3/  6|Batch: 614/16927||D_loss: 1.3906|D1_loss: 0.6956|D2_loss: 0.6950||G_loss: 2.1097|R121_loss: 0.2417|R212_loss: 0.2687
2024/08/16 13:38:39: model [INFO] Epoch:   3/  6|Batch: 619/16927||D_loss: 1.3878|D1_loss: 0.6736|D2_loss: 0.7142||G_loss: 1.9446|R121_loss: 0.2127|R212_loss: 0.1926
2024/08/16 13:38:39: model [INFO] Epoch:   3/  6|Batch: 624/16927||D_loss: 1.3582|D1_loss: 0.6814|D2_loss: 0.6767||G_loss: 2.1232|R121_loss: 0.2420|R212_loss: 0.1824
2024/08/16 13:38:39: model [INFO] Epoch:   3/  6|Batch: 629/16927||D_loss: 1.4211|D1_loss: 0.7170|D2_loss: 0.7041||G_loss: 1.8830|R121_loss: 0.2371|R212_loss: 0.1395
2024/08/16 13:38:39: model [INFO] Epoch:   3/  6|Batch: 634/16927||D_loss: 1.2176|D1_loss: 0.5713|D2_loss: 0.6463||G_loss: 2.2043|R121_loss: 0.2730|R212_loss: 0.1951
2024/08/16 13:38:39: model [INFO] Epoch:   3/  6|Batch: 639/16927||D_loss: 1.3329|D1_loss: 0.6271|D2_loss: 0.7058||G_loss: 1.9755|R121_loss: 0.2365|R212_loss: 0.1794
2024/08/16 13:38:39: model [INFO] Epoch:   3/  6|Batch: 644/16927||D_loss: 1.4174|D1_loss: 0.6902|D2_loss: 0.7272||G_loss: 2.1457|R121_loss: 0.2500|R212_loss: 0.2843
2024/08/16 13:38:39: model [INFO] Epoch:   3/  6|Batch: 649/16927||D_loss: 1.4051|D1_loss: 0.7164|D2_loss: 0.6887||G_loss: 2.0286|R121_loss: 0.2131|R212_loss: 0.2649
2024/08/16 13:38:39: model [INFO] Epoch:   3/  6|Batch: 654/16927||D_loss: 1.3472|D1_loss: 0.6503|D2_loss: 0.6969||G_loss: 1.9494|R121_loss: 0.1955|R212_loss: 0.2117
2024/08/16 13:38:39: model [INFO] Epoch:   3/  6|Batch: 659/16927||D_loss: 1.3616|D1_loss: 0.6878|D2_loss: 0.6739||G_loss: 2.0575|R121_loss: 0.2120|R212_loss: 0.2466
2024/08/16 13:38:39: model [INFO] Epoch:   3/  6|Batch: 664/16927||D_loss: 1.2443|D1_loss: 0.5825|D2_loss: 0.6619||G_loss: 2.1871|R121_loss: 0.2888|R212_loss: 0.1811
2024/08/16 13:38:39: model [INFO] Epoch:   3/  6|Batch: 669/16927||D_loss: 1.3510|D1_loss: 0.7088|D2_loss: 0.6422||G_loss: 2.2129|R121_loss: 0.2935|R212_loss: 0.1810
2024/08/16 13:38:39: model [INFO] Epoch:   3/  6|Batch: 674/16927||D_loss: 1.3612|D1_loss: 0.6539|D2_loss: 0.7072||G_loss: 1.9004|R121_loss: 0.2263|R212_loss: 0.1527
2024/08/16 13:38:40: model [INFO] Epoch:   3/  6|Batch: 679/16927||D_loss: 1.3767|D1_loss: 0.6892|D2_loss: 0.6875||G_loss: 2.0207|R121_loss: 0.2330|R212_loss: 0.1668
2024/08/16 13:38:40: model [INFO] Epoch:   3/  6|Batch: 684/16927||D_loss: 1.4415|D1_loss: 0.7347|D2_loss: 0.7068||G_loss: 1.8499|R121_loss: 0.2064|R212_loss: 0.1411
2024/08/16 13:38:40: model [INFO] Epoch:   3/  6|Batch: 689/16927||D_loss: 1.3993|D1_loss: 0.6954|D2_loss: 0.7040||G_loss: 1.8673|R121_loss: 0.2100|R212_loss: 0.1494
2024/08/16 13:38:40: model [INFO] Epoch:   3/  6|Batch: 694/16927||D_loss: 1.3185|D1_loss: 0.6189|D2_loss: 0.6996||G_loss: 2.0017|R121_loss: 0.2026|R212_loss: 0.1921
2024/08/16 13:38:40: model [INFO] Epoch:   3/  6|Batch: 699/16927||D_loss: 1.3691|D1_loss: 0.6609|D2_loss: 0.7082||G_loss: 1.8726|R121_loss: 0.2028|R212_loss: 0.1467
2024/08/16 13:38:40: model [INFO] Epoch:   3/  6|Batch: 704/16927||D_loss: 1.4379|D1_loss: 0.7384|D2_loss: 0.6995||G_loss: 2.0156|R121_loss: 0.2126|R212_loss: 0.2329
2024/08/16 13:38:40: model [INFO] Epoch:   3/  6|Batch: 709/16927||D_loss: 1.4337|D1_loss: 0.7361|D2_loss: 0.6976||G_loss: 1.9945|R121_loss: 0.2883|R212_loss: 0.1510
2024/08/16 13:38:40: model [INFO] Epoch:   3/  6|Batch: 714/16927||D_loss: 1.3841|D1_loss: 0.6928|D2_loss: 0.6912||G_loss: 2.0979|R121_loss: 0.2535|R212_loss: 0.1854
2024/08/16 13:38:40: model [INFO] Epoch:   3/  6|Batch: 719/16927||D_loss: 1.3767|D1_loss: 0.7089|D2_loss: 0.6678||G_loss: 2.1608|R121_loss: 0.2803|R212_loss: 0.1717
2024/08/16 13:38:40: model [INFO] Epoch:   3/  6|Batch: 724/16927||D_loss: 1.3671|D1_loss: 0.7128|D2_loss: 0.6543||G_loss: 2.0510|R121_loss: 0.2267|R212_loss: 0.1575
2024/08/16 13:38:40: model [INFO] Epoch:   3/  6|Batch: 729/16927||D_loss: 1.3603|D1_loss: 0.6948|D2_loss: 0.6655||G_loss: 2.0744|R121_loss: 0.2549|R212_loss: 0.1748
2024/08/16 13:38:40: model [INFO] Epoch:   3/  6|Batch: 734/16927||D_loss: 1.4035|D1_loss: 0.7285|D2_loss: 0.6750||G_loss: 1.9220|R121_loss: 0.2287|R212_loss: 0.1491
2024/08/16 13:38:40: model [INFO] Epoch:   3/  6|Batch: 739/16927||D_loss: 1.3231|D1_loss: 0.6402|D2_loss: 0.6829||G_loss: 2.0168|R121_loss: 0.2115|R212_loss: 0.2300
2024/08/16 13:38:40: model [INFO] Epoch:   3/  6|Batch: 744/16927||D_loss: 1.4182|D1_loss: 0.6825|D2_loss: 0.7357||G_loss: 2.0436|R121_loss: 0.2040|R212_loss: 0.2659
2024/08/16 13:38:40: model [INFO] Epoch:   3/  6|Batch: 749/16927||D_loss: 1.3687|D1_loss: 0.7003|D2_loss: 0.6684||G_loss: 2.0187|R121_loss: 0.2236|R212_loss: 0.1762
2024/08/16 13:38:40: model [INFO] Epoch:   3/  6|Batch: 754/16927||D_loss: 1.3348|D1_loss: 0.6616|D2_loss: 0.6733||G_loss: 2.1015|R121_loss: 0.2382|R212_loss: 0.2264
2024/08/16 13:38:40: model [INFO] Epoch:   3/  6|Batch: 759/16927||D_loss: 1.3770|D1_loss: 0.7246|D2_loss: 0.6524||G_loss: 2.0022|R121_loss: 0.2222|R212_loss: 0.1476
2024/08/16 13:38:40: model [INFO] Epoch:   3/  6|Batch: 764/16927||D_loss: 1.3683|D1_loss: 0.6833|D2_loss: 0.6850||G_loss: 1.9984|R121_loss: 0.2116|R212_loss: 0.2024
2024/08/16 13:38:40: model [INFO] Epoch:   3/  6|Batch: 769/16927||D_loss: 1.3840|D1_loss: 0.6765|D2_loss: 0.7075||G_loss: 1.8735|R121_loss: 0.1892|R212_loss: 0.2023
2024/08/16 13:38:40: model [INFO] Epoch:   3/  6|Batch: 774/16927||D_loss: 1.3937|D1_loss: 0.6897|D2_loss: 0.7040||G_loss: 1.8307|R121_loss: 0.2132|R212_loss: 0.1364
2024/08/16 13:38:40: model [INFO] Epoch:   3/  6|Batch: 779/16927||D_loss: 1.3810|D1_loss: 0.6872|D2_loss: 0.6938||G_loss: 1.8726|R121_loss: 0.1997|R212_loss: 0.1599
2024/08/16 13:38:40: model [INFO] Epoch:   3/  6|Batch: 784/16927||D_loss: 1.4100|D1_loss: 0.7208|D2_loss: 0.6893||G_loss: 1.8992|R121_loss: 0.2176|R212_loss: 0.1531
2024/08/16 13:38:40: model [INFO] Epoch:   3/  6|Batch: 789/16927||D_loss: 1.3580|D1_loss: 0.6953|D2_loss: 0.6628||G_loss: 2.1712|R121_loss: 0.2455|R212_loss: 0.2850
2024/08/16 13:38:40: model [INFO] Epoch:   3/  6|Batch: 794/16927||D_loss: 1.3636|D1_loss: 0.7153|D2_loss: 0.6483||G_loss: 2.0156|R121_loss: 0.2379|R212_loss: 0.1366
2024/08/16 13:38:40: model [INFO] Epoch:   3/  6|Batch: 799/16927||D_loss: 1.3311|D1_loss: 0.6797|D2_loss: 0.6514||G_loss: 2.1529|R121_loss: 0.2480|R212_loss: 0.1730
2024/08/16 13:38:40: model [INFO] Epoch:   3/  6|Batch: 804/16927||D_loss: 1.3528|D1_loss: 0.6602|D2_loss: 0.6926||G_loss: 2.0831|R121_loss: 0.1978|R212_loss: 0.2816
2024/08/16 13:38:40: model [INFO] Epoch:   3/  6|Batch: 809/16927||D_loss: 1.4225|D1_loss: 0.7264|D2_loss: 0.6961||G_loss: 1.8790|R121_loss: 0.2244|R212_loss: 0.1380
2024/08/16 13:38:40: model [INFO] Epoch:   3/  6|Batch: 814/16927||D_loss: 1.4210|D1_loss: 0.7235|D2_loss: 0.6975||G_loss: 1.8940|R121_loss: 0.2326|R212_loss: 0.1544
2024/08/16 13:38:40: model [INFO] Epoch:   3/  6|Batch: 819/16927||D_loss: 1.3741|D1_loss: 0.6728|D2_loss: 0.7013||G_loss: 2.1498|R121_loss: 0.2042|R212_loss: 0.3409
2024/08/16 13:38:40: model [INFO] Epoch:   3/  6|Batch: 824/16927||D_loss: 1.3268|D1_loss: 0.6451|D2_loss: 0.6817||G_loss: 2.1097|R121_loss: 0.1958|R212_loss: 0.2988
2024/08/16 13:38:40: model [INFO] Epoch:   3/  6|Batch: 829/16927||D_loss: 1.3704|D1_loss: 0.6804|D2_loss: 0.6900||G_loss: 2.1633|R121_loss: 0.2778|R212_loss: 0.1757
2024/08/16 13:38:40: model [INFO] Epoch:   3/  6|Batch: 834/16927||D_loss: 1.3684|D1_loss: 0.6869|D2_loss: 0.6815||G_loss: 2.1924|R121_loss: 0.2636|R212_loss: 0.2191
2024/08/16 13:38:40: model [INFO] Epoch:   3/  6|Batch: 839/16927||D_loss: 1.3261|D1_loss: 0.6374|D2_loss: 0.6887||G_loss: 2.0806|R121_loss: 0.1838|R212_loss: 0.3214
2024/08/16 13:38:40: model [INFO] Epoch:   3/  6|Batch: 844/16927||D_loss: 1.3873|D1_loss: 0.6900|D2_loss: 0.6974||G_loss: 1.8346|R121_loss: 0.2002|R212_loss: 0.1659
2024/08/16 13:38:40: model [INFO] Epoch:   3/  6|Batch: 849/16927||D_loss: 1.3870|D1_loss: 0.6748|D2_loss: 0.7122||G_loss: 2.0724|R121_loss: 0.2772|R212_loss: 0.1756
2024/08/16 13:38:40: model [INFO] Epoch:   3/  6|Batch: 854/16927||D_loss: 1.3684|D1_loss: 0.6883|D2_loss: 0.6801||G_loss: 2.1265|R121_loss: 0.2600|R212_loss: 0.1690
2024/08/16 13:38:40: model [INFO] Epoch:   3/  6|Batch: 859/16927||D_loss: 1.3339|D1_loss: 0.7040|D2_loss: 0.6299||G_loss: 2.0387|R121_loss: 0.2442|R212_loss: 0.1336
2024/08/16 13:38:41: model [INFO] Epoch:   3/  6|Batch: 864/16927||D_loss: 1.4000|D1_loss: 0.6864|D2_loss: 0.7136||G_loss: 1.9827|R121_loss: 0.2574|R212_loss: 0.1752
2024/08/16 13:38:41: model [INFO] Epoch:   3/  6|Batch: 869/16927||D_loss: 1.3951|D1_loss: 0.6783|D2_loss: 0.7168||G_loss: 1.8764|R121_loss: 0.1980|R212_loss: 0.1620
2024/08/16 13:38:41: model [INFO] Epoch:   3/  6|Batch: 874/16927||D_loss: 1.3161|D1_loss: 0.6741|D2_loss: 0.6419||G_loss: 2.0997|R121_loss: 0.3028|R212_loss: 0.1486
2024/08/16 13:38:41: model [INFO] Epoch:   3/  6|Batch: 879/16927||D_loss: 1.3537|D1_loss: 0.6840|D2_loss: 0.6697||G_loss: 2.0059|R121_loss: 0.2187|R212_loss: 0.1647
2024/08/16 13:38:41: model [INFO] Epoch:   3/  6|Batch: 884/16927||D_loss: 1.4159|D1_loss: 0.7101|D2_loss: 0.7058||G_loss: 1.8199|R121_loss: 0.2297|R212_loss: 0.1449
2024/08/16 13:38:41: model [INFO] Epoch:   3/  6|Batch: 889/16927||D_loss: 1.3999|D1_loss: 0.6898|D2_loss: 0.7101||G_loss: 1.9271|R121_loss: 0.2238|R212_loss: 0.1732
2024/08/16 13:38:41: model [INFO] Epoch:   3/  6|Batch: 894/16927||D_loss: 1.4197|D1_loss: 0.7270|D2_loss: 0.6927||G_loss: 1.9318|R121_loss: 0.2950|R212_loss: 0.1396
2024/08/16 13:38:41: model [INFO] Epoch:   3/  6|Batch: 899/16927||D_loss: 1.3806|D1_loss: 0.6933|D2_loss: 0.6873||G_loss: 2.0192|R121_loss: 0.2410|R212_loss: 0.1959
2024/08/16 13:38:41: model [INFO] Epoch:   3/  6|Batch: 904/16927||D_loss: 1.4078|D1_loss: 0.7231|D2_loss: 0.6847||G_loss: 2.0950|R121_loss: 0.3150|R212_loss: 0.1812
2024/08/16 13:38:41: model [INFO] Epoch:   3/  6|Batch: 909/16927||D_loss: 1.3736|D1_loss: 0.6696|D2_loss: 0.7040||G_loss: 2.0551|R121_loss: 0.2354|R212_loss: 0.2155
2024/08/16 13:38:41: model [INFO] Epoch:   3/  6|Batch: 914/16927||D_loss: 1.4323|D1_loss: 0.6991|D2_loss: 0.7332||G_loss: 1.8226|R121_loss: 0.1876|R212_loss: 0.1423
2024/08/16 13:38:41: model [INFO] Epoch:   3/  6|Batch: 919/16927||D_loss: 1.3506|D1_loss: 0.6488|D2_loss: 0.7018||G_loss: 2.0728|R121_loss: 0.2128|R212_loss: 0.2925
2024/08/16 13:38:41: model [INFO] Epoch:   3/  6|Batch: 924/16927||D_loss: 1.4313|D1_loss: 0.7158|D2_loss: 0.7156||G_loss: 1.8349|R121_loss: 0.1935|R212_loss: 0.1416
2024/08/16 13:38:41: model [INFO] Epoch:   3/  6|Batch: 929/16927||D_loss: 1.3296|D1_loss: 0.6856|D2_loss: 0.6441||G_loss: 2.2950|R121_loss: 0.2980|R212_loss: 0.2978
2024/08/16 13:38:41: model [INFO] Epoch:   3/  6|Batch: 934/16927||D_loss: 1.3847|D1_loss: 0.6976|D2_loss: 0.6872||G_loss: 2.1049|R121_loss: 0.2165|R212_loss: 0.3137
2024/08/16 13:38:41: model [INFO] Epoch:   3/  6|Batch: 939/16927||D_loss: 1.3604|D1_loss: 0.6710|D2_loss: 0.6895||G_loss: 2.1051|R121_loss: 0.2298|R212_loss: 0.1820
2024/08/16 13:38:41: model [INFO] Epoch:   3/  6|Batch: 944/16927||D_loss: 1.3366|D1_loss: 0.6766|D2_loss: 0.6600||G_loss: 2.1986|R121_loss: 0.2718|R212_loss: 0.1945
2024/08/16 13:38:41: model [INFO] Epoch:   3/  6|Batch: 949/16927||D_loss: 1.3563|D1_loss: 0.6566|D2_loss: 0.6997||G_loss: 2.0094|R121_loss: 0.2097|R212_loss: 0.2233
2024/08/16 13:38:41: model [INFO] Epoch:   3/  6|Batch: 954/16927||D_loss: 1.3856|D1_loss: 0.7105|D2_loss: 0.6751||G_loss: 2.0459|R121_loss: 0.1973|R212_loss: 0.2408
2024/08/16 13:38:41: model [INFO] Epoch:   3/  6|Batch: 959/16927||D_loss: 1.3768|D1_loss: 0.6762|D2_loss: 0.7007||G_loss: 1.9805|R121_loss: 0.1951|R212_loss: 0.2104
2024/08/16 13:38:41: model [INFO] Epoch:   3/  6|Batch: 964/16927||D_loss: 1.4415|D1_loss: 0.7042|D2_loss: 0.7373||G_loss: 1.8296|R121_loss: 0.1928|R212_loss: 0.1410
2024/08/16 13:38:41: model [INFO] Epoch:   3/  6|Batch: 969/16927||D_loss: 1.4263|D1_loss: 0.6915|D2_loss: 0.7348||G_loss: 1.8799|R121_loss: 0.2332|R212_loss: 0.1559
2024/08/16 13:38:41: model [INFO] Epoch:   3/  6|Batch: 974/16927||D_loss: 1.4481|D1_loss: 0.6907|D2_loss: 0.7573||G_loss: 2.0280|R121_loss: 0.1931|R212_loss: 0.2895
2024/08/16 13:38:41: model [INFO] Epoch:   3/  6|Batch: 979/16927||D_loss: 1.3589|D1_loss: 0.6344|D2_loss: 0.7245||G_loss: 1.9333|R121_loss: 0.1796|R212_loss: 0.1885
2024/08/16 13:38:41: model [INFO] Epoch:   3/  6|Batch: 984/16927||D_loss: 1.3890|D1_loss: 0.6859|D2_loss: 0.7031||G_loss: 2.0083|R121_loss: 0.2128|R212_loss: 0.2176
2024/08/16 13:38:41: model [INFO] Epoch:   3/  6|Batch: 989/16927||D_loss: 1.3530|D1_loss: 0.6513|D2_loss: 0.7017||G_loss: 1.9627|R121_loss: 0.1969|R212_loss: 0.2115
2024/08/16 13:38:41: model [INFO] Epoch:   3/  6|Batch: 994/16927||D_loss: 1.3353|D1_loss: 0.6617|D2_loss: 0.6736||G_loss: 2.0315|R121_loss: 0.2239|R212_loss: 0.1796
2024/08/16 13:38:41: model [INFO] Epoch:   3/  6|Batch: 999/16927||D_loss: 1.3412|D1_loss: 0.6468|D2_loss: 0.6944||G_loss: 1.9234|R121_loss: 0.1900|R212_loss: 0.1718
2024/08/16 13:38:41: model [INFO] Epoch:   3/  6|Batch: 1004/16927||D_loss: 1.3358|D1_loss: 0.6733|D2_loss: 0.6624||G_loss: 2.0759|R121_loss: 0.1815|R212_loss: 0.3055
2024/08/16 13:38:41: model [INFO] Epoch:   3/  6|Batch: 1009/16927||D_loss: 1.4038|D1_loss: 0.6421|D2_loss: 0.7617||G_loss: 2.0240|R121_loss: 0.1749|R212_loss: 0.2654
2024/08/16 13:38:41: model [INFO] Epoch:   3/  6|Batch: 1014/16927||D_loss: 1.4374|D1_loss: 0.7155|D2_loss: 0.7219||G_loss: 1.8788|R121_loss: 0.2168|R212_loss: 0.1493
2024/08/16 13:38:41: model [INFO] Epoch:   3/  6|Batch: 1019/16927||D_loss: 1.4134|D1_loss: 0.6808|D2_loss: 0.7326||G_loss: 2.1525|R121_loss: 0.2428|R212_loss: 0.2818
2024/08/16 13:38:41: model [INFO] Epoch:   3/  6|Batch: 1024/16927||D_loss: 1.3762|D1_loss: 0.7033|D2_loss: 0.6730||G_loss: 1.9686|R121_loss: 0.2163|R212_loss: 0.1572
2024/08/16 13:38:41: model [INFO] Epoch:   3/  6|Batch: 1029/16927||D_loss: 1.3792|D1_loss: 0.6551|D2_loss: 0.7241||G_loss: 1.9405|R121_loss: 0.2069|R212_loss: 0.1757
2024/08/16 13:38:41: model [INFO] Epoch:   3/  6|Batch: 1034/16927||D_loss: 1.3918|D1_loss: 0.6866|D2_loss: 0.7053||G_loss: 1.8670|R121_loss: 0.2027|R212_loss: 0.1707
2024/08/16 13:38:41: model [INFO] Epoch:   3/  6|Batch: 1039/16927||D_loss: 1.3887|D1_loss: 0.6774|D2_loss: 0.7113||G_loss: 1.9990|R121_loss: 0.1919|R212_loss: 0.2037
2024/08/16 13:38:41: model [INFO] Epoch:   3/  6|Batch: 1044/16927||D_loss: 1.3877|D1_loss: 0.6853|D2_loss: 0.7024||G_loss: 1.7806|R121_loss: 0.1747|R212_loss: 0.1434
2024/08/16 13:38:42: model [INFO] Epoch:   3/  6|Batch: 1049/16927||D_loss: 1.3839|D1_loss: 0.6700|D2_loss: 0.7139||G_loss: 2.0653|R121_loss: 0.2259|R212_loss: 0.2244
2024/08/16 13:38:42: model [INFO] Epoch:   3/  6|Batch: 1054/16927||D_loss: 1.3449|D1_loss: 0.6844|D2_loss: 0.6605||G_loss: 2.0869|R121_loss: 0.2149|R212_loss: 0.1780
2024/08/16 13:38:42: model [INFO] Epoch:   3/  6|Batch: 1059/16927||D_loss: 1.3837|D1_loss: 0.6943|D2_loss: 0.6894||G_loss: 1.9858|R121_loss: 0.2099|R212_loss: 0.1678
2024/08/16 13:38:42: model [INFO] Epoch:   3/  6|Batch: 1064/16927||D_loss: 1.3815|D1_loss: 0.6650|D2_loss: 0.7165||G_loss: 2.1636|R121_loss: 0.1766|R212_loss: 0.3580
2024/08/16 13:38:42: model [INFO] Epoch:   3/  6|Batch: 1069/16927||D_loss: 1.3879|D1_loss: 0.6829|D2_loss: 0.7050||G_loss: 1.9340|R121_loss: 0.2190|R212_loss: 0.1737
2024/08/16 13:38:42: model [INFO] Epoch:   3/  6|Batch: 1074/16927||D_loss: 1.4078|D1_loss: 0.7281|D2_loss: 0.6797||G_loss: 1.9419|R121_loss: 0.2598|R212_loss: 0.1472
2024/08/16 13:38:42: model [INFO] Epoch:   3/  6|Batch: 1079/16927||D_loss: 1.3907|D1_loss: 0.6840|D2_loss: 0.7067||G_loss: 1.8211|R121_loss: 0.2105|R212_loss: 0.1323
2024/08/16 13:38:42: model [INFO] Epoch:   3/  6|Batch: 1084/16927||D_loss: 1.3240|D1_loss: 0.6707|D2_loss: 0.6533||G_loss: 2.2145|R121_loss: 0.2894|R212_loss: 0.2374
2024/08/16 13:38:42: model [INFO] Epoch:   3/  6|Batch: 1089/16927||D_loss: 1.4196|D1_loss: 0.7143|D2_loss: 0.7053||G_loss: 1.8650|R121_loss: 0.2162|R212_loss: 0.1503
2024/08/16 13:38:42: model [INFO] Epoch:   3/  6|Batch: 1094/16927||D_loss: 1.3383|D1_loss: 0.6817|D2_loss: 0.6566||G_loss: 2.0925|R121_loss: 0.2502|R212_loss: 0.1685
2024/08/16 13:38:42: model [INFO] Epoch:   3/  6|Batch: 1099/16927||D_loss: 1.4207|D1_loss: 0.7046|D2_loss: 0.7161||G_loss: 1.8474|R121_loss: 0.2364|R212_loss: 0.1374
2024/08/16 13:38:42: model [INFO] Epoch:   3/  6|Batch: 1104/16927||D_loss: 1.3830|D1_loss: 0.6807|D2_loss: 0.7023||G_loss: 1.9553|R121_loss: 0.2510|R212_loss: 0.1665
2024/08/16 13:38:42: model [INFO] Epoch:   3/  6|Batch: 1109/16927||D_loss: 1.4370|D1_loss: 0.7254|D2_loss: 0.7116||G_loss: 1.8543|R121_loss: 0.2353|R212_loss: 0.1447
2024/08/16 13:38:42: model [INFO] Epoch:   3/  6|Batch: 1114/16927||D_loss: 1.3626|D1_loss: 0.6706|D2_loss: 0.6920||G_loss: 2.1085|R121_loss: 0.2205|R212_loss: 0.3329
2024/08/16 13:38:42: model [INFO] Epoch:   3/  6|Batch: 1119/16927||D_loss: 1.3980|D1_loss: 0.7074|D2_loss: 0.6906||G_loss: 1.9208|R121_loss: 0.2157|R212_loss: 0.1649
2024/08/16 13:38:42: model [INFO] Epoch:   3/  6|Batch: 1124/16927||D_loss: 1.3796|D1_loss: 0.6702|D2_loss: 0.7095||G_loss: 1.9893|R121_loss: 0.2028|R212_loss: 0.2153
2024/08/16 13:38:42: model [INFO] Epoch:   3/  6|Batch: 1129/16927||D_loss: 1.4103|D1_loss: 0.7082|D2_loss: 0.7021||G_loss: 1.9119|R121_loss: 0.2360|R212_loss: 0.1449
2024/08/16 13:38:42: model [INFO] Epoch:   3/  6|Batch: 1134/16927||D_loss: 1.3692|D1_loss: 0.6615|D2_loss: 0.7077||G_loss: 1.9634|R121_loss: 0.2164|R212_loss: 0.1810
2024/08/16 13:38:42: model [INFO] Epoch:   3/  6|Batch: 1139/16927||D_loss: 1.3649|D1_loss: 0.6509|D2_loss: 0.7140||G_loss: 2.0420|R121_loss: 0.1986|R212_loss: 0.2454
2024/08/16 13:38:42: model [INFO] Epoch:   3/  6|Batch: 1144/16927||D_loss: 1.3713|D1_loss: 0.6951|D2_loss: 0.6762||G_loss: 1.9211|R121_loss: 0.2309|R212_loss: 0.1399
2024/08/16 13:38:42: model [INFO] Epoch:   3/  6|Batch: 1149/16927||D_loss: 1.3649|D1_loss: 0.6743|D2_loss: 0.6905||G_loss: 2.0089|R121_loss: 0.1766|R212_loss: 0.2129
2024/08/16 13:38:42: model [INFO] Epoch:   3/  6|Batch: 1154/16927||D_loss: 1.3913|D1_loss: 0.7110|D2_loss: 0.6803||G_loss: 1.9573|R121_loss: 0.2514|R212_loss: 0.1414
2024/08/16 13:38:42: model [INFO] Epoch:   3/  6|Batch: 1159/16927||D_loss: 1.4220|D1_loss: 0.7003|D2_loss: 0.7217||G_loss: 1.8192|R121_loss: 0.2032|R212_loss: 0.1343
2024/08/16 13:38:42: model [INFO] Epoch:   3/  6|Batch: 1164/16927||D_loss: 1.3562|D1_loss: 0.6641|D2_loss: 0.6921||G_loss: 1.9919|R121_loss: 0.2203|R212_loss: 0.1751
2024/08/16 13:38:42: model [INFO] Epoch:   3/  6|Batch: 1169/16927||D_loss: 1.4197|D1_loss: 0.7161|D2_loss: 0.7036||G_loss: 1.8196|R121_loss: 0.2019|R212_loss: 0.1293
2024/08/16 13:38:42: model [INFO] Epoch:   3/  6|Batch: 1174/16927||D_loss: 1.3403|D1_loss: 0.6907|D2_loss: 0.6496||G_loss: 2.0049|R121_loss: 0.1986|R212_loss: 0.1596
2024/08/16 13:38:42: model [INFO] Epoch:   3/  6|Batch: 1179/16927||D_loss: 1.3503|D1_loss: 0.6753|D2_loss: 0.6750||G_loss: 2.0580|R121_loss: 0.2525|R212_loss: 0.1833
2024/08/16 13:38:42: model [INFO] Epoch:   3/  6|Batch: 1184/16927||D_loss: 1.3757|D1_loss: 0.6963|D2_loss: 0.6795||G_loss: 1.8498|R121_loss: 0.1901|R212_loss: 0.1506
2024/08/16 13:38:42: model [INFO] Epoch:   3/  6|Batch: 1189/16927||D_loss: 1.3188|D1_loss: 0.6728|D2_loss: 0.6461||G_loss: 2.0257|R121_loss: 0.2297|R212_loss: 0.1693
2024/08/16 13:38:42: model [INFO] Epoch:   3/  6|Batch: 1194/16927||D_loss: 1.4342|D1_loss: 0.7221|D2_loss: 0.7121||G_loss: 1.8350|R121_loss: 0.2182|R212_loss: 0.1356
2024/08/16 13:38:42: model [INFO] Epoch:   3/  6|Batch: 1199/16927||D_loss: 1.3680|D1_loss: 0.6750|D2_loss: 0.6931||G_loss: 1.9732|R121_loss: 0.2180|R212_loss: 0.2614
2024/08/16 13:38:42: model [INFO] Epoch:   3/  6|Batch: 1204/16927||D_loss: 1.4172|D1_loss: 0.7109|D2_loss: 0.7062||G_loss: 1.7939|R121_loss: 0.2009|R212_loss: 0.1310
2024/08/16 13:38:42: model [INFO] Epoch:   3/  6|Batch: 1209/16927||D_loss: 1.3462|D1_loss: 0.6579|D2_loss: 0.6883||G_loss: 1.9929|R121_loss: 0.2481|R212_loss: 0.1686
2024/08/16 13:38:42: model [INFO] Epoch:   3/  6|Batch: 1214/16927||D_loss: 1.3428|D1_loss: 0.6801|D2_loss: 0.6627||G_loss: 2.0898|R121_loss: 0.2068|R212_loss: 0.2323
2024/08/16 13:38:42: model [INFO] Epoch:   3/  6|Batch: 1219/16927||D_loss: 1.3495|D1_loss: 0.6562|D2_loss: 0.6932||G_loss: 2.0466|R121_loss: 0.1966|R212_loss: 0.2465
2024/08/16 13:38:42: model [INFO] Epoch:   3/  6|Batch: 1224/16927||D_loss: 1.4082|D1_loss: 0.7012|D2_loss: 0.7071||G_loss: 1.8342|R121_loss: 0.1889|R212_loss: 0.1417
2024/08/16 13:38:42: model [INFO] Epoch:   3/  6|Batch: 1229/16927||D_loss: 1.3444|D1_loss: 0.6598|D2_loss: 0.6845||G_loss: 1.9784|R121_loss: 0.2259|R212_loss: 0.1792
2024/08/16 13:38:43: model [INFO] Epoch:   3/  6|Batch: 1234/16927||D_loss: 1.3270|D1_loss: 0.6858|D2_loss: 0.6412||G_loss: 2.1807|R121_loss: 0.2886|R212_loss: 0.2026
2024/08/16 13:38:43: model [INFO] Epoch:   3/  6|Batch: 1239/16927||D_loss: 1.3929|D1_loss: 0.7005|D2_loss: 0.6924||G_loss: 1.8983|R121_loss: 0.2236|R212_loss: 0.1335
2024/08/16 13:38:43: model [INFO] Epoch:   3/  6|Batch: 1244/16927||D_loss: 1.3523|D1_loss: 0.6926|D2_loss: 0.6597||G_loss: 1.9636|R121_loss: 0.1913|R212_loss: 0.1722
2024/08/16 13:38:43: model [INFO] Epoch:   3/  6|Batch: 1249/16927||D_loss: 1.4279|D1_loss: 0.7223|D2_loss: 0.7056||G_loss: 1.9003|R121_loss: 0.2512|R212_loss: 0.1316
2024/08/16 13:38:43: model [INFO] Epoch:   3/  6|Batch: 1254/16927||D_loss: 1.3145|D1_loss: 0.6487|D2_loss: 0.6659||G_loss: 2.0007|R121_loss: 0.2278|R212_loss: 0.1785
2024/08/16 13:38:43: model [INFO] Epoch:   3/  6|Batch: 1259/16927||D_loss: 1.3469|D1_loss: 0.6807|D2_loss: 0.6662||G_loss: 2.0533|R121_loss: 0.2305|R212_loss: 0.2537
2024/08/16 13:38:43: model [INFO] Epoch:   3/  6|Batch: 1264/16927||D_loss: 1.3883|D1_loss: 0.6871|D2_loss: 0.7012||G_loss: 1.9023|R121_loss: 0.2384|R212_loss: 0.1287
2024/08/16 13:38:43: model [INFO] Epoch:   3/  6|Batch: 1269/16927||D_loss: 1.3826|D1_loss: 0.7073|D2_loss: 0.6753||G_loss: 1.9113|R121_loss: 0.2092|R212_loss: 0.1305
2024/08/16 13:38:43: model [INFO] Epoch:   3/  6|Batch: 1274/16927||D_loss: 1.3819|D1_loss: 0.7069|D2_loss: 0.6749||G_loss: 1.9480|R121_loss: 0.2389|R212_loss: 0.1249
2024/08/16 13:38:43: model [INFO] Epoch:   3/  6|Batch: 1279/16927||D_loss: 1.3917|D1_loss: 0.6916|D2_loss: 0.7000||G_loss: 1.8462|R121_loss: 0.2096|R212_loss: 0.1222
2024/08/16 13:38:43: model [INFO] Epoch:   3/  6|Batch: 1284/16927||D_loss: 1.3551|D1_loss: 0.6930|D2_loss: 0.6621||G_loss: 2.1674|R121_loss: 0.2314|R212_loss: 0.2749
2024/08/16 13:38:43: model [INFO] Epoch:   3/  6|Batch: 1289/16927||D_loss: 1.3953|D1_loss: 0.7256|D2_loss: 0.6697||G_loss: 1.9832|R121_loss: 0.2796|R212_loss: 0.1333
2024/08/16 13:38:43: model [INFO] Epoch:   3/  6|Batch: 1294/16927||D_loss: 1.3597|D1_loss: 0.6716|D2_loss: 0.6881||G_loss: 1.9642|R121_loss: 0.1936|R212_loss: 0.1761
2024/08/16 13:38:43: model [INFO] Epoch:   3/  6|Batch: 1299/16927||D_loss: 1.3836|D1_loss: 0.6738|D2_loss: 0.7098||G_loss: 2.0108|R121_loss: 0.2220|R212_loss: 0.2378
2024/08/16 13:38:43: model [INFO] Epoch:   3/  6|Batch: 1304/16927||D_loss: 1.3314|D1_loss: 0.6919|D2_loss: 0.6395||G_loss: 2.0117|R121_loss: 0.2179|R212_loss: 0.1402
2024/08/16 13:38:43: model [INFO] Epoch:   3/  6|Batch: 1309/16927||D_loss: 1.3316|D1_loss: 0.6777|D2_loss: 0.6539||G_loss: 1.9373|R121_loss: 0.1963|R212_loss: 0.1325
2024/08/16 13:38:43: model [INFO] Epoch:   3/  6|Batch: 1314/16927||D_loss: 1.3413|D1_loss: 0.6800|D2_loss: 0.6613||G_loss: 1.9475|R121_loss: 0.2238|R212_loss: 0.1260
2024/08/16 13:38:43: model [INFO] Epoch:   3/  6|Batch: 1319/16927||D_loss: 1.3549|D1_loss: 0.6753|D2_loss: 0.6796||G_loss: 2.0232|R121_loss: 0.2330|R212_loss: 0.2067
2024/08/16 13:38:43: model [INFO] Epoch:   3/  6|Batch: 1324/16927||D_loss: 1.4178|D1_loss: 0.7187|D2_loss: 0.6991||G_loss: 1.8396|R121_loss: 0.2159|R212_loss: 0.1286
2024/08/16 13:38:43: model [INFO] Epoch:   3/  6|Batch: 1329/16927||D_loss: 1.3561|D1_loss: 0.6806|D2_loss: 0.6755||G_loss: 1.9896|R121_loss: 0.1924|R212_loss: 0.2136
2024/08/16 13:38:43: model [INFO] Epoch:   3/  6|Batch: 1334/16927||D_loss: 1.3553|D1_loss: 0.7031|D2_loss: 0.6522||G_loss: 2.0895|R121_loss: 0.2909|R212_loss: 0.1451
2024/08/16 13:38:43: model [INFO] Epoch:   3/  6|Batch: 1339/16927||D_loss: 1.3544|D1_loss: 0.7054|D2_loss: 0.6490||G_loss: 2.0355|R121_loss: 0.2746|R212_loss: 0.1234
2024/08/16 13:38:43: model [INFO] Epoch:   3/  6|Batch: 1344/16927||D_loss: 1.3380|D1_loss: 0.7108|D2_loss: 0.6272||G_loss: 2.0060|R121_loss: 0.2147|R212_loss: 0.1323
2024/08/16 13:38:43: model [INFO] Epoch:   3/  6|Batch: 1349/16927||D_loss: 1.4138|D1_loss: 0.7204|D2_loss: 0.6935||G_loss: 1.7937|R121_loss: 0.2135|R212_loss: 0.1207
2024/08/16 13:38:43: model [INFO] Epoch:   3/  6|Batch: 1354/16927||D_loss: 1.3744|D1_loss: 0.6725|D2_loss: 0.7019||G_loss: 1.9320|R121_loss: 0.2255|R212_loss: 0.1744
2024/08/16 13:38:43: model [INFO] Epoch:   3/  6|Batch: 1359/16927||D_loss: 1.4041|D1_loss: 0.6894|D2_loss: 0.7147||G_loss: 1.8164|R121_loss: 0.2320|R212_loss: 0.1173
2024/08/16 13:38:43: model [INFO] Epoch:   3/  6|Batch: 1364/16927||D_loss: 1.3336|D1_loss: 0.6833|D2_loss: 0.6503||G_loss: 2.1072|R121_loss: 0.2523|R212_loss: 0.1964
2024/08/16 13:38:43: model [INFO] Epoch:   3/  6|Batch: 1369/16927||D_loss: 1.3978|D1_loss: 0.6842|D2_loss: 0.7137||G_loss: 1.8135|R121_loss: 0.2120|R212_loss: 0.1270
2024/08/16 13:38:43: model [INFO] Epoch:   3/  6|Batch: 1374/16927||D_loss: 1.3492|D1_loss: 0.6900|D2_loss: 0.6592||G_loss: 2.1100|R121_loss: 0.2503|R212_loss: 0.2156
2024/08/16 13:38:43: model [INFO] Epoch:   3/  6|Batch: 1379/16927||D_loss: 1.3661|D1_loss: 0.6644|D2_loss: 0.7017||G_loss: 1.9392|R121_loss: 0.1975|R212_loss: 0.1666
2024/08/16 13:38:43: model [INFO] Epoch:   3/  6|Batch: 1384/16927||D_loss: 1.4136|D1_loss: 0.7155|D2_loss: 0.6981||G_loss: 1.8357|R121_loss: 0.2119|R212_loss: 0.1123
2024/08/16 13:38:43: model [INFO] Epoch:   3/  6|Batch: 1389/16927||D_loss: 1.3901|D1_loss: 0.6846|D2_loss: 0.7054||G_loss: 1.8497|R121_loss: 0.1878|R212_loss: 0.1689
2024/08/16 13:38:43: model [INFO] Epoch:   3/  6|Batch: 1394/16927||D_loss: 1.4028|D1_loss: 0.6750|D2_loss: 0.7278||G_loss: 1.8673|R121_loss: 0.1642|R212_loss: 0.1681
2024/08/16 13:38:43: model [INFO] Epoch:   3/  6|Batch: 1399/16927||D_loss: 1.3966|D1_loss: 0.6832|D2_loss: 0.7134||G_loss: 1.7881|R121_loss: 0.1826|R212_loss: 0.1196
2024/08/16 13:38:43: model [INFO] Epoch:   3/  6|Batch: 1404/16927||D_loss: 1.3851|D1_loss: 0.6681|D2_loss: 0.7170||G_loss: 1.8944|R121_loss: 0.2058|R212_loss: 0.1636
2024/08/16 13:38:43: model [INFO] Epoch:   3/  6|Batch: 1409/16927||D_loss: 1.3669|D1_loss: 0.6629|D2_loss: 0.7039||G_loss: 1.8684|R121_loss: 0.1950|R212_loss: 0.1240
2024/08/16 13:38:44: model [INFO] Epoch:   3/  6|Batch: 1414/16927||D_loss: 1.3891|D1_loss: 0.7108|D2_loss: 0.6783||G_loss: 1.9612|R121_loss: 0.2476|R212_loss: 0.1181
2024/08/16 13:38:44: model [INFO] Epoch:   3/  6|Batch: 1419/16927||D_loss: 1.3873|D1_loss: 0.7098|D2_loss: 0.6775||G_loss: 1.8795|R121_loss: 0.1857|R212_loss: 0.1239
2024/08/16 13:38:44: model [INFO] Epoch:   3/  6|Batch: 1424/16927||D_loss: 1.3491|D1_loss: 0.6767|D2_loss: 0.6724||G_loss: 2.0989|R121_loss: 0.2023|R212_loss: 0.2483
2024/08/16 13:38:44: model [INFO] Epoch:   3/  6|Batch: 1429/16927||D_loss: 1.3214|D1_loss: 0.6651|D2_loss: 0.6564||G_loss: 2.1539|R121_loss: 0.3302|R212_loss: 0.1750
2024/08/16 13:38:44: model [INFO] Epoch:   3/  6|Batch: 1434/16927||D_loss: 1.3806|D1_loss: 0.6771|D2_loss: 0.7035||G_loss: 1.9079|R121_loss: 0.2367|R212_loss: 0.1609
2024/08/16 13:38:44: model [INFO] Epoch:   3/  6|Batch: 1439/16927||D_loss: 1.3646|D1_loss: 0.6666|D2_loss: 0.6980||G_loss: 2.0237|R121_loss: 0.1896|R212_loss: 0.3036
2024/08/16 13:38:44: model [INFO] Epoch:   3/  6|Batch: 1444/16927||D_loss: 1.3890|D1_loss: 0.6646|D2_loss: 0.7243||G_loss: 1.9852|R121_loss: 0.2002|R212_loss: 0.2385
2024/08/16 13:38:44: model [INFO] Epoch:   3/  6|Batch: 1449/16927||D_loss: 1.3309|D1_loss: 0.6757|D2_loss: 0.6552||G_loss: 2.1512|R121_loss: 0.2776|R212_loss: 0.1729
2024/08/16 13:38:44: model [INFO] Epoch:   3/  6|Batch: 1454/16927||D_loss: 1.3298|D1_loss: 0.6773|D2_loss: 0.6526||G_loss: 2.1390|R121_loss: 0.2719|R212_loss: 0.1754
2024/08/16 13:38:44: model [INFO] Epoch:   3/  6|Batch: 1459/16927||D_loss: 1.3801|D1_loss: 0.6680|D2_loss: 0.7122||G_loss: 1.9902|R121_loss: 0.1881|R212_loss: 0.2216
2024/08/16 13:38:44: model [INFO] Epoch:   3/  6|Batch: 1464/16927||D_loss: 1.3916|D1_loss: 0.6835|D2_loss: 0.7082||G_loss: 1.7606|R121_loss: 0.1837|R212_loss: 0.1238
2024/08/16 13:38:44: model [INFO] Epoch:   3/  6|Batch: 1469/16927||D_loss: 1.3576|D1_loss: 0.6656|D2_loss: 0.6920||G_loss: 1.9458|R121_loss: 0.1893|R212_loss: 0.2288
2024/08/16 13:38:44: model [INFO] Epoch:   3/  6|Batch: 1474/16927||D_loss: 1.3855|D1_loss: 0.7131|D2_loss: 0.6724||G_loss: 1.9735|R121_loss: 0.2567|R212_loss: 0.1264
2024/08/16 13:38:44: model [INFO] Epoch:   3/  6|Batch: 1479/16927||D_loss: 1.3600|D1_loss: 0.6584|D2_loss: 0.7016||G_loss: 1.9285|R121_loss: 0.2216|R212_loss: 0.1667
2024/08/16 13:38:44: model [INFO] Epoch:   3/  6|Batch: 1484/16927||D_loss: 1.3906|D1_loss: 0.6856|D2_loss: 0.7050||G_loss: 1.9329|R121_loss: 0.2179|R212_loss: 0.1642
2024/08/16 13:38:44: model [INFO] Epoch:   3/  6|Batch: 1489/16927||D_loss: 1.3554|D1_loss: 0.6830|D2_loss: 0.6724||G_loss: 2.0143|R121_loss: 0.1859|R212_loss: 0.2704
2024/08/16 13:38:44: model [INFO] Epoch:   3/  6|Batch: 1494/16927||D_loss: 1.4258|D1_loss: 0.7130|D2_loss: 0.7128||G_loss: 1.7913|R121_loss: 0.1681|R212_loss: 0.1232
2024/08/16 13:38:44: model [INFO] Epoch:   3/  6|Batch: 1499/16927||D_loss: 1.3404|D1_loss: 0.6899|D2_loss: 0.6505||G_loss: 2.1235|R121_loss: 0.2566|R212_loss: 0.1912
2024/08/16 13:38:44: model [INFO] Epoch:   3/  6|Batch: 1504/16927||D_loss: 1.3987|D1_loss: 0.6897|D2_loss: 0.7089||G_loss: 1.8159|R121_loss: 0.1991|R212_loss: 0.1308
2024/08/16 13:38:44: model [INFO] Epoch:   3/  6|Batch: 1509/16927||D_loss: 1.3154|D1_loss: 0.6866|D2_loss: 0.6288||G_loss: 2.0986|R121_loss: 0.2446|R212_loss: 0.1963
2024/08/16 13:38:44: model [INFO] Epoch:   3/  6|Batch: 1514/16927||D_loss: 1.3707|D1_loss: 0.6604|D2_loss: 0.7103||G_loss: 1.8349|R121_loss: 0.1883|R212_loss: 0.1450
2024/08/16 13:38:44: model [INFO] Epoch:   3/  6|Batch: 1519/16927||D_loss: 1.3620|D1_loss: 0.7086|D2_loss: 0.6534||G_loss: 1.9777|R121_loss: 0.2347|R212_loss: 0.1425
2024/08/16 13:38:44: model [INFO] Epoch:   3/  6|Batch: 1524/16927||D_loss: 1.4088|D1_loss: 0.7108|D2_loss: 0.6980||G_loss: 1.8332|R121_loss: 0.1981|R212_loss: 0.1395
2024/08/16 13:38:44: model [INFO] Epoch:   3/  6|Batch: 1529/16927||D_loss: 1.3583|D1_loss: 0.6693|D2_loss: 0.6890||G_loss: 2.0571|R121_loss: 0.2232|R212_loss: 0.2311
2024/08/16 13:38:44: model [INFO] Epoch:   3/  6|Batch: 1534/16927||D_loss: 1.4056|D1_loss: 0.7073|D2_loss: 0.6983||G_loss: 1.8269|R121_loss: 0.1957|R212_loss: 0.1387
2024/08/16 13:38:44: model [INFO] Epoch:   3/  6|Batch: 1539/16927||D_loss: 1.3383|D1_loss: 0.6471|D2_loss: 0.6912||G_loss: 2.0011|R121_loss: 0.2382|R212_loss: 0.1912
2024/08/16 13:38:44: model [INFO] Epoch:   3/  6|Batch: 1544/16927||D_loss: 1.2896|D1_loss: 0.6440|D2_loss: 0.6457||G_loss: 2.1192|R121_loss: 0.2353|R212_loss: 0.1983
2024/08/16 13:38:44: model [INFO] Epoch:   3/  6|Batch: 1549/16927||D_loss: 1.3989|D1_loss: 0.6858|D2_loss: 0.7131||G_loss: 1.7689|R121_loss: 0.1961|R212_loss: 0.1323
2024/08/16 13:38:44: model [INFO] Epoch:   3/  6|Batch: 1554/16927||D_loss: 1.3574|D1_loss: 0.6766|D2_loss: 0.6808||G_loss: 1.9513|R121_loss: 0.1762|R212_loss: 0.1951
2024/08/16 13:38:44: model [INFO] Epoch:   3/  6|Batch: 1559/16927||D_loss: 1.3573|D1_loss: 0.6817|D2_loss: 0.6756||G_loss: 1.9150|R121_loss: 0.2077|R212_loss: 0.1709
2024/08/16 13:38:44: model [INFO] Epoch:   3/  6|Batch: 1564/16927||D_loss: 1.3376|D1_loss: 0.6759|D2_loss: 0.6617||G_loss: 2.0498|R121_loss: 0.2720|R212_loss: 0.1589
2024/08/16 13:38:44: model [INFO] Epoch:   3/  6|Batch: 1569/16927||D_loss: 1.3480|D1_loss: 0.6626|D2_loss: 0.6854||G_loss: 1.9271|R121_loss: 0.1894|R212_loss: 0.1958
2024/08/16 13:38:44: model [INFO] Epoch:   3/  6|Batch: 1574/16927||D_loss: 1.3387|D1_loss: 0.6508|D2_loss: 0.6879||G_loss: 1.8889|R121_loss: 0.1900|R212_loss: 0.1686
2024/08/16 13:38:44: model [INFO] Epoch:   3/  6|Batch: 1579/16927||D_loss: 1.4254|D1_loss: 0.7194|D2_loss: 0.7059||G_loss: 1.8165|R121_loss: 0.1899|R212_loss: 0.1371
2024/08/16 13:38:44: model [INFO] Epoch:   3/  6|Batch: 1584/16927||D_loss: 1.3330|D1_loss: 0.6889|D2_loss: 0.6441||G_loss: 1.9974|R121_loss: 0.2036|R212_loss: 0.1555
2024/08/16 13:38:44: model [INFO] Epoch:   3/  6|Batch: 1589/16927||D_loss: 1.4245|D1_loss: 0.7168|D2_loss: 0.7076||G_loss: 1.8204|R121_loss: 0.1892|R212_loss: 0.1259
2024/08/16 13:38:44: model [INFO] Epoch:   3/  6|Batch: 1594/16927||D_loss: 1.3864|D1_loss: 0.7011|D2_loss: 0.6853||G_loss: 1.8984|R121_loss: 0.2336|R212_loss: 0.1265
2024/08/16 13:38:45: model [INFO] Epoch:   3/  6|Batch: 1599/16927||D_loss: 1.3447|D1_loss: 0.6749|D2_loss: 0.6699||G_loss: 1.9189|R121_loss: 0.1962|R212_loss: 0.1529
2024/08/16 13:38:45: model [INFO] Epoch:   3/  6|Batch: 1604/16927||D_loss: 1.3875|D1_loss: 0.6701|D2_loss: 0.7174||G_loss: 1.7740|R121_loss: 0.1977|R212_loss: 0.1247
2024/08/16 13:38:45: model [INFO] Epoch:   3/  6|Batch: 1609/16927||D_loss: 1.4311|D1_loss: 0.7096|D2_loss: 0.7215||G_loss: 2.0901|R121_loss: 0.2535|R212_loss: 0.2918
2024/08/16 13:38:45: model [INFO] Epoch:   3/  6|Batch: 1614/16927||D_loss: 1.4041|D1_loss: 0.6891|D2_loss: 0.7149||G_loss: 1.7804|R121_loss: 0.1954|R212_loss: 0.1262
2024/08/16 13:38:45: model [INFO] Epoch:   3/  6|Batch: 1619/16927||D_loss: 1.4085|D1_loss: 0.6913|D2_loss: 0.7172||G_loss: 2.0135|R121_loss: 0.2161|R212_loss: 0.2727
2024/08/16 13:38:45: model [INFO] Epoch:   3/  6|Batch: 1624/16927||D_loss: 1.4124|D1_loss: 0.6971|D2_loss: 0.7153||G_loss: 1.7498|R121_loss: 0.1651|R212_loss: 0.1205
2024/08/16 13:38:45: model [INFO] Epoch:   3/  6|Batch: 1629/16927||D_loss: 1.4168|D1_loss: 0.7112|D2_loss: 0.7056||G_loss: 1.7852|R121_loss: 0.1937|R212_loss: 0.1223
2024/08/16 13:38:45: model [INFO] Epoch:   3/  6|Batch: 1634/16927||D_loss: 1.4300|D1_loss: 0.7287|D2_loss: 0.7012||G_loss: 1.7700|R121_loss: 0.1802|R212_loss: 0.1257
2024/08/16 13:38:45: model [INFO] Epoch:   3/  6|Batch: 1639/16927||D_loss: 1.3553|D1_loss: 0.7037|D2_loss: 0.6516||G_loss: 2.1383|R121_loss: 0.2776|R212_loss: 0.1545
2024/08/16 13:38:45: model [INFO] Epoch:   3/  6|Batch: 1644/16927||D_loss: 1.3673|D1_loss: 0.7094|D2_loss: 0.6579||G_loss: 1.9160|R121_loss: 0.2037|R212_loss: 0.1376
2024/08/16 13:38:45: model [INFO] Epoch:   3/  6|Batch: 1649/16927||D_loss: 1.3980|D1_loss: 0.7180|D2_loss: 0.6801||G_loss: 1.8196|R121_loss: 0.1943|R212_loss: 0.1305
2024/08/16 13:38:45: model [INFO] Epoch:   3/  6|Batch: 1654/16927||D_loss: 1.4290|D1_loss: 0.7267|D2_loss: 0.7023||G_loss: 1.7097|R121_loss: 0.1651|R212_loss: 0.1180
2024/08/16 13:38:45: model [INFO] Epoch:   3/  6|Batch: 1659/16927||D_loss: 1.3824|D1_loss: 0.6555|D2_loss: 0.7269||G_loss: 1.8752|R121_loss: 0.1770|R212_loss: 0.1882
2024/08/16 13:38:45: model [INFO] Epoch:   3/  6|Batch: 1664/16927||D_loss: 1.4195|D1_loss: 0.7173|D2_loss: 0.7022||G_loss: 1.7139|R121_loss: 0.1708|R212_loss: 0.1256
2024/08/16 13:38:45: model [INFO] Epoch:   3/  6|Batch: 1669/16927||D_loss: 1.3651|D1_loss: 0.6555|D2_loss: 0.7097||G_loss: 1.8938|R121_loss: 0.2224|R212_loss: 0.1754
2024/08/16 13:38:45: model [INFO] Epoch:   3/  6|Batch: 1674/16927||D_loss: 1.3518|D1_loss: 0.6417|D2_loss: 0.7101||G_loss: 1.8635|R121_loss: 0.1766|R212_loss: 0.1567
2024/08/16 13:38:45: model [INFO] Epoch:   3/  6|Batch: 1679/16927||D_loss: 1.3204|D1_loss: 0.6575|D2_loss: 0.6629||G_loss: 2.0961|R121_loss: 0.1983|R212_loss: 0.2229
2024/08/16 13:38:45: model [INFO] Epoch:   3/  6|Batch: 1684/16927||D_loss: 1.3873|D1_loss: 0.7113|D2_loss: 0.6760||G_loss: 1.9029|R121_loss: 0.2317|R212_loss: 0.1370
2024/08/16 13:38:45: model [INFO] Epoch:   3/  6|Batch: 1689/16927||D_loss: 1.3645|D1_loss: 0.7199|D2_loss: 0.6446||G_loss: 1.9458|R121_loss: 0.2416|R212_loss: 0.1245
2024/08/16 13:38:45: model [INFO] Epoch:   3/  6|Batch: 1694/16927||D_loss: 1.4259|D1_loss: 0.7191|D2_loss: 0.7067||G_loss: 1.7436|R121_loss: 0.1903|R212_loss: 0.1321
2024/08/16 13:38:45: model [INFO] Epoch:   3/  6|Batch: 1699/16927||D_loss: 1.3777|D1_loss: 0.7042|D2_loss: 0.6735||G_loss: 1.8597|R121_loss: 0.2363|R212_loss: 0.1128
2024/08/16 13:38:45: model [INFO] Epoch:   3/  6|Batch: 1704/16927||D_loss: 1.4145|D1_loss: 0.6995|D2_loss: 0.7150||G_loss: 1.8315|R121_loss: 0.2049|R212_loss: 0.1587
2024/08/16 13:38:45: model [INFO] Epoch:   3/  6|Batch: 1709/16927||D_loss: 1.3590|D1_loss: 0.6761|D2_loss: 0.6829||G_loss: 2.1768|R121_loss: 0.2673|R212_loss: 0.2954
2024/08/16 13:38:45: model [INFO] Epoch:   3/  6|Batch: 1714/16927||D_loss: 1.3597|D1_loss: 0.6464|D2_loss: 0.7133||G_loss: 1.9617|R121_loss: 0.1743|R212_loss: 0.2560
2024/08/16 13:38:45: model [INFO] Epoch:   3/  6|Batch: 1719/16927||D_loss: 1.3613|D1_loss: 0.6484|D2_loss: 0.7129||G_loss: 1.8720|R121_loss: 0.1840|R212_loss: 0.1634
2024/08/16 13:38:45: model [INFO] Epoch:   3/  6|Batch: 1724/16927||D_loss: 1.3320|D1_loss: 0.6704|D2_loss: 0.6615||G_loss: 2.0748|R121_loss: 0.2437|R212_loss: 0.2274
2024/08/16 13:38:45: model [INFO] Epoch:   3/  6|Batch: 1729/16927||D_loss: 1.3371|D1_loss: 0.6414|D2_loss: 0.6958||G_loss: 2.0550|R121_loss: 0.2823|R212_loss: 0.1805
2024/08/16 13:38:45: model [INFO] Epoch:   3/  6|Batch: 1734/16927||D_loss: 1.3824|D1_loss: 0.6990|D2_loss: 0.6835||G_loss: 1.9873|R121_loss: 0.2003|R212_loss: 0.2396
2024/08/16 13:38:45: model [INFO] Epoch:   3/  6|Batch: 1739/16927||D_loss: 1.3957|D1_loss: 0.6850|D2_loss: 0.7107||G_loss: 1.8640|R121_loss: 0.1477|R212_loss: 0.1552
2024/08/16 13:38:45: model [INFO] Epoch:   3/  6|Batch: 1744/16927||D_loss: 1.3624|D1_loss: 0.6881|D2_loss: 0.6742||G_loss: 2.0547|R121_loss: 0.2618|R212_loss: 0.1584
2024/08/16 13:38:45: model [INFO] Epoch:   3/  6|Batch: 1749/16927||D_loss: 1.4029|D1_loss: 0.7432|D2_loss: 0.6597||G_loss: 1.9278|R121_loss: 0.2014|R212_loss: 0.1272
2024/08/16 13:38:45: model [INFO] Epoch:   3/  6|Batch: 1754/16927||D_loss: 1.3892|D1_loss: 0.6877|D2_loss: 0.7015||G_loss: 1.9249|R121_loss: 0.1746|R212_loss: 0.1783
2024/08/16 13:38:45: model [INFO] Epoch:   3/  6|Batch: 1759/16927||D_loss: 1.3954|D1_loss: 0.6969|D2_loss: 0.6985||G_loss: 1.9016|R121_loss: 0.1896|R212_loss: 0.2120
2024/08/16 13:38:45: model [INFO] Epoch:   3/  6|Batch: 1764/16927||D_loss: 1.3516|D1_loss: 0.6509|D2_loss: 0.7008||G_loss: 1.9105|R121_loss: 0.1962|R212_loss: 0.1716
2024/08/16 13:38:45: model [INFO] Epoch:   3/  6|Batch: 1769/16927||D_loss: 1.3503|D1_loss: 0.6795|D2_loss: 0.6708||G_loss: 2.0906|R121_loss: 0.2519|R212_loss: 0.2578
2024/08/16 13:38:45: model [INFO] Epoch:   3/  6|Batch: 1774/16927||D_loss: 1.3135|D1_loss: 0.6755|D2_loss: 0.6380||G_loss: 2.0921|R121_loss: 0.2451|R212_loss: 0.1610
2024/08/16 13:38:45: model [INFO] Epoch:   3/  6|Batch: 1779/16927||D_loss: 1.3261|D1_loss: 0.6908|D2_loss: 0.6354||G_loss: 2.0853|R121_loss: 0.2667|R212_loss: 0.2141
2024/08/16 13:38:46: model [INFO] Epoch:   3/  6|Batch: 1784/16927||D_loss: 1.3189|D1_loss: 0.6966|D2_loss: 0.6223||G_loss: 2.1010|R121_loss: 0.2479|R212_loss: 0.1853
2024/08/16 13:38:46: model [INFO] Epoch:   3/  6|Batch: 1789/16927||D_loss: 1.3970|D1_loss: 0.6326|D2_loss: 0.7643||G_loss: 1.9913|R121_loss: 0.1762|R212_loss: 0.2687
2024/08/16 13:38:46: model [INFO] Epoch:   3/  6|Batch: 1794/16927||D_loss: 1.4034|D1_loss: 0.6725|D2_loss: 0.7310||G_loss: 1.8034|R121_loss: 0.1944|R212_loss: 0.1397
2024/08/16 13:38:46: model [INFO] Epoch:   3/  6|Batch: 1799/16927||D_loss: 1.3706|D1_loss: 0.6952|D2_loss: 0.6753||G_loss: 1.9422|R121_loss: 0.2178|R212_loss: 0.2029
2024/08/16 13:38:46: model [INFO] Epoch:   3/  6|Batch: 1804/16927||D_loss: 1.4204|D1_loss: 0.7130|D2_loss: 0.7074||G_loss: 1.8154|R121_loss: 0.1849|R212_loss: 0.1303
2024/08/16 13:38:46: model [INFO] Epoch:   3/  6|Batch: 1809/16927||D_loss: 1.3787|D1_loss: 0.6747|D2_loss: 0.7040||G_loss: 2.0154|R121_loss: 0.1949|R212_loss: 0.2691
2024/08/16 13:38:46: model [INFO] Epoch:   3/  6|Batch: 1814/16927||D_loss: 1.3696|D1_loss: 0.6887|D2_loss: 0.6809||G_loss: 1.8852|R121_loss: 0.1827|R212_loss: 0.1908
2024/08/16 13:38:46: model [INFO] Epoch:   3/  6|Batch: 1819/16927||D_loss: 1.3251|D1_loss: 0.6698|D2_loss: 0.6552||G_loss: 2.1115|R121_loss: 0.2593|R212_loss: 0.1640
2024/08/16 13:38:46: model [INFO] Epoch:   3/  6|Batch: 1824/16927||D_loss: 1.3605|D1_loss: 0.6475|D2_loss: 0.7130||G_loss: 1.9423|R121_loss: 0.1727|R212_loss: 0.2378
2024/08/16 13:38:46: model [INFO] Epoch:   3/  6|Batch: 1829/16927||D_loss: 1.3601|D1_loss: 0.6952|D2_loss: 0.6650||G_loss: 1.9123|R121_loss: 0.1881|R212_loss: 0.2097
2024/08/16 13:38:46: model [INFO] Epoch:   3/  6|Batch: 1834/16927||D_loss: 1.3736|D1_loss: 0.6792|D2_loss: 0.6944||G_loss: 1.9991|R121_loss: 0.2200|R212_loss: 0.2295
2024/08/16 13:38:46: model [INFO] Epoch:   3/  6|Batch: 1839/16927||D_loss: 1.3680|D1_loss: 0.6965|D2_loss: 0.6716||G_loss: 1.9521|R121_loss: 0.2649|R212_loss: 0.1372
2024/08/16 13:38:46: model [INFO] Epoch:   3/  6|Batch: 1844/16927||D_loss: 1.3861|D1_loss: 0.6635|D2_loss: 0.7227||G_loss: 2.0719|R121_loss: 0.2046|R212_loss: 0.3222
2024/08/16 13:38:46: model [INFO] Epoch:   3/  6|Batch: 1849/16927||D_loss: 1.3059|D1_loss: 0.6951|D2_loss: 0.6108||G_loss: 2.0249|R121_loss: 0.1886|R212_loss: 0.1953
2024/08/16 13:38:46: model [INFO] Epoch:   3/  6|Batch: 1854/16927||D_loss: 1.3251|D1_loss: 0.6678|D2_loss: 0.6573||G_loss: 2.1507|R121_loss: 0.2636|R212_loss: 0.2181
2024/08/16 13:38:46: model [INFO] Epoch:   3/  6|Batch: 1859/16927||D_loss: 1.3436|D1_loss: 0.6899|D2_loss: 0.6537||G_loss: 1.9885|R121_loss: 0.2587|R212_loss: 0.1242
2024/08/16 13:38:46: model [INFO] Epoch:   3/  6|Batch: 1864/16927||D_loss: 1.4083|D1_loss: 0.6991|D2_loss: 0.7092||G_loss: 1.7773|R121_loss: 0.1896|R212_loss: 0.1354
2024/08/16 13:38:46: model [INFO] Epoch:   3/  6|Batch: 1869/16927||D_loss: 1.3747|D1_loss: 0.6911|D2_loss: 0.6836||G_loss: 1.8913|R121_loss: 0.2570|R212_loss: 0.1203
2024/08/16 13:38:46: model [INFO] Epoch:   3/  6|Batch: 1874/16927||D_loss: 1.3965|D1_loss: 0.6769|D2_loss: 0.7196||G_loss: 1.7201|R121_loss: 0.1698|R212_loss: 0.1233
2024/08/16 13:38:46: model [INFO] Epoch:   3/  6|Batch: 1879/16927||D_loss: 1.3864|D1_loss: 0.6695|D2_loss: 0.7169||G_loss: 1.7099|R121_loss: 0.1733|R212_loss: 0.1123
2024/08/16 13:38:46: model [INFO] Epoch:   3/  6|Batch: 1884/16927||D_loss: 1.3780|D1_loss: 0.6648|D2_loss: 0.7132||G_loss: 1.9238|R121_loss: 0.2117|R212_loss: 0.1899
2024/08/16 13:38:46: model [INFO] Epoch:   3/  6|Batch: 1889/16927||D_loss: 1.4021|D1_loss: 0.6799|D2_loss: 0.7222||G_loss: 1.8298|R121_loss: 0.1820|R212_loss: 0.1669
2024/08/16 13:38:46: model [INFO] Epoch:   3/  6|Batch: 1894/16927||D_loss: 1.3571|D1_loss: 0.7056|D2_loss: 0.6515||G_loss: 1.9869|R121_loss: 0.2798|R212_loss: 0.1283
2024/08/16 13:38:46: model [INFO] Epoch:   3/  6|Batch: 1899/16927||D_loss: 1.3738|D1_loss: 0.7304|D2_loss: 0.6434||G_loss: 1.9425|R121_loss: 0.2361|R212_loss: 0.1211
2024/08/16 13:38:46: model [INFO] Epoch:   3/  6|Batch: 1904/16927||D_loss: 1.3756|D1_loss: 0.6714|D2_loss: 0.7043||G_loss: 1.8399|R121_loss: 0.1779|R212_loss: 0.1517
2024/08/16 13:38:46: model [INFO] Epoch:   3/  6|Batch: 1909/16927||D_loss: 1.3334|D1_loss: 0.6831|D2_loss: 0.6503||G_loss: 1.9724|R121_loss: 0.2105|R212_loss: 0.1613
2024/08/16 13:38:46: model [INFO] Epoch:   3/  6|Batch: 1914/16927||D_loss: 1.3569|D1_loss: 0.6938|D2_loss: 0.6631||G_loss: 2.1366|R121_loss: 0.2776|R212_loss: 0.2692
2024/08/16 13:38:46: model [INFO] Epoch:   3/  6|Batch: 1919/16927||D_loss: 1.3433|D1_loss: 0.6679|D2_loss: 0.6754||G_loss: 2.0072|R121_loss: 0.2252|R212_loss: 0.2742
2024/08/16 13:38:46: model [INFO] Epoch:   3/  6|Batch: 1924/16927||D_loss: 1.3393|D1_loss: 0.6961|D2_loss: 0.6432||G_loss: 1.9652|R121_loss: 0.2229|R212_loss: 0.1224
2024/08/16 13:38:46: model [INFO] Epoch:   3/  6|Batch: 1929/16927||D_loss: 1.3501|D1_loss: 0.6317|D2_loss: 0.7184||G_loss: 1.9244|R121_loss: 0.2316|R212_loss: 0.1671
2024/08/16 13:38:46: model [INFO] Epoch:   3/  6|Batch: 1934/16927||D_loss: 1.3626|D1_loss: 0.6545|D2_loss: 0.7082||G_loss: 1.8142|R121_loss: 0.1631|R212_loss: 0.1453
2024/08/16 13:38:46: model [INFO] Epoch:   3/  6|Batch: 1939/16927||D_loss: 1.3962|D1_loss: 0.6914|D2_loss: 0.7048||G_loss: 1.8866|R121_loss: 0.2030|R212_loss: 0.1533
2024/08/16 13:38:46: model [INFO] Epoch:   3/  6|Batch: 1944/16927||D_loss: 1.3470|D1_loss: 0.6437|D2_loss: 0.7032||G_loss: 1.8637|R121_loss: 0.1796|R212_loss: 0.1632
2024/08/16 13:38:46: model [INFO] Epoch:   3/  6|Batch: 1949/16927||D_loss: 1.3285|D1_loss: 0.6564|D2_loss: 0.6721||G_loss: 2.0807|R121_loss: 0.2258|R212_loss: 0.2087
2024/08/16 13:38:46: model [INFO] Epoch:   3/  6|Batch: 1954/16927||D_loss: 1.3823|D1_loss: 0.6935|D2_loss: 0.6888||G_loss: 1.8702|R121_loss: 0.2042|R212_loss: 0.1528
2024/08/16 13:38:46: model [INFO] Epoch:   3/  6|Batch: 1959/16927||D_loss: 1.3313|D1_loss: 0.6497|D2_loss: 0.6816||G_loss: 1.8573|R121_loss: 0.1762|R212_loss: 0.1794
2024/08/16 13:38:46: model [INFO] Epoch:   3/  6|Batch: 1964/16927||D_loss: 1.3665|D1_loss: 0.6855|D2_loss: 0.6810||G_loss: 1.8723|R121_loss: 0.1802|R212_loss: 0.1706
2024/08/16 13:38:47: model [INFO] Epoch:   3/  6|Batch: 1969/16927||D_loss: 1.3564|D1_loss: 0.6806|D2_loss: 0.6758||G_loss: 1.9487|R121_loss: 0.2385|R212_loss: 0.1463
2024/08/16 13:38:47: model [INFO] Epoch:   3/  6|Batch: 1974/16927||D_loss: 1.4617|D1_loss: 0.7204|D2_loss: 0.7412||G_loss: 1.7949|R121_loss: 0.2113|R212_loss: 0.1256
2024/08/16 13:38:47: model [INFO] Epoch:   3/  6|Batch: 1979/16927||D_loss: 1.3975|D1_loss: 0.7226|D2_loss: 0.6750||G_loss: 2.0059|R121_loss: 0.2671|R212_loss: 0.1325
2024/08/16 13:38:47: model [INFO] Epoch:   3/  6|Batch: 1984/16927||D_loss: 1.4293|D1_loss: 0.7150|D2_loss: 0.7143||G_loss: 1.7613|R121_loss: 0.2090|R212_loss: 0.1103
2024/08/16 13:38:47: model [INFO] Epoch:   3/  6|Batch: 1989/16927||D_loss: 1.3010|D1_loss: 0.6710|D2_loss: 0.6300||G_loss: 2.0070|R121_loss: 0.2104|R212_loss: 0.1546
2024/08/16 13:38:47: model [INFO] Epoch:   3/  6|Batch: 1994/16927||D_loss: 1.3976|D1_loss: 0.7137|D2_loss: 0.6839||G_loss: 1.8526|R121_loss: 0.2291|R212_loss: 0.1224
2024/08/16 13:38:47: model [INFO] Epoch:   3/  6|Batch: 1999/16927||D_loss: 1.3409|D1_loss: 0.6448|D2_loss: 0.6962||G_loss: 1.8579|R121_loss: 0.1946|R212_loss: 0.1482
2024/08/16 13:38:47: model [INFO] Epoch:   3/  6|Batch: 2004/16927||D_loss: 1.3724|D1_loss: 0.6715|D2_loss: 0.7009||G_loss: 1.8510|R121_loss: 0.1811|R212_loss: 0.1966
2024/08/16 13:38:47: model [INFO] Epoch:   3/  6|Batch: 2009/16927||D_loss: 1.3710|D1_loss: 0.6734|D2_loss: 0.6975||G_loss: 1.8988|R121_loss: 0.2582|R212_loss: 0.1617
2024/08/16 13:38:47: model [INFO] Epoch:   3/  6|Batch: 2014/16927||D_loss: 1.4436|D1_loss: 0.6970|D2_loss: 0.7466||G_loss: 1.6914|R121_loss: 0.1720|R212_loss: 0.1374
2024/08/16 13:38:47: model [INFO] Epoch:   3/  6|Batch: 2019/16927||D_loss: 1.3997|D1_loss: 0.6417|D2_loss: 0.7580||G_loss: 2.0016|R121_loss: 0.2028|R212_loss: 0.2815
2024/08/16 13:38:47: model [INFO] Epoch:   3/  6|Batch: 2024/16927||D_loss: 1.3243|D1_loss: 0.6786|D2_loss: 0.6457||G_loss: 1.9923|R121_loss: 0.2104|R212_loss: 0.1657
2024/08/16 13:38:47: model [INFO] Epoch:   3/  6|Batch: 2029/16927||D_loss: 1.3589|D1_loss: 0.6677|D2_loss: 0.6913||G_loss: 1.9566|R121_loss: 0.1921|R212_loss: 0.1774
2024/08/16 13:38:47: model [INFO] Epoch:   3/  6|Batch: 2034/16927||D_loss: 1.3420|D1_loss: 0.6508|D2_loss: 0.6913||G_loss: 1.9805|R121_loss: 0.2367|R212_loss: 0.1915
2024/08/16 13:38:47: model [INFO] Epoch:   3/  6|Batch: 2039/16927||D_loss: 1.4131|D1_loss: 0.6695|D2_loss: 0.7437||G_loss: 1.9928|R121_loss: 0.1889|R212_loss: 0.2581
2024/08/16 13:38:47: model [INFO] Epoch:   3/  6|Batch: 2044/16927||D_loss: 1.3337|D1_loss: 0.6805|D2_loss: 0.6532||G_loss: 1.9614|R121_loss: 0.1973|R212_loss: 0.1511
2024/08/16 13:38:47: model [INFO] Epoch:   3/  6|Batch: 2049/16927||D_loss: 1.4189|D1_loss: 0.7288|D2_loss: 0.6901||G_loss: 1.7918|R121_loss: 0.2014|R212_loss: 0.1213
2024/08/16 13:38:47: model [INFO] Epoch:   3/  6|Batch: 2054/16927||D_loss: 1.4481|D1_loss: 0.7308|D2_loss: 0.7173||G_loss: 1.7159|R121_loss: 0.1881|R212_loss: 0.1250
2024/08/16 13:38:47: model [INFO] Epoch:   3/  6|Batch: 2059/16927||D_loss: 1.3762|D1_loss: 0.6631|D2_loss: 0.7131||G_loss: 1.8085|R121_loss: 0.1629|R212_loss: 0.1629
2024/08/16 13:38:47: model [INFO] Epoch:   3/  6|Batch: 2064/16927||D_loss: 1.3912|D1_loss: 0.7022|D2_loss: 0.6891||G_loss: 1.9138|R121_loss: 0.2450|R212_loss: 0.1777
2024/08/16 13:38:47: model [INFO] Epoch:   3/  6|Batch: 2069/16927||D_loss: 1.4180|D1_loss: 0.7092|D2_loss: 0.7088||G_loss: 1.7555|R121_loss: 0.2131|R212_loss: 0.1230
2024/08/16 13:38:47: model [INFO] Epoch:   3/  6|Batch: 2074/16927||D_loss: 1.4128|D1_loss: 0.7103|D2_loss: 0.7025||G_loss: 1.7921|R121_loss: 0.2301|R212_loss: 0.1339
2024/08/16 13:38:47: model [INFO] Epoch:   3/  6|Batch: 2079/16927||D_loss: 1.3864|D1_loss: 0.7056|D2_loss: 0.6808||G_loss: 1.8160|R121_loss: 0.2013|R212_loss: 0.1352
2024/08/16 13:38:47: model [INFO] Epoch:   3/  6|Batch: 2084/16927||D_loss: 1.3786|D1_loss: 0.7101|D2_loss: 0.6684||G_loss: 1.8545|R121_loss: 0.2266|R212_loss: 0.1219
2024/08/16 13:38:47: model [INFO] Epoch:   3/  6|Batch: 2089/16927||D_loss: 1.4048|D1_loss: 0.7263|D2_loss: 0.6785||G_loss: 1.8344|R121_loss: 0.2196|R212_loss: 0.1386
2024/08/16 13:38:47: model [INFO] Epoch:   3/  6|Batch: 2094/16927||D_loss: 1.3596|D1_loss: 0.6717|D2_loss: 0.6879||G_loss: 1.9674|R121_loss: 0.1937|R212_loss: 0.2320
2024/08/16 13:38:47: model [INFO] Epoch:   3/  6|Batch: 2099/16927||D_loss: 1.3035|D1_loss: 0.6568|D2_loss: 0.6467||G_loss: 2.0739|R121_loss: 0.2688|R212_loss: 0.1510
2024/08/16 13:38:47: model [INFO] Epoch:   3/  6|Batch: 2104/16927||D_loss: 1.4251|D1_loss: 0.7171|D2_loss: 0.7079||G_loss: 1.8421|R121_loss: 0.1950|R212_loss: 0.2247
2024/08/16 13:38:47: model [INFO] Epoch:   3/  6|Batch: 2109/16927||D_loss: 1.4165|D1_loss: 0.7112|D2_loss: 0.7053||G_loss: 1.7655|R121_loss: 0.2120|R212_loss: 0.1250
2024/08/16 13:38:47: model [INFO] Epoch:   3/  6|Batch: 2114/16927||D_loss: 1.3247|D1_loss: 0.6740|D2_loss: 0.6507||G_loss: 2.0189|R121_loss: 0.2531|R212_loss: 0.1443
2024/08/16 13:38:47: model [INFO] Epoch:   3/  6|Batch: 2119/16927||D_loss: 1.3876|D1_loss: 0.6754|D2_loss: 0.7122||G_loss: 1.9890|R121_loss: 0.1754|R212_loss: 0.2939
2024/08/16 13:38:47: model [INFO] Epoch:   3/  6|Batch: 2124/16927||D_loss: 1.3788|D1_loss: 0.6732|D2_loss: 0.7056||G_loss: 2.0014|R121_loss: 0.2275|R212_loss: 0.2984
2024/08/16 13:38:47: model [INFO] Epoch:   3/  6|Batch: 2129/16927||D_loss: 1.4045|D1_loss: 0.7043|D2_loss: 0.7002||G_loss: 1.7441|R121_loss: 0.1788|R212_loss: 0.1179
2024/08/16 13:38:47: model [INFO] Epoch:   3/  6|Batch: 2134/16927||D_loss: 1.3517|D1_loss: 0.6495|D2_loss: 0.7022||G_loss: 1.9287|R121_loss: 0.2228|R212_loss: 0.1542
2024/08/16 13:38:47: model [INFO] Epoch:   3/  6|Batch: 2139/16927||D_loss: 1.3442|D1_loss: 0.6988|D2_loss: 0.6454||G_loss: 2.0245|R121_loss: 0.2417|R212_loss: 0.1355
2024/08/16 13:38:47: model [INFO] Epoch:   3/  6|Batch: 2144/16927||D_loss: 1.3489|D1_loss: 0.6714|D2_loss: 0.6775||G_loss: 1.9427|R121_loss: 0.2544|R212_loss: 0.1399
2024/08/16 13:38:47: model [INFO] Epoch:   3/  6|Batch: 2149/16927||D_loss: 1.2890|D1_loss: 0.6587|D2_loss: 0.6303||G_loss: 2.2263|R121_loss: 0.2591|R212_loss: 0.3181
2024/08/16 13:38:48: model [INFO] Epoch:   3/  6|Batch: 2154/16927||D_loss: 1.3870|D1_loss: 0.6752|D2_loss: 0.7118||G_loss: 2.0065|R121_loss: 0.2439|R212_loss: 0.1818
2024/08/16 13:38:48: model [INFO] Epoch:   3/  6|Batch: 2159/16927||D_loss: 1.3982|D1_loss: 0.6970|D2_loss: 0.7012||G_loss: 1.8394|R121_loss: 0.2290|R212_loss: 0.1252
2024/08/16 13:38:48: model [INFO] Epoch:   3/  6|Batch: 2164/16927||D_loss: 1.4034|D1_loss: 0.6776|D2_loss: 0.7258||G_loss: 1.9791|R121_loss: 0.2381|R212_loss: 0.2096
2024/08/16 13:38:48: model [INFO] Epoch:   3/  6|Batch: 2169/16927||D_loss: 1.3946|D1_loss: 0.7005|D2_loss: 0.6942||G_loss: 1.8094|R121_loss: 0.2119|R212_loss: 0.1179
2024/08/16 13:38:48: model [INFO] Epoch:   3/  6|Batch: 2174/16927||D_loss: 1.3658|D1_loss: 0.7052|D2_loss: 0.6606||G_loss: 1.9450|R121_loss: 0.2737|R212_loss: 0.1245
2024/08/16 13:38:48: model [INFO] Epoch:   3/  6|Batch: 2179/16927||D_loss: 1.3803|D1_loss: 0.7129|D2_loss: 0.6674||G_loss: 2.1145|R121_loss: 0.2620|R212_loss: 0.2788
2024/08/16 13:38:48: model [INFO] Epoch:   3/  6|Batch: 2184/16927||D_loss: 1.4008|D1_loss: 0.6893|D2_loss: 0.7115||G_loss: 1.8250|R121_loss: 0.1817|R212_loss: 0.1635
2024/08/16 13:38:48: model [INFO] Epoch:   3/  6|Batch: 2189/16927||D_loss: 1.3760|D1_loss: 0.6689|D2_loss: 0.7070||G_loss: 1.9095|R121_loss: 0.1955|R212_loss: 0.2020
2024/08/16 13:38:48: model [INFO] Epoch:   3/  6|Batch: 2194/16927||D_loss: 1.3388|D1_loss: 0.6763|D2_loss: 0.6625||G_loss: 2.0472|R121_loss: 0.2622|R212_loss: 0.2414
2024/08/16 13:38:48: model [INFO] Epoch:   3/  6|Batch: 2199/16927||D_loss: 1.3567|D1_loss: 0.6750|D2_loss: 0.6817||G_loss: 1.9612|R121_loss: 0.2074|R212_loss: 0.2535
2024/08/16 13:38:48: model [INFO] Epoch:   3/  6|Batch: 2204/16927||D_loss: 1.3880|D1_loss: 0.6814|D2_loss: 0.7067||G_loss: 1.9659|R121_loss: 0.2060|R212_loss: 0.2075
2024/08/16 13:38:48: model [INFO] Epoch:   3/  6|Batch: 2209/16927||D_loss: 1.3460|D1_loss: 0.7140|D2_loss: 0.6320||G_loss: 1.9635|R121_loss: 0.2071|R212_loss: 0.1356
2024/08/16 13:38:48: model [INFO] Epoch:   3/  6|Batch: 2214/16927||D_loss: 1.3798|D1_loss: 0.6885|D2_loss: 0.6914||G_loss: 1.7634|R121_loss: 0.1772|R212_loss: 0.1225
2024/08/16 13:38:48: model [INFO] Epoch:   3/  6|Batch: 2219/16927||D_loss: 1.3833|D1_loss: 0.6872|D2_loss: 0.6961||G_loss: 1.8176|R121_loss: 0.2066|R212_loss: 0.1390
2024/08/16 13:38:48: model [INFO] Epoch:   3/  6|Batch: 2224/16927||D_loss: 1.3811|D1_loss: 0.6672|D2_loss: 0.7139||G_loss: 1.8734|R121_loss: 0.1765|R212_loss: 0.1773
2024/08/16 13:38:48: model [INFO] Epoch:   3/  6|Batch: 2229/16927||D_loss: 1.3901|D1_loss: 0.6985|D2_loss: 0.6915||G_loss: 1.9510|R121_loss: 0.1994|R212_loss: 0.1674
2024/08/16 13:38:48: model [INFO] Epoch:   3/  6|Batch: 2234/16927||D_loss: 1.3783|D1_loss: 0.6814|D2_loss: 0.6969||G_loss: 1.9345|R121_loss: 0.2383|R212_loss: 0.1708
2024/08/16 13:38:48: model [INFO] Epoch:   3/  6|Batch: 2239/16927||D_loss: 1.3674|D1_loss: 0.7038|D2_loss: 0.6635||G_loss: 2.1898|R121_loss: 0.2790|R212_loss: 0.3073
2024/08/16 13:38:48: model [INFO] Epoch:   3/  6|Batch: 2244/16927||D_loss: 1.3353|D1_loss: 0.6721|D2_loss: 0.6632||G_loss: 2.1117|R121_loss: 0.3175|R212_loss: 0.1901
2024/08/16 13:38:48: model [INFO] Epoch:   3/  6|Batch: 2249/16927||D_loss: 1.3759|D1_loss: 0.6805|D2_loss: 0.6954||G_loss: 1.8922|R121_loss: 0.1778|R212_loss: 0.1762
2024/08/16 13:38:48: model [INFO] Epoch:   3/  6|Batch: 2254/16927||D_loss: 1.4062|D1_loss: 0.7012|D2_loss: 0.7049||G_loss: 1.8637|R121_loss: 0.1793|R212_loss: 0.2071
2024/08/16 13:38:48: model [INFO] Epoch:   3/  6|Batch: 2259/16927||D_loss: 1.3093|D1_loss: 0.6721|D2_loss: 0.6372||G_loss: 2.0317|R121_loss: 0.2037|R212_loss: 0.1506
2024/08/16 13:38:48: model [INFO] Epoch:   3/  6|Batch: 2264/16927||D_loss: 1.3671|D1_loss: 0.6600|D2_loss: 0.7072||G_loss: 1.8677|R121_loss: 0.1713|R212_loss: 0.2275
2024/08/16 13:38:48: model [INFO] Epoch:   3/  6|Batch: 2269/16927||D_loss: 1.4500|D1_loss: 0.6844|D2_loss: 0.7656||G_loss: 1.9739|R121_loss: 0.1749|R212_loss: 0.3213
2024/08/16 13:38:48: model [INFO] Epoch:   3/  6|Batch: 2274/16927||D_loss: 1.3729|D1_loss: 0.6843|D2_loss: 0.6886||G_loss: 1.9949|R121_loss: 0.2242|R212_loss: 0.2193
2024/08/16 13:38:48: model [INFO] Epoch:   3/  6|Batch: 2279/16927||D_loss: 1.3403|D1_loss: 0.6721|D2_loss: 0.6682||G_loss: 1.9178|R121_loss: 0.2161|R212_loss: 0.1510
2024/08/16 13:38:48: model [INFO] Epoch:   3/  6|Batch: 2284/16927||D_loss: 1.3404|D1_loss: 0.6848|D2_loss: 0.6556||G_loss: 2.0107|R121_loss: 0.2282|R212_loss: 0.1933
2024/08/16 13:38:48: model [INFO] Epoch:   3/  6|Batch: 2289/16927||D_loss: 1.3482|D1_loss: 0.6580|D2_loss: 0.6902||G_loss: 2.2305|R121_loss: 0.2532|R212_loss: 0.3165
2024/08/16 13:38:48: model [INFO] Epoch:   3/  6|Batch: 2294/16927||D_loss: 1.3654|D1_loss: 0.6786|D2_loss: 0.6869||G_loss: 1.8373|R121_loss: 0.1900|R212_loss: 0.1198
2024/08/16 13:38:48: model [INFO] Epoch:   3/  6|Batch: 2299/16927||D_loss: 1.3792|D1_loss: 0.6926|D2_loss: 0.6866||G_loss: 1.8666|R121_loss: 0.2038|R212_loss: 0.1185
2024/08/16 13:38:48: model [INFO] Epoch:   3/  6|Batch: 2304/16927||D_loss: 1.3981|D1_loss: 0.7070|D2_loss: 0.6910||G_loss: 1.8575|R121_loss: 0.2291|R212_loss: 0.1184
2024/08/16 13:38:48: model [INFO] Epoch:   3/  6|Batch: 2309/16927||D_loss: 1.4051|D1_loss: 0.7008|D2_loss: 0.7042||G_loss: 1.7913|R121_loss: 0.2017|R212_loss: 0.1201
2024/08/16 13:38:48: model [INFO] Epoch:   3/  6|Batch: 2314/16927||D_loss: 1.3964|D1_loss: 0.7020|D2_loss: 0.6943||G_loss: 1.7403|R121_loss: 0.1822|R212_loss: 0.1081
2024/08/16 13:38:48: model [INFO] Epoch:   3/  6|Batch: 2319/16927||D_loss: 1.3450|D1_loss: 0.6510|D2_loss: 0.6940||G_loss: 1.9307|R121_loss: 0.2331|R212_loss: 0.1700
2024/08/16 13:38:48: model [INFO] Epoch:   3/  6|Batch: 2324/16927||D_loss: 1.3710|D1_loss: 0.6850|D2_loss: 0.6859||G_loss: 1.8683|R121_loss: 0.2269|R212_loss: 0.1546
2024/08/16 13:38:48: model [INFO] Epoch:   3/  6|Batch: 2329/16927||D_loss: 1.3380|D1_loss: 0.6686|D2_loss: 0.6694||G_loss: 1.9456|R121_loss: 0.2065|R212_loss: 0.2556
2024/08/16 13:38:48: model [INFO] Epoch:   3/  6|Batch: 2334/16927||D_loss: 1.4015|D1_loss: 0.7084|D2_loss: 0.6931||G_loss: 1.8720|R121_loss: 0.2632|R212_loss: 0.1119
2024/08/16 13:38:49: model [INFO] Epoch:   3/  6|Batch: 2339/16927||D_loss: 1.3131|D1_loss: 0.6317|D2_loss: 0.6814||G_loss: 1.9979|R121_loss: 0.2584|R212_loss: 0.1603
2024/08/16 13:38:49: model [INFO] Epoch:   3/  6|Batch: 2344/16927||D_loss: 1.3555|D1_loss: 0.6524|D2_loss: 0.7031||G_loss: 2.0310|R121_loss: 0.2437|R212_loss: 0.2499
2024/08/16 13:38:49: model [INFO] Epoch:   3/  6|Batch: 2349/16927||D_loss: 1.3857|D1_loss: 0.6978|D2_loss: 0.6879||G_loss: 1.8226|R121_loss: 0.2066|R212_loss: 0.1056
2024/08/16 13:38:49: model [INFO] Epoch:   3/  6|Batch: 2354/16927||D_loss: 1.3696|D1_loss: 0.6797|D2_loss: 0.6898||G_loss: 1.9327|R121_loss: 0.2026|R212_loss: 0.1542
2024/08/16 13:38:49: model [INFO] Epoch:   3/  6|Batch: 2359/16927||D_loss: 1.3644|D1_loss: 0.7124|D2_loss: 0.6520||G_loss: 1.9004|R121_loss: 0.2066|R212_loss: 0.1092
2024/08/16 13:38:49: model [INFO] Epoch:   3/  6|Batch: 2364/16927||D_loss: 1.3707|D1_loss: 0.6826|D2_loss: 0.6881||G_loss: 1.9691|R121_loss: 0.1651|R212_loss: 0.2868
2024/08/16 13:38:49: model [INFO] Epoch:   3/  6|Batch: 2369/16927||D_loss: 1.3977|D1_loss: 0.7030|D2_loss: 0.6947||G_loss: 1.7701|R121_loss: 0.1666|R212_loss: 0.1150
2024/08/16 13:38:49: model [INFO] Epoch:   3/  6|Batch: 2374/16927||D_loss: 1.3655|D1_loss: 0.6787|D2_loss: 0.6868||G_loss: 1.9299|R121_loss: 0.2161|R212_loss: 0.1682
2024/08/16 13:38:49: model [INFO] Epoch:   3/  6|Batch: 2379/16927||D_loss: 1.3501|D1_loss: 0.6765|D2_loss: 0.6735||G_loss: 1.9920|R121_loss: 0.2204|R212_loss: 0.1630
2024/08/16 13:38:49: model [INFO] Epoch:   3/  6|Batch: 2384/16927||D_loss: 1.3938|D1_loss: 0.6706|D2_loss: 0.7232||G_loss: 1.8581|R121_loss: 0.1749|R212_loss: 0.1704
2024/08/16 13:38:49: model [INFO] Epoch:   3/  6|Batch: 2389/16927||D_loss: 1.3873|D1_loss: 0.6968|D2_loss: 0.6905||G_loss: 1.9029|R121_loss: 0.1679|R212_loss: 0.2588
2024/08/16 13:38:49: model [INFO] Epoch:   3/  6|Batch: 2394/16927||D_loss: 1.3516|D1_loss: 0.6813|D2_loss: 0.6702||G_loss: 1.9432|R121_loss: 0.1932|R212_loss: 0.2531
2024/08/16 13:38:49: model [INFO] Epoch:   3/  6|Batch: 2399/16927||D_loss: 1.3451|D1_loss: 0.6822|D2_loss: 0.6629||G_loss: 1.9758|R121_loss: 0.1884|R212_loss: 0.2465
2024/08/16 13:38:49: model [INFO] Epoch:   3/  6|Batch: 2404/16927||D_loss: 1.4254|D1_loss: 0.7036|D2_loss: 0.7218||G_loss: 1.7801|R121_loss: 0.1711|R212_loss: 0.1116
2024/08/16 13:38:49: model [INFO] Epoch:   3/  6|Batch: 2409/16927||D_loss: 1.3522|D1_loss: 0.6443|D2_loss: 0.7079||G_loss: 1.8763|R121_loss: 0.1488|R212_loss: 0.1568
2024/08/16 13:38:49: model [INFO] Epoch:   3/  6|Batch: 2414/16927||D_loss: 1.3892|D1_loss: 0.6985|D2_loss: 0.6907||G_loss: 1.8212|R121_loss: 0.2086|R212_loss: 0.0993
2024/08/16 13:38:49: model [INFO] Epoch:   3/  6|Batch: 2419/16927||D_loss: 1.4110|D1_loss: 0.7027|D2_loss: 0.7082||G_loss: 1.7492|R121_loss: 0.1658|R212_loss: 0.1132
2024/08/16 13:38:49: model [INFO] Epoch:   3/  6|Batch: 2424/16927||D_loss: 1.3492|D1_loss: 0.6536|D2_loss: 0.6956||G_loss: 1.8432|R121_loss: 0.1472|R212_loss: 0.1741
2024/08/16 13:38:49: model [INFO] Epoch:   3/  6|Batch: 2429/16927||D_loss: 1.3874|D1_loss: 0.6843|D2_loss: 0.7031||G_loss: 1.7840|R121_loss: 0.1864|R212_loss: 0.1267
2024/08/16 13:38:49: model [INFO] Epoch:   3/  6|Batch: 2434/16927||D_loss: 1.3915|D1_loss: 0.7001|D2_loss: 0.6914||G_loss: 1.8618|R121_loss: 0.1724|R212_loss: 0.1715
2024/08/16 13:38:49: model [INFO] Epoch:   3/  6|Batch: 2439/16927||D_loss: 1.3750|D1_loss: 0.6933|D2_loss: 0.6818||G_loss: 1.8735|R121_loss: 0.2271|R212_loss: 0.1079
2024/08/16 13:38:49: model [INFO] Epoch:   3/  6|Batch: 2444/16927||D_loss: 1.3761|D1_loss: 0.6949|D2_loss: 0.6812||G_loss: 1.8804|R121_loss: 0.1989|R212_loss: 0.1561
2024/08/16 13:38:49: model [INFO] Epoch:   3/  6|Batch: 2449/16927||D_loss: 1.3264|D1_loss: 0.6699|D2_loss: 0.6565||G_loss: 2.0782|R121_loss: 0.2777|R212_loss: 0.1738
2024/08/16 13:38:49: model [INFO] Epoch:   3/  6|Batch: 2454/16927||D_loss: 1.3788|D1_loss: 0.6724|D2_loss: 0.7064||G_loss: 2.0619|R121_loss: 0.1851|R212_loss: 0.2876
2024/08/16 13:38:49: model [INFO] Epoch:   3/  6|Batch: 2459/16927||D_loss: 1.3620|D1_loss: 0.6770|D2_loss: 0.6851||G_loss: 2.0171|R121_loss: 0.2061|R212_loss: 0.2898
2024/08/16 13:38:49: model [INFO] Epoch:   3/  6|Batch: 2464/16927||D_loss: 1.3167|D1_loss: 0.6534|D2_loss: 0.6633||G_loss: 2.0957|R121_loss: 0.2795|R212_loss: 0.1958
2024/08/16 13:38:49: model [INFO] Epoch:   3/  6|Batch: 2469/16927||D_loss: 1.3542|D1_loss: 0.6606|D2_loss: 0.6935||G_loss: 1.8109|R121_loss: 0.1657|R212_loss: 0.1487
2024/08/16 13:38:49: model [INFO] Epoch:   3/  6|Batch: 2474/16927||D_loss: 1.3232|D1_loss: 0.6899|D2_loss: 0.6332||G_loss: 2.1708|R121_loss: 0.2957|R212_loss: 0.2130
2024/08/16 13:38:49: model [INFO] Epoch:   3/  6|Batch: 2479/16927||D_loss: 1.3581|D1_loss: 0.6798|D2_loss: 0.6783||G_loss: 1.9668|R121_loss: 0.1863|R212_loss: 0.2670
2024/08/16 13:38:49: model [INFO] Epoch:   3/  6|Batch: 2484/16927||D_loss: 1.3658|D1_loss: 0.6706|D2_loss: 0.6953||G_loss: 2.1508|R121_loss: 0.2676|R212_loss: 0.2458
2024/08/16 13:38:49: model [INFO] Epoch:   3/  6|Batch: 2489/16927||D_loss: 1.3189|D1_loss: 0.6759|D2_loss: 0.6430||G_loss: 2.1046|R121_loss: 0.2690|R212_loss: 0.1686
2024/08/16 13:38:49: model [INFO] Epoch:   3/  6|Batch: 2494/16927||D_loss: 1.3592|D1_loss: 0.6797|D2_loss: 0.6795||G_loss: 1.9569|R121_loss: 0.2265|R212_loss: 0.1489
2024/08/16 13:38:49: model [INFO] Epoch:   3/  6|Batch: 2499/16927||D_loss: 1.3846|D1_loss: 0.7041|D2_loss: 0.6805||G_loss: 1.8532|R121_loss: 0.2104|R212_loss: 0.1160
2024/08/16 13:38:49: model [INFO] Epoch:   3/  6|Batch: 2504/16927||D_loss: 1.2938|D1_loss: 0.6544|D2_loss: 0.6394||G_loss: 2.1316|R121_loss: 0.2573|R212_loss: 0.1960
2024/08/16 13:38:49: model [INFO] Epoch:   3/  6|Batch: 2509/16927||D_loss: 1.3717|D1_loss: 0.6789|D2_loss: 0.6927||G_loss: 1.8694|R121_loss: 0.2097|R212_loss: 0.1492
2024/08/16 13:38:49: model [INFO] Epoch:   3/  6|Batch: 2514/16927||D_loss: 1.4163|D1_loss: 0.7190|D2_loss: 0.6973||G_loss: 1.8185|R121_loss: 0.2252|R212_loss: 0.1095
2024/08/16 13:38:49: model [INFO] Epoch:   3/  6|Batch: 2519/16927||D_loss: 1.4114|D1_loss: 0.6931|D2_loss: 0.7184||G_loss: 1.7481|R121_loss: 0.1807|R212_loss: 0.1186
2024/08/16 13:38:50: model [INFO] Epoch:   3/  6|Batch: 2524/16927||D_loss: 1.3857|D1_loss: 0.7024|D2_loss: 0.6833||G_loss: 1.8964|R121_loss: 0.2187|R212_loss: 0.1199
2024/08/16 13:38:50: model [INFO] Epoch:   3/  6|Batch: 2529/16927||D_loss: 1.3378|D1_loss: 0.6621|D2_loss: 0.6757||G_loss: 1.9400|R121_loss: 0.2634|R212_loss: 0.1810
2024/08/16 13:38:50: model [INFO] Epoch:   3/  6|Batch: 2534/16927||D_loss: 1.3798|D1_loss: 0.7198|D2_loss: 0.6600||G_loss: 1.8393|R121_loss: 0.1952|R212_loss: 0.1154
2024/08/16 13:38:50: model [INFO] Epoch:   3/  6|Batch: 2539/16927||D_loss: 1.3654|D1_loss: 0.7151|D2_loss: 0.6503||G_loss: 1.8700|R121_loss: 0.2183|R212_loss: 0.1041
2024/08/16 13:38:50: model [INFO] Epoch:   3/  6|Batch: 2544/16927||D_loss: 1.3446|D1_loss: 0.6543|D2_loss: 0.6903||G_loss: 2.0143|R121_loss: 0.2180|R212_loss: 0.2581
2024/08/16 13:38:50: model [INFO] Epoch:   3/  6|Batch: 2549/16927||D_loss: 1.3268|D1_loss: 0.6806|D2_loss: 0.6462||G_loss: 1.9538|R121_loss: 0.2144|R212_loss: 0.1835
2024/08/16 13:38:50: model [INFO] Epoch:   3/  6|Batch: 2554/16927||D_loss: 1.3369|D1_loss: 0.6879|D2_loss: 0.6490||G_loss: 1.9465|R121_loss: 0.2214|R212_loss: 0.1650
2024/08/16 13:38:50: model [INFO] Epoch:   3/  6|Batch: 2559/16927||D_loss: 1.4236|D1_loss: 0.7140|D2_loss: 0.7096||G_loss: 1.7520|R121_loss: 0.2153|R212_loss: 0.1071
2024/08/16 13:38:50: model [INFO] Epoch:   3/  6|Batch: 2564/16927||D_loss: 1.3705|D1_loss: 0.6631|D2_loss: 0.7074||G_loss: 1.7819|R121_loss: 0.1650|R212_loss: 0.1582
2024/08/16 13:38:50: model [INFO] Epoch:   3/  6|Batch: 2569/16927||D_loss: 1.3521|D1_loss: 0.6634|D2_loss: 0.6887||G_loss: 1.8835|R121_loss: 0.2242|R212_loss: 0.1680
2024/08/16 13:38:50: model [INFO] Epoch:   3/  6|Batch: 2574/16927||D_loss: 1.3648|D1_loss: 0.6753|D2_loss: 0.6894||G_loss: 1.8156|R121_loss: 0.2083|R212_loss: 0.1437
2024/08/16 13:38:50: model [INFO] Epoch:   3/  6|Batch: 2579/16927||D_loss: 1.3249|D1_loss: 0.6878|D2_loss: 0.6371||G_loss: 2.0289|R121_loss: 0.1967|R212_loss: 0.1758
2024/08/16 13:38:50: model [INFO] Epoch:   3/  6|Batch: 2584/16927||D_loss: 1.4207|D1_loss: 0.6962|D2_loss: 0.7245||G_loss: 1.7258|R121_loss: 0.2030|R212_loss: 0.1055
2024/08/16 13:38:50: model [INFO] Epoch:   3/  6|Batch: 2589/16927||D_loss: 1.4096|D1_loss: 0.6873|D2_loss: 0.7223||G_loss: 1.6947|R121_loss: 0.1892|R212_loss: 0.1057
2024/08/16 13:38:50: model [INFO] Epoch:   3/  6|Batch: 2594/16927||D_loss: 1.3531|D1_loss: 0.6976|D2_loss: 0.6554||G_loss: 1.8566|R121_loss: 0.2341|R212_loss: 0.1035
2024/08/16 13:38:50: model [INFO] Epoch:   3/  6|Batch: 2599/16927||D_loss: 1.2949|D1_loss: 0.6735|D2_loss: 0.6213||G_loss: 2.1367|R121_loss: 0.2704|R212_loss: 0.2056
2024/08/16 13:38:50: model [INFO] Epoch:   3/  6|Batch: 2604/16927||D_loss: 1.4436|D1_loss: 0.7301|D2_loss: 0.7135||G_loss: 1.7143|R121_loss: 0.1915|R212_loss: 0.1054
2024/08/16 13:38:50: model [INFO] Epoch:   3/  6|Batch: 2609/16927||D_loss: 1.3787|D1_loss: 0.6920|D2_loss: 0.6867||G_loss: 1.8020|R121_loss: 0.1806|R212_loss: 0.1527
2024/08/16 13:38:50: model [INFO] Epoch:   3/  6|Batch: 2614/16927||D_loss: 1.3685|D1_loss: 0.6799|D2_loss: 0.6886||G_loss: 1.9556|R121_loss: 0.1693|R212_loss: 0.2918
2024/08/16 13:38:50: model [INFO] Epoch:   3/  6|Batch: 2619/16927||D_loss: 1.3473|D1_loss: 0.6965|D2_loss: 0.6508||G_loss: 1.8942|R121_loss: 0.1742|R212_loss: 0.1554
2024/08/16 13:38:50: model [INFO] Epoch:   3/  6|Batch: 2624/16927||D_loss: 1.4558|D1_loss: 0.7279|D2_loss: 0.7279||G_loss: 1.7380|R121_loss: 0.1719|R212_loss: 0.1395
2024/08/16 13:38:50: model [INFO] Epoch:   3/  6|Batch: 2629/16927||D_loss: 1.4354|D1_loss: 0.7066|D2_loss: 0.7288||G_loss: 1.7485|R121_loss: 0.1769|R212_loss: 0.1277
2024/08/16 13:38:50: model [INFO] Epoch:   3/  6|Batch: 2634/16927||D_loss: 1.3396|D1_loss: 0.6831|D2_loss: 0.6564||G_loss: 1.9085|R121_loss: 0.1996|R212_loss: 0.1542
2024/08/16 13:38:50: model [INFO] Epoch:   3/  6|Batch: 2639/16927||D_loss: 1.4117|D1_loss: 0.7171|D2_loss: 0.6946||G_loss: 1.8636|R121_loss: 0.2218|R212_loss: 0.1231
2024/08/16 13:38:50: model [INFO] Epoch:   3/  6|Batch: 2644/16927||D_loss: 1.4106|D1_loss: 0.7054|D2_loss: 0.7052||G_loss: 1.7193|R121_loss: 0.1706|R212_loss: 0.1194
2024/08/16 13:38:50: model [INFO] Epoch:   3/  6|Batch: 2649/16927||D_loss: 1.3563|D1_loss: 0.6798|D2_loss: 0.6765||G_loss: 1.8791|R121_loss: 0.2254|R212_loss: 0.1561
2024/08/16 13:38:50: model [INFO] Epoch:   3/  6|Batch: 2654/16927||D_loss: 1.4086|D1_loss: 0.7179|D2_loss: 0.6907||G_loss: 1.7482|R121_loss: 0.1958|R212_loss: 0.1072
2024/08/16 13:38:50: model [INFO] Epoch:   3/  6|Batch: 2659/16927||D_loss: 1.3391|D1_loss: 0.6630|D2_loss: 0.6761||G_loss: 1.8796|R121_loss: 0.2125|R212_loss: 0.1545
2024/08/16 13:38:50: model [INFO] Epoch:   3/  6|Batch: 2664/16927||D_loss: 1.4034|D1_loss: 0.6815|D2_loss: 0.7219||G_loss: 1.9689|R121_loss: 0.1773|R212_loss: 0.2804
2024/08/16 13:38:50: model [INFO] Epoch:   3/  6|Batch: 2669/16927||D_loss: 1.2953|D1_loss: 0.6128|D2_loss: 0.6825||G_loss: 1.9919|R121_loss: 0.2073|R212_loss: 0.1951
2024/08/16 13:38:50: model [INFO] Epoch:   3/  6|Batch: 2674/16927||D_loss: 1.4141|D1_loss: 0.7012|D2_loss: 0.7129||G_loss: 1.8197|R121_loss: 0.2434|R212_loss: 0.1213
2024/08/16 13:38:50: model [INFO] Epoch:   3/  6|Batch: 2679/16927||D_loss: 1.3548|D1_loss: 0.6752|D2_loss: 0.6796||G_loss: 1.8885|R121_loss: 0.1845|R212_loss: 0.1488
2024/08/16 13:38:50: model [INFO] Epoch:   3/  6|Batch: 2684/16927||D_loss: 1.4110|D1_loss: 0.7154|D2_loss: 0.6956||G_loss: 1.7951|R121_loss: 0.2056|R212_loss: 0.1142
2024/08/16 13:38:50: model [INFO] Epoch:   3/  6|Batch: 2689/16927||D_loss: 1.3363|D1_loss: 0.6823|D2_loss: 0.6540||G_loss: 2.0008|R121_loss: 0.2274|R212_loss: 0.2032
2024/08/16 13:38:50: model [INFO] Epoch:   3/  6|Batch: 2694/16927||D_loss: 1.3254|D1_loss: 0.6660|D2_loss: 0.6595||G_loss: 1.9865|R121_loss: 0.2556|R212_loss: 0.1502
2024/08/16 13:38:50: model [INFO] Epoch:   3/  6|Batch: 2699/16927||D_loss: 1.3608|D1_loss: 0.6731|D2_loss: 0.6877||G_loss: 1.8974|R121_loss: 0.1742|R212_loss: 0.1689
2024/08/16 13:38:51: model [INFO] Epoch:   3/  6|Batch: 2704/16927||D_loss: 1.3854|D1_loss: 0.6562|D2_loss: 0.7292||G_loss: 1.9973|R121_loss: 0.2012|R212_loss: 0.2618
2024/08/16 13:38:51: model [INFO] Epoch:   3/  6|Batch: 2709/16927||D_loss: 1.3912|D1_loss: 0.6964|D2_loss: 0.6948||G_loss: 1.8768|R121_loss: 0.1771|R212_loss: 0.1532
2024/08/16 13:38:51: model [INFO] Epoch:   3/  6|Batch: 2714/16927||D_loss: 1.3456|D1_loss: 0.6584|D2_loss: 0.6873||G_loss: 1.9354|R121_loss: 0.1998|R212_loss: 0.1892
2024/08/16 13:38:51: model [INFO] Epoch:   3/  6|Batch: 2719/16927||D_loss: 1.3548|D1_loss: 0.6819|D2_loss: 0.6729||G_loss: 1.8236|R121_loss: 0.1651|R212_loss: 0.1148
2024/08/16 13:38:51: model [INFO] Epoch:   3/  6|Batch: 2724/16927||D_loss: 1.3700|D1_loss: 0.6865|D2_loss: 0.6835||G_loss: 1.8028|R121_loss: 0.1679|R212_loss: 0.1456
2024/08/16 13:38:51: model [INFO] Epoch:   3/  6|Batch: 2729/16927||D_loss: 1.3432|D1_loss: 0.6875|D2_loss: 0.6557||G_loss: 1.8804|R121_loss: 0.1913|R212_loss: 0.1130
2024/08/16 13:38:51: model [INFO] Epoch:   3/  6|Batch: 2734/16927||D_loss: 1.4137|D1_loss: 0.6998|D2_loss: 0.7139||G_loss: 1.7364|R121_loss: 0.1828|R212_loss: 0.1169
2024/08/16 13:38:51: model [INFO] Epoch:   3/  6|Batch: 2739/16927||D_loss: 1.4188|D1_loss: 0.6908|D2_loss: 0.7280||G_loss: 1.8657|R121_loss: 0.1413|R212_loss: 0.2581
2024/08/16 13:38:51: model [INFO] Epoch:   3/  6|Batch: 2744/16927||D_loss: 1.3225|D1_loss: 0.6548|D2_loss: 0.6678||G_loss: 1.9575|R121_loss: 0.2161|R212_loss: 0.1835
2024/08/16 13:38:51: model [INFO] Epoch:   3/  6|Batch: 2749/16927||D_loss: 1.3987|D1_loss: 0.6975|D2_loss: 0.7012||G_loss: 1.7551|R121_loss: 0.1772|R212_loss: 0.1229
2024/08/16 13:38:51: model [INFO] Epoch:   3/  6|Batch: 2754/16927||D_loss: 1.3591|D1_loss: 0.6611|D2_loss: 0.6980||G_loss: 1.8966|R121_loss: 0.1591|R212_loss: 0.2544
2024/08/16 13:38:51: model [INFO] Epoch:   3/  6|Batch: 2759/16927||D_loss: 1.3710|D1_loss: 0.6797|D2_loss: 0.6914||G_loss: 1.8138|R121_loss: 0.1557|R212_loss: 0.1967
2024/08/16 13:38:51: model [INFO] Epoch:   3/  6|Batch: 2764/16927||D_loss: 1.3880|D1_loss: 0.6951|D2_loss: 0.6929||G_loss: 1.8786|R121_loss: 0.1914|R212_loss: 0.2194
2024/08/16 13:38:51: model [INFO] Epoch:   3/  6|Batch: 2769/16927||D_loss: 1.3385|D1_loss: 0.6420|D2_loss: 0.6965||G_loss: 1.8750|R121_loss: 0.1919|R212_loss: 0.1497
2024/08/16 13:38:51: model [INFO] Epoch:   3/  6|Batch: 2774/16927||D_loss: 1.3599|D1_loss: 0.6978|D2_loss: 0.6620||G_loss: 1.8871|R121_loss: 0.2064|R212_loss: 0.1740
2024/08/16 13:38:51: model [INFO] Epoch:   3/  6|Batch: 2779/16927||D_loss: 1.4115|D1_loss: 0.7020|D2_loss: 0.7095||G_loss: 1.7651|R121_loss: 0.1783|R212_loss: 0.1121
2024/08/16 13:38:51: model [INFO] Epoch:   3/  6|Batch: 2784/16927||D_loss: 1.3689|D1_loss: 0.6886|D2_loss: 0.6804||G_loss: 1.8507|R121_loss: 0.1597|R212_loss: 0.1614
2024/08/16 13:38:51: model [INFO] Epoch:   3/  6|Batch: 2789/16927||D_loss: 1.3574|D1_loss: 0.6595|D2_loss: 0.6980||G_loss: 1.7992|R121_loss: 0.1775|R212_loss: 0.1438
2024/08/16 13:38:51: model [INFO] Epoch:   3/  6|Batch: 2794/16927||D_loss: 1.4222|D1_loss: 0.6847|D2_loss: 0.7375||G_loss: 1.8767|R121_loss: 0.1512|R212_loss: 0.2661
2024/08/16 13:38:51: model [INFO] Epoch:   3/  6|Batch: 2799/16927||D_loss: 1.3875|D1_loss: 0.6909|D2_loss: 0.6965||G_loss: 1.7504|R121_loss: 0.1402|R212_loss: 0.1413
2024/08/16 13:38:51: model [INFO] Epoch:   3/  6|Batch: 2804/16927||D_loss: 1.3470|D1_loss: 0.6502|D2_loss: 0.6969||G_loss: 1.9030|R121_loss: 0.1889|R212_loss: 0.2299
2024/08/16 13:38:51: model [INFO] Epoch:   3/  6|Batch: 2809/16927||D_loss: 1.3556|D1_loss: 0.6574|D2_loss: 0.6982||G_loss: 1.8334|R121_loss: 0.1745|R212_loss: 0.1582
2024/08/16 13:38:51: model [INFO] Epoch:   3/  6|Batch: 2814/16927||D_loss: 1.3319|D1_loss: 0.6465|D2_loss: 0.6853||G_loss: 1.9343|R121_loss: 0.1867|R212_loss: 0.2302
2024/08/16 13:38:51: model [INFO] Epoch:   3/  6|Batch: 2819/16927||D_loss: 1.4051|D1_loss: 0.6907|D2_loss: 0.7144||G_loss: 1.7754|R121_loss: 0.1800|R212_loss: 0.1367
2024/08/16 13:38:51: model [INFO] Epoch:   3/  6|Batch: 2824/16927||D_loss: 1.3389|D1_loss: 0.6808|D2_loss: 0.6581||G_loss: 1.9569|R121_loss: 0.2396|R212_loss: 0.1393
2024/08/16 13:38:51: model [INFO] Epoch:   3/  6|Batch: 2829/16927||D_loss: 1.3755|D1_loss: 0.6884|D2_loss: 0.6872||G_loss: 1.8344|R121_loss: 0.1839|R212_loss: 0.1201
2024/08/16 13:38:51: model [INFO] Epoch:   3/  6|Batch: 2834/16927||D_loss: 1.3672|D1_loss: 0.6571|D2_loss: 0.7101||G_loss: 1.7530|R121_loss: 0.1747|R212_loss: 0.1158
2024/08/16 13:38:51: model [INFO] Epoch:   3/  6|Batch: 2839/16927||D_loss: 1.4102|D1_loss: 0.7053|D2_loss: 0.7049||G_loss: 1.8043|R121_loss: 0.2219|R212_loss: 0.1107
2024/08/16 13:38:51: model [INFO] Epoch:   3/  6|Batch: 2844/16927||D_loss: 1.3960|D1_loss: 0.6814|D2_loss: 0.7146||G_loss: 1.7488|R121_loss: 0.1757|R212_loss: 0.1102
2024/08/16 13:38:51: model [INFO] Epoch:   3/  6|Batch: 2849/16927||D_loss: 1.3535|D1_loss: 0.6881|D2_loss: 0.6655||G_loss: 1.9940|R121_loss: 0.2403|R212_loss: 0.1547
2024/08/16 13:38:51: model [INFO] Epoch:   3/  6|Batch: 2854/16927||D_loss: 1.3968|D1_loss: 0.7183|D2_loss: 0.6785||G_loss: 1.9932|R121_loss: 0.2205|R212_loss: 0.2091
2024/08/16 13:38:51: model [INFO] Epoch:   3/  6|Batch: 2859/16927||D_loss: 1.3444|D1_loss: 0.6555|D2_loss: 0.6889||G_loss: 1.8781|R121_loss: 0.1925|R212_loss: 0.1680
2024/08/16 13:38:51: model [INFO] Epoch:   3/  6|Batch: 2864/16927||D_loss: 1.3722|D1_loss: 0.6944|D2_loss: 0.6778||G_loss: 1.8446|R121_loss: 0.1604|R212_loss: 0.2131
2024/08/16 13:38:51: model [INFO] Epoch:   3/  6|Batch: 2869/16927||D_loss: 1.3717|D1_loss: 0.6934|D2_loss: 0.6783||G_loss: 1.9742|R121_loss: 0.3351|R212_loss: 0.1489
2024/08/16 13:38:51: model [INFO] Epoch:   3/  6|Batch: 2874/16927||D_loss: 1.3898|D1_loss: 0.7039|D2_loss: 0.6859||G_loss: 2.0137|R121_loss: 0.2247|R212_loss: 0.2492
2024/08/16 13:38:51: model [INFO] Epoch:   3/  6|Batch: 2879/16927||D_loss: 1.3435|D1_loss: 0.6645|D2_loss: 0.6790||G_loss: 1.8797|R121_loss: 0.1878|R212_loss: 0.1503
2024/08/16 13:38:52: model [INFO] Epoch:   3/  6|Batch: 2884/16927||D_loss: 1.4047|D1_loss: 0.6981|D2_loss: 0.7066||G_loss: 1.8389|R121_loss: 0.1780|R212_loss: 0.1135
2024/08/16 13:38:52: model [INFO] Epoch:   3/  6|Batch: 2889/16927||D_loss: 1.3396|D1_loss: 0.6604|D2_loss: 0.6791||G_loss: 2.1256|R121_loss: 0.2517|R212_loss: 0.2673
2024/08/16 13:38:52: model [INFO] Epoch:   3/  6|Batch: 2894/16927||D_loss: 1.2784|D1_loss: 0.6521|D2_loss: 0.6263||G_loss: 2.0216|R121_loss: 0.1980|R212_loss: 0.1497
2024/08/16 13:38:52: model [INFO] Epoch:   3/  6|Batch: 2899/16927||D_loss: 1.3908|D1_loss: 0.6766|D2_loss: 0.7142||G_loss: 1.8410|R121_loss: 0.2026|R212_loss: 0.1223
2024/08/16 13:38:52: model [INFO] Epoch:   3/  6|Batch: 2904/16927||D_loss: 1.3676|D1_loss: 0.6934|D2_loss: 0.6742||G_loss: 1.8481|R121_loss: 0.1911|R212_loss: 0.1352
2024/08/16 13:38:52: model [INFO] Epoch:   3/  6|Batch: 2909/16927||D_loss: 1.3453|D1_loss: 0.7008|D2_loss: 0.6445||G_loss: 1.9789|R121_loss: 0.1987|R212_loss: 0.1531
2024/08/16 13:38:52: model [INFO] Epoch:   3/  6|Batch: 2914/16927||D_loss: 1.3628|D1_loss: 0.6903|D2_loss: 0.6725||G_loss: 1.9523|R121_loss: 0.2455|R212_loss: 0.1338
2024/08/16 13:38:52: model [INFO] Epoch:   3/  6|Batch: 2919/16927||D_loss: 1.3294|D1_loss: 0.6763|D2_loss: 0.6531||G_loss: 1.9474|R121_loss: 0.1637|R212_loss: 0.2109
2024/08/16 13:38:52: model [INFO] Epoch:   3/  6|Batch: 2924/16927||D_loss: 1.3350|D1_loss: 0.6634|D2_loss: 0.6716||G_loss: 1.9430|R121_loss: 0.1878|R212_loss: 0.2056
2024/08/16 13:38:52: model [INFO] Epoch:   3/  6|Batch: 2929/16927||D_loss: 1.4069|D1_loss: 0.6733|D2_loss: 0.7336||G_loss: 1.9920|R121_loss: 0.1666|R212_loss: 0.3204
2024/08/16 13:38:52: model [INFO] Epoch:   3/  6|Batch: 2934/16927||D_loss: 1.4380|D1_loss: 0.7102|D2_loss: 0.7278||G_loss: 1.7504|R121_loss: 0.1695|R212_loss: 0.1225
2024/08/16 13:38:52: model [INFO] Epoch:   3/  6|Batch: 2939/16927||D_loss: 1.3496|D1_loss: 0.6871|D2_loss: 0.6626||G_loss: 1.9310|R121_loss: 0.1642|R212_loss: 0.2084
2024/08/16 13:38:52: model [INFO] Epoch:   3/  6|Batch: 2944/16927||D_loss: 1.3249|D1_loss: 0.6463|D2_loss: 0.6786||G_loss: 1.8668|R121_loss: 0.1867|R212_loss: 0.1541
2024/08/16 13:38:52: model [INFO] Epoch:   3/  6|Batch: 2949/16927||D_loss: 1.3542|D1_loss: 0.7075|D2_loss: 0.6467||G_loss: 1.9322|R121_loss: 0.2105|R212_loss: 0.1436
2024/08/16 13:38:52: model [INFO] Epoch:   3/  6|Batch: 2954/16927||D_loss: 1.3881|D1_loss: 0.7013|D2_loss: 0.6867||G_loss: 1.8052|R121_loss: 0.1506|R212_loss: 0.1664
2024/08/16 13:38:52: model [INFO] Epoch:   3/  6|Batch: 2959/16927||D_loss: 1.3886|D1_loss: 0.6961|D2_loss: 0.6925||G_loss: 1.8344|R121_loss: 0.2108|R212_loss: 0.1175
2024/08/16 13:38:52: model [INFO] Epoch:   3/  6|Batch: 2964/16927||D_loss: 1.3365|D1_loss: 0.6948|D2_loss: 0.6417||G_loss: 1.8807|R121_loss: 0.1615|R212_loss: 0.1374
2024/08/16 13:38:52: model [INFO] Epoch:   3/  6|Batch: 2969/16927||D_loss: 1.3869|D1_loss: 0.6778|D2_loss: 0.7092||G_loss: 1.8563|R121_loss: 0.1716|R212_loss: 0.2126
2024/08/16 13:38:52: model [INFO] Epoch:   3/  6|Batch: 2974/16927||D_loss: 1.4404|D1_loss: 0.6854|D2_loss: 0.7550||G_loss: 1.9167|R121_loss: 0.1660|R212_loss: 0.2676
2024/08/16 13:38:52: model [INFO] Epoch:   3/  6|Batch: 2979/16927||D_loss: 1.3081|D1_loss: 0.6860|D2_loss: 0.6221||G_loss: 1.9570|R121_loss: 0.1796|R212_loss: 0.1272
2024/08/16 13:38:52: model [INFO] Epoch:   3/  6|Batch: 2984/16927||D_loss: 1.3455|D1_loss: 0.6630|D2_loss: 0.6824||G_loss: 1.8134|R121_loss: 0.2039|R212_loss: 0.1361
2024/08/16 13:38:52: model [INFO] Epoch:   3/  6|Batch: 2989/16927||D_loss: 1.3788|D1_loss: 0.7003|D2_loss: 0.6785||G_loss: 1.7987|R121_loss: 0.1662|R212_loss: 0.1214
2024/08/16 13:38:52: model [INFO] Epoch:   3/  6|Batch: 2994/16927||D_loss: 1.4016|D1_loss: 0.6853|D2_loss: 0.7163||G_loss: 1.6907|R121_loss: 0.1531|R212_loss: 0.1262
2024/08/16 13:38:52: model [INFO] Epoch:   3/  6|Batch: 2999/16927||D_loss: 1.3783|D1_loss: 0.6794|D2_loss: 0.6989||G_loss: 1.7377|R121_loss: 0.1752|R212_loss: 0.1216
2024/08/16 13:38:52: model [INFO] Epoch:   3/  6|Batch: 3004/16927||D_loss: 1.3326|D1_loss: 0.6846|D2_loss: 0.6481||G_loss: 1.9705|R121_loss: 0.1685|R212_loss: 0.2019
2024/08/16 13:38:52: model [INFO] Epoch:   3/  6|Batch: 3009/16927||D_loss: 1.4078|D1_loss: 0.6972|D2_loss: 0.7106||G_loss: 1.8243|R121_loss: 0.2513|R212_loss: 0.1412
2024/08/16 13:38:52: model [INFO] Epoch:   3/  6|Batch: 3014/16927||D_loss: 1.3479|D1_loss: 0.6819|D2_loss: 0.6659||G_loss: 1.8878|R121_loss: 0.2177|R212_loss: 0.1304
2024/08/16 13:38:52: model [INFO] Epoch:   3/  6|Batch: 3019/16927||D_loss: 1.3999|D1_loss: 0.7036|D2_loss: 0.6962||G_loss: 1.7801|R121_loss: 0.1757|R212_loss: 0.1386
2024/08/16 13:38:52: model [INFO] Epoch:   3/  6|Batch: 3024/16927||D_loss: 1.3857|D1_loss: 0.6976|D2_loss: 0.6881||G_loss: 1.8396|R121_loss: 0.2322|R212_loss: 0.1279
2024/08/16 13:38:52: model [INFO] Epoch:   3/  6|Batch: 3029/16927||D_loss: 1.3858|D1_loss: 0.6916|D2_loss: 0.6942||G_loss: 1.8759|R121_loss: 0.2150|R212_loss: 0.1642
2024/08/16 13:38:52: model [INFO] Epoch:   3/  6|Batch: 3034/16927||D_loss: 1.3532|D1_loss: 0.6880|D2_loss: 0.6651||G_loss: 1.9216|R121_loss: 0.1769|R212_loss: 0.2015
2024/08/16 13:38:52: model [INFO] Epoch:   3/  6|Batch: 3039/16927||D_loss: 1.4009|D1_loss: 0.6871|D2_loss: 0.7138||G_loss: 1.7417|R121_loss: 0.1636|R212_loss: 0.1243
2024/08/16 13:38:52: model [INFO] Epoch:   3/  6|Batch: 3044/16927||D_loss: 1.3773|D1_loss: 0.6850|D2_loss: 0.6923||G_loss: 1.8174|R121_loss: 0.1656|R212_loss: 0.1843
2024/08/16 13:38:52: model [INFO] Epoch:   3/  6|Batch: 3049/16927||D_loss: 1.3779|D1_loss: 0.6832|D2_loss: 0.6947||G_loss: 1.8952|R121_loss: 0.2034|R212_loss: 0.1506
2024/08/16 13:38:52: model [INFO] Epoch:   3/  6|Batch: 3054/16927||D_loss: 1.3775|D1_loss: 0.7070|D2_loss: 0.6705||G_loss: 1.8553|R121_loss: 0.1876|R212_loss: 0.1140
2024/08/16 13:38:52: model [INFO] Epoch:   3/  6|Batch: 3059/16927||D_loss: 1.3296|D1_loss: 0.6837|D2_loss: 0.6458||G_loss: 1.9341|R121_loss: 0.1965|R212_loss: 0.1172
2024/08/16 13:38:52: model [INFO] Epoch:   3/  6|Batch: 3064/16927||D_loss: 1.3575|D1_loss: 0.6825|D2_loss: 0.6750||G_loss: 1.8717|R121_loss: 0.2353|R212_loss: 0.1113
2024/08/16 13:38:53: model [INFO] Epoch:   3/  6|Batch: 3069/16927||D_loss: 1.3870|D1_loss: 0.6834|D2_loss: 0.7036||G_loss: 1.7628|R121_loss: 0.1534|R212_loss: 0.1335
2024/08/16 13:38:53: model [INFO] Epoch:   3/  6|Batch: 3074/16927||D_loss: 1.3739|D1_loss: 0.6662|D2_loss: 0.7077||G_loss: 1.7555|R121_loss: 0.1787|R212_loss: 0.1170
2024/08/16 13:38:53: model [INFO] Epoch:   3/  6|Batch: 3079/16927||D_loss: 1.4017|D1_loss: 0.6985|D2_loss: 0.7032||G_loss: 1.7730|R121_loss: 0.1744|R212_loss: 0.1256
2024/08/16 13:38:53: model [INFO] Epoch:   3/  6|Batch: 3084/16927||D_loss: 1.3209|D1_loss: 0.6786|D2_loss: 0.6423||G_loss: 2.0916|R121_loss: 0.2638|R212_loss: 0.1496
2024/08/16 13:38:53: model [INFO] Epoch:   3/  6|Batch: 3089/16927||D_loss: 1.3831|D1_loss: 0.6874|D2_loss: 0.6957||G_loss: 1.7885|R121_loss: 0.1688|R212_loss: 0.1214
2024/08/16 13:38:53: model [INFO] Epoch:   3/  6|Batch: 3094/16927||D_loss: 1.3475|D1_loss: 0.6503|D2_loss: 0.6972||G_loss: 1.8483|R121_loss: 0.2194|R212_loss: 0.1438
2024/08/16 13:38:53: model [INFO] Epoch:   3/  6|Batch: 3099/16927||D_loss: 1.3235|D1_loss: 0.6210|D2_loss: 0.7025||G_loss: 1.8259|R121_loss: 0.2350|R212_loss: 0.1243
2024/08/16 13:38:53: model [INFO] Epoch:   3/  6|Batch: 3104/16927||D_loss: 1.2425|D1_loss: 0.6023|D2_loss: 0.6401||G_loss: 2.0224|R121_loss: 0.2437|R212_loss: 0.1236
2024/08/16 13:38:53: model [INFO] Epoch:   3/  6|Batch: 3109/16927||D_loss: 1.3440|D1_loss: 0.6941|D2_loss: 0.6499||G_loss: 1.9376|R121_loss: 0.1911|R212_loss: 0.1251
2024/08/16 13:38:53: model [INFO] Epoch:   3/  6|Batch: 3114/16927||D_loss: 1.3558|D1_loss: 0.6941|D2_loss: 0.6617||G_loss: 1.8558|R121_loss: 0.1454|R212_loss: 0.1174
2024/08/16 13:38:53: model [INFO] Epoch:   3/  6|Batch: 3119/16927||D_loss: 1.3835|D1_loss: 0.6765|D2_loss: 0.7070||G_loss: 1.8765|R121_loss: 0.1885|R212_loss: 0.1385
2024/08/16 13:38:53: model [INFO] Epoch:   3/  6|Batch: 3124/16927||D_loss: 1.3399|D1_loss: 0.6900|D2_loss: 0.6498||G_loss: 2.0254|R121_loss: 0.2809|R212_loss: 0.1241
2024/08/16 13:38:53: model [INFO] Epoch:   3/  6|Batch: 3129/16927||D_loss: 1.3903|D1_loss: 0.6916|D2_loss: 0.6988||G_loss: 1.7812|R121_loss: 0.1758|R212_loss: 0.1317
2024/08/16 13:38:53: model [INFO] Epoch:   3/  6|Batch: 3134/16927||D_loss: 1.3716|D1_loss: 0.6668|D2_loss: 0.7048||G_loss: 1.8950|R121_loss: 0.1676|R212_loss: 0.2550
2024/08/16 13:38:53: model [INFO] Epoch:   3/  6|Batch: 3139/16927||D_loss: 1.3937|D1_loss: 0.6897|D2_loss: 0.7040||G_loss: 1.8039|R121_loss: 0.1886|R212_loss: 0.1372
2024/08/16 13:38:53: model [INFO] Epoch:   3/  6|Batch: 3144/16927||D_loss: 1.3943|D1_loss: 0.6818|D2_loss: 0.7125||G_loss: 1.7855|R121_loss: 0.1624|R212_loss: 0.1249
2024/08/16 13:38:53: model [INFO] Epoch:   3/  6|Batch: 3149/16927||D_loss: 1.3557|D1_loss: 0.6526|D2_loss: 0.7031||G_loss: 1.8212|R121_loss: 0.1944|R212_loss: 0.1374
2024/08/16 13:38:53: model [INFO] Epoch:   3/  6|Batch: 3154/16927||D_loss: 1.4140|D1_loss: 0.7087|D2_loss: 0.7052||G_loss: 1.7654|R121_loss: 0.1765|R212_loss: 0.1179
2024/08/16 13:38:53: model [INFO] Epoch:   3/  6|Batch: 3159/16927||D_loss: 1.3749|D1_loss: 0.6836|D2_loss: 0.6914||G_loss: 1.8224|R121_loss: 0.2018|R212_loss: 0.1229
2024/08/16 13:38:53: model [INFO] Epoch:   3/  6|Batch: 3164/16927||D_loss: 1.3380|D1_loss: 0.6844|D2_loss: 0.6535||G_loss: 1.9272|R121_loss: 0.1879|R212_loss: 0.1373
2024/08/16 13:38:53: model [INFO] Epoch:   3/  6|Batch: 3169/16927||D_loss: 1.3516|D1_loss: 0.6713|D2_loss: 0.6803||G_loss: 1.9285|R121_loss: 0.1790|R212_loss: 0.1662
2024/08/16 13:38:53: model [INFO] Epoch:   3/  6|Batch: 3174/16927||D_loss: 1.3824|D1_loss: 0.7029|D2_loss: 0.6796||G_loss: 1.8602|R121_loss: 0.2097|R212_loss: 0.1296
2024/08/16 13:38:53: model [INFO] Epoch:   3/  6|Batch: 3179/16927||D_loss: 1.3421|D1_loss: 0.6480|D2_loss: 0.6941||G_loss: 1.8816|R121_loss: 0.2197|R212_loss: 0.1730
2024/08/16 13:38:53: model [INFO] Epoch:   3/  6|Batch: 3184/16927||D_loss: 1.3072|D1_loss: 0.6699|D2_loss: 0.6373||G_loss: 2.0299|R121_loss: 0.1987|R212_loss: 0.1509
2024/08/16 13:38:53: model [INFO] Epoch:   3/  6|Batch: 3189/16927||D_loss: 1.3527|D1_loss: 0.6533|D2_loss: 0.6994||G_loss: 1.9079|R121_loss: 0.1806|R212_loss: 0.2385
2024/08/16 13:38:53: model [INFO] Epoch:   3/  6|Batch: 3194/16927||D_loss: 1.3074|D1_loss: 0.6699|D2_loss: 0.6375||G_loss: 2.0659|R121_loss: 0.2698|R212_loss: 0.1482
2024/08/16 13:38:53: model [INFO] Epoch:   3/  6|Batch: 3199/16927||D_loss: 1.3467|D1_loss: 0.6355|D2_loss: 0.7112||G_loss: 1.8041|R121_loss: 0.1772|R212_loss: 0.1509
2024/08/16 13:38:53: model [INFO] Epoch:   3/  6|Batch: 3204/16927||D_loss: 1.4122|D1_loss: 0.7076|D2_loss: 0.7046||G_loss: 1.7941|R121_loss: 0.1722|R212_loss: 0.1297
2024/08/16 13:38:53: model [INFO] Epoch:   3/  6|Batch: 3209/16927||D_loss: 1.3428|D1_loss: 0.6706|D2_loss: 0.6723||G_loss: 2.0380|R121_loss: 0.1926|R212_loss: 0.2518
2024/08/16 13:38:53: model [INFO] Epoch:   3/  6|Batch: 3214/16927||D_loss: 1.3276|D1_loss: 0.6371|D2_loss: 0.6904||G_loss: 1.8435|R121_loss: 0.1708|R212_loss: 0.1400
2024/08/16 13:38:53: model [INFO] Epoch:   3/  6|Batch: 3219/16927||D_loss: 1.2953|D1_loss: 0.6004|D2_loss: 0.6949||G_loss: 1.8963|R121_loss: 0.1968|R212_loss: 0.1374
2024/08/16 13:38:53: model [INFO] Epoch:   3/  6|Batch: 3224/16927||D_loss: 1.3875|D1_loss: 0.6945|D2_loss: 0.6929||G_loss: 1.8445|R121_loss: 0.1909|R212_loss: 0.1136
2024/08/16 13:38:53: model [INFO] Epoch:   3/  6|Batch: 3229/16927||D_loss: 1.3279|D1_loss: 0.6336|D2_loss: 0.6943||G_loss: 1.8233|R121_loss: 0.1908|R212_loss: 0.1193
2024/08/16 13:38:53: model [INFO] Epoch:   3/  6|Batch: 3234/16927||D_loss: 1.3573|D1_loss: 0.6826|D2_loss: 0.6747||G_loss: 1.9443|R121_loss: 0.1944|R212_loss: 0.1350
2024/08/16 13:38:53: model [INFO] Epoch:   3/  6|Batch: 3239/16927||D_loss: 1.3424|D1_loss: 0.6462|D2_loss: 0.6962||G_loss: 1.8403|R121_loss: 0.1546|R212_loss: 0.1344
2024/08/16 13:38:53: model [INFO] Epoch:   3/  6|Batch: 3244/16927||D_loss: 1.3708|D1_loss: 0.6993|D2_loss: 0.6715||G_loss: 1.9850|R121_loss: 0.1724|R212_loss: 0.2736
2024/08/16 13:38:53: model [INFO] Epoch:   3/  6|Batch: 3249/16927||D_loss: 1.3473|D1_loss: 0.6871|D2_loss: 0.6601||G_loss: 1.9620|R121_loss: 0.1655|R212_loss: 0.2558
2024/08/16 13:38:54: model [INFO] Epoch:   3/  6|Batch: 3254/16927||D_loss: 1.3879|D1_loss: 0.7041|D2_loss: 0.6838||G_loss: 2.0079|R121_loss: 0.1899|R212_loss: 0.2487
2024/08/16 13:38:54: model [INFO] Epoch:   3/  6|Batch: 3259/16927||D_loss: 1.3822|D1_loss: 0.6788|D2_loss: 0.7035||G_loss: 2.0188|R121_loss: 0.1727|R212_loss: 0.2673
2024/08/16 13:38:54: model [INFO] Epoch:   3/  6|Batch: 3264/16927||D_loss: 1.3919|D1_loss: 0.6788|D2_loss: 0.7131||G_loss: 2.0409|R121_loss: 0.2024|R212_loss: 0.2693
2024/08/16 13:38:54: model [INFO] Epoch:   3/  6|Batch: 3269/16927||D_loss: 1.3853|D1_loss: 0.6779|D2_loss: 0.7074||G_loss: 1.9325|R121_loss: 0.2391|R212_loss: 0.1353
2024/08/16 13:38:54: model [INFO] Epoch:   3/  6|Batch: 3274/16927||D_loss: 1.3281|D1_loss: 0.6787|D2_loss: 0.6495||G_loss: 2.0611|R121_loss: 0.1846|R212_loss: 0.2967
2024/08/16 13:38:54: model [INFO] Epoch:   3/  6|Batch: 3279/16927||D_loss: 1.3565|D1_loss: 0.6485|D2_loss: 0.7080||G_loss: 1.7950|R121_loss: 0.1470|R212_loss: 0.1316
2024/08/16 13:38:54: model [INFO] Epoch:   3/  6|Batch: 3284/16927||D_loss: 1.3431|D1_loss: 0.6587|D2_loss: 0.6844||G_loss: 2.0083|R121_loss: 0.1704|R212_loss: 0.1626
2024/08/16 13:38:54: model [INFO] Epoch:   3/  6|Batch: 3289/16927||D_loss: 1.3368|D1_loss: 0.6308|D2_loss: 0.7060||G_loss: 1.8867|R121_loss: 0.1838|R212_loss: 0.1515
2024/08/16 13:38:54: model [INFO] Epoch:   3/  6|Batch: 3294/16927||D_loss: 1.3419|D1_loss: 0.6367|D2_loss: 0.7051||G_loss: 1.8223|R121_loss: 0.1585|R212_loss: 0.1325
2024/08/16 13:38:54: model [INFO] Epoch:   3/  6|Batch: 3299/16927||D_loss: 1.3672|D1_loss: 0.6781|D2_loss: 0.6892||G_loss: 1.8988|R121_loss: 0.1835|R212_loss: 0.1380
2024/08/16 13:38:54: model [INFO] Epoch:   3/  6|Batch: 3304/16927||D_loss: 1.3722|D1_loss: 0.6769|D2_loss: 0.6953||G_loss: 1.8290|R121_loss: 0.1625|R212_loss: 0.1385
2024/08/16 13:38:54: model [INFO] Epoch:   3/  6|Batch: 3309/16927||D_loss: 1.3309|D1_loss: 0.6293|D2_loss: 0.7016||G_loss: 1.8000|R121_loss: 0.1713|R212_loss: 0.1291
2024/08/16 13:38:54: model [INFO] Epoch:   3/  6|Batch: 3314/16927||D_loss: 1.3260|D1_loss: 0.6701|D2_loss: 0.6559||G_loss: 2.0833|R121_loss: 0.1749|R212_loss: 0.2495
2024/08/16 13:38:54: model [INFO] Epoch:   3/  6|Batch: 3319/16927||D_loss: 1.3479|D1_loss: 0.6925|D2_loss: 0.6554||G_loss: 1.9295|R121_loss: 0.2012|R212_loss: 0.1939
2024/08/16 13:38:54: model [INFO] Epoch:   3/  6|Batch: 3324/16927||D_loss: 1.3353|D1_loss: 0.6631|D2_loss: 0.6722||G_loss: 1.9349|R121_loss: 0.2021|R212_loss: 0.1380
2024/08/16 13:38:54: model [INFO] Epoch:   3/  6|Batch: 3329/16927||D_loss: 1.3464|D1_loss: 0.6745|D2_loss: 0.6718||G_loss: 1.8296|R121_loss: 0.1595|R212_loss: 0.1420
2024/08/16 13:38:54: model [INFO] Epoch:   3/  6|Batch: 3334/16927||D_loss: 1.3269|D1_loss: 0.6523|D2_loss: 0.6746||G_loss: 1.9413|R121_loss: 0.1955|R212_loss: 0.1628
2024/08/16 13:38:54: model [INFO] Epoch:   3/  6|Batch: 3339/16927||D_loss: 1.3413|D1_loss: 0.6693|D2_loss: 0.6719||G_loss: 1.9130|R121_loss: 0.1910|R212_loss: 0.1499
2024/08/16 13:38:54: model [INFO] Epoch:   3/  6|Batch: 3344/16927||D_loss: 1.2935|D1_loss: 0.6240|D2_loss: 0.6694||G_loss: 1.8603|R121_loss: 0.1822|R212_loss: 0.1421
2024/08/16 13:38:54: model [INFO] Epoch:   3/  6|Batch: 3349/16927||D_loss: 1.3251|D1_loss: 0.6599|D2_loss: 0.6652||G_loss: 2.0009|R121_loss: 0.2122|R212_loss: 0.1499
2024/08/16 13:38:54: model [INFO] Epoch:   3/  6|Batch: 3354/16927||D_loss: 1.3242|D1_loss: 0.6606|D2_loss: 0.6636||G_loss: 1.8374|R121_loss: 0.1503|R212_loss: 0.1727
2024/08/16 13:38:54: model [INFO] Epoch:   3/  6|Batch: 3359/16927||D_loss: 1.4570|D1_loss: 0.7131|D2_loss: 0.7439||G_loss: 1.8056|R121_loss: 0.1836|R212_loss: 0.1296
2024/08/16 13:38:54: model [INFO] Epoch:   3/  6|Batch: 3364/16927||D_loss: 1.4173|D1_loss: 0.7071|D2_loss: 0.7103||G_loss: 1.9237|R121_loss: 0.2138|R212_loss: 0.1372
2024/08/16 13:38:54: model [INFO] Epoch:   3/  6|Batch: 3369/16927||D_loss: 1.2826|D1_loss: 0.6320|D2_loss: 0.6506||G_loss: 1.8659|R121_loss: 0.1849|R212_loss: 0.1862
2024/08/16 13:38:54: model [INFO] Epoch:   3/  6|Batch: 3374/16927||D_loss: 1.4019|D1_loss: 0.7122|D2_loss: 0.6897||G_loss: 1.9048|R121_loss: 0.2712|R212_loss: 0.1242
2024/08/16 13:38:54: model [INFO] Epoch:   3/  6|Batch: 3379/16927||D_loss: 1.4336|D1_loss: 0.6822|D2_loss: 0.7514||G_loss: 2.0405|R121_loss: 0.1971|R212_loss: 0.2686
2024/08/16 13:38:54: model [INFO] Epoch:   3/  6|Batch: 3384/16927||D_loss: 1.3109|D1_loss: 0.6249|D2_loss: 0.6861||G_loss: 1.9668|R121_loss: 0.1829|R212_loss: 0.2615
2024/08/16 13:38:54: model [INFO] Epoch:   3/  6|Batch: 3389/16927||D_loss: 1.4163|D1_loss: 0.7270|D2_loss: 0.6893||G_loss: 1.7736|R121_loss: 0.1873|R212_loss: 0.1293
2024/08/16 13:38:54: model [INFO] Epoch:   3/  6|Batch: 3394/16927||D_loss: 1.3852|D1_loss: 0.7049|D2_loss: 0.6803||G_loss: 1.7992|R121_loss: 0.1874|R212_loss: 0.1157
2024/08/16 13:38:54: model [INFO] Epoch:   4/  6|Batch:  4/16927||D_loss: 1.4152|D1_loss: 0.7226|D2_loss: 0.6926||G_loss: 1.7446|R121_loss: 0.1893|R212_loss: 0.1171
2024/08/16 13:38:54: model [INFO] Epoch:   4/  6|Batch:  9/16927||D_loss: 1.3504|D1_loss: 0.6717|D2_loss: 0.6787||G_loss: 1.9517|R121_loss: 0.2295|R212_loss: 0.1474
2024/08/16 13:38:54: model [INFO] Epoch:   4/  6|Batch: 14/16927||D_loss: 1.4080|D1_loss: 0.6807|D2_loss: 0.7273||G_loss: 1.9718|R121_loss: 0.1775|R212_loss: 0.2946
2024/08/16 13:38:54: model [INFO] Epoch:   4/  6|Batch: 19/16927||D_loss: 1.3551|D1_loss: 0.6547|D2_loss: 0.7004||G_loss: 1.9110|R121_loss: 0.1892|R212_loss: 0.1625
2024/08/16 13:38:54: model [INFO] Epoch:   4/  6|Batch: 24/16927||D_loss: 1.3629|D1_loss: 0.6839|D2_loss: 0.6790||G_loss: 2.1164|R121_loss: 0.2419|R212_loss: 0.2958
2024/08/16 13:38:54: model [INFO] Epoch:   4/  6|Batch: 29/16927||D_loss: 1.4530|D1_loss: 0.7487|D2_loss: 0.7043||G_loss: 1.6980|R121_loss: 0.1881|R212_loss: 0.1252
2024/08/16 13:38:54: model [INFO] Epoch:   4/  6|Batch: 34/16927||D_loss: 1.3354|D1_loss: 0.6859|D2_loss: 0.6495||G_loss: 1.9105|R121_loss: 0.1889|R212_loss: 0.1397
2024/08/16 13:38:55: model [INFO] Epoch:   4/  6|Batch: 39/16927||D_loss: 1.4100|D1_loss: 0.7028|D2_loss: 0.7072||G_loss: 1.6935|R121_loss: 0.1713|R212_loss: 0.1359
2024/08/16 13:38:55: model [INFO] Epoch:   4/  6|Batch: 44/16927||D_loss: 1.3564|D1_loss: 0.6818|D2_loss: 0.6746||G_loss: 1.8781|R121_loss: 0.2014|R212_loss: 0.1426
2024/08/16 13:38:55: model [INFO] Epoch:   4/  6|Batch: 49/16927||D_loss: 1.4299|D1_loss: 0.7326|D2_loss: 0.6973||G_loss: 1.7009|R121_loss: 0.1845|R212_loss: 0.1262
2024/08/16 13:38:55: model [INFO] Epoch:   4/  6|Batch: 54/16927||D_loss: 1.3686|D1_loss: 0.6645|D2_loss: 0.7041||G_loss: 1.6571|R121_loss: 0.1601|R212_loss: 0.1243
2024/08/16 13:38:55: model [INFO] Epoch:   4/  6|Batch: 59/16927||D_loss: 1.3887|D1_loss: 0.6922|D2_loss: 0.6965||G_loss: 1.7018|R121_loss: 0.1804|R212_loss: 0.1233
2024/08/16 13:38:55: model [INFO] Epoch:   4/  6|Batch: 64/16927||D_loss: 1.3374|D1_loss: 0.7060|D2_loss: 0.6314||G_loss: 1.9442|R121_loss: 0.1762|R212_loss: 0.2350
2024/08/16 13:38:55: model [INFO] Epoch:   4/  6|Batch: 69/16927||D_loss: 1.3592|D1_loss: 0.6679|D2_loss: 0.6913||G_loss: 2.0392|R121_loss: 0.2211|R212_loss: 0.2353
2024/08/16 13:38:55: model [INFO] Epoch:   4/  6|Batch: 74/16927||D_loss: 1.3182|D1_loss: 0.6474|D2_loss: 0.6708||G_loss: 2.0213|R121_loss: 0.2096|R212_loss: 0.1430
2024/08/16 13:38:55: model [INFO] Epoch:   4/  6|Batch: 79/16927||D_loss: 1.3964|D1_loss: 0.6965|D2_loss: 0.6999||G_loss: 1.8303|R121_loss: 0.1907|R212_loss: 0.1291
2024/08/16 13:38:55: model [INFO] Epoch:   4/  6|Batch: 84/16927||D_loss: 1.3078|D1_loss: 0.6178|D2_loss: 0.6900||G_loss: 1.8997|R121_loss: 0.2151|R212_loss: 0.1404
2024/08/16 13:38:55: model [INFO] Epoch:   4/  6|Batch: 89/16927||D_loss: 1.3083|D1_loss: 0.6835|D2_loss: 0.6248||G_loss: 2.0622|R121_loss: 0.2635|R212_loss: 0.1370
2024/08/16 13:38:55: model [INFO] Epoch:   4/  6|Batch: 94/16927||D_loss: 1.3649|D1_loss: 0.6534|D2_loss: 0.7116||G_loss: 2.0277|R121_loss: 0.1807|R212_loss: 0.2687
2024/08/16 13:38:55: model [INFO] Epoch:   4/  6|Batch: 99/16927||D_loss: 1.4279|D1_loss: 0.7198|D2_loss: 0.7081||G_loss: 1.7098|R121_loss: 0.1770|R212_loss: 0.1276
2024/08/16 13:38:55: model [INFO] Epoch:   4/  6|Batch: 104/16927||D_loss: 1.3501|D1_loss: 0.6793|D2_loss: 0.6708||G_loss: 1.8826|R121_loss: 0.1779|R212_loss: 0.1336
2024/08/16 13:38:55: model [INFO] Epoch:   4/  6|Batch: 109/16927||D_loss: 1.3669|D1_loss: 0.6923|D2_loss: 0.6747||G_loss: 1.9919|R121_loss: 0.2200|R212_loss: 0.2441
2024/08/16 13:38:55: model [INFO] Epoch:   4/  6|Batch: 114/16927||D_loss: 1.3389|D1_loss: 0.6577|D2_loss: 0.6812||G_loss: 1.9124|R121_loss: 0.1754|R212_loss: 0.1524
2024/08/16 13:38:55: model [INFO] Epoch:   4/  6|Batch: 119/16927||D_loss: 1.4086|D1_loss: 0.7319|D2_loss: 0.6768||G_loss: 1.7966|R121_loss: 0.1952|R212_loss: 0.1847
2024/08/16 13:38:55: model [INFO] Epoch:   4/  6|Batch: 124/16927||D_loss: 1.3528|D1_loss: 0.6778|D2_loss: 0.6750||G_loss: 2.0059|R121_loss: 0.2177|R212_loss: 0.2731
2024/08/16 13:38:55: model [INFO] Epoch:   4/  6|Batch: 129/16927||D_loss: 1.3758|D1_loss: 0.6887|D2_loss: 0.6870||G_loss: 1.8062|R121_loss: 0.1567|R212_loss: 0.1759
2024/08/16 13:38:55: model [INFO] Epoch:   4/  6|Batch: 134/16927||D_loss: 1.3814|D1_loss: 0.7220|D2_loss: 0.6595||G_loss: 1.8147|R121_loss: 0.2290|R212_loss: 0.1150
2024/08/16 13:38:55: model [INFO] Epoch:   4/  6|Batch: 139/16927||D_loss: 1.3611|D1_loss: 0.6544|D2_loss: 0.7068||G_loss: 1.9043|R121_loss: 0.1730|R212_loss: 0.1794
2024/08/16 13:38:55: model [INFO] Epoch:   4/  6|Batch: 144/16927||D_loss: 1.3773|D1_loss: 0.6786|D2_loss: 0.6987||G_loss: 1.8476|R121_loss: 0.1681|R212_loss: 0.1685
2024/08/16 13:38:55: model [INFO] Epoch:   4/  6|Batch: 149/16927||D_loss: 1.3587|D1_loss: 0.6867|D2_loss: 0.6720||G_loss: 1.8995|R121_loss: 0.1979|R212_loss: 0.1452
2024/08/16 13:38:55: model [INFO] Epoch:   4/  6|Batch: 154/16927||D_loss: 1.3457|D1_loss: 0.6718|D2_loss: 0.6739||G_loss: 1.8197|R121_loss: 0.1864|R212_loss: 0.1691
2024/08/16 13:38:55: model [INFO] Epoch:   4/  6|Batch: 159/16927||D_loss: 1.3062|D1_loss: 0.7010|D2_loss: 0.6052||G_loss: 1.9957|R121_loss: 0.2151|R212_loss: 0.2378
2024/08/16 13:38:55: model [INFO] Epoch:   4/  6|Batch: 164/16927||D_loss: 1.3736|D1_loss: 0.6696|D2_loss: 0.7040||G_loss: 1.8177|R121_loss: 0.2032|R212_loss: 0.1358
2024/08/16 13:38:55: model [INFO] Epoch:   4/  6|Batch: 169/16927||D_loss: 1.4184|D1_loss: 0.7362|D2_loss: 0.6821||G_loss: 1.7064|R121_loss: 0.1790|R212_loss: 0.1155
2024/08/16 13:38:55: model [INFO] Epoch:   4/  6|Batch: 174/16927||D_loss: 1.3602|D1_loss: 0.7099|D2_loss: 0.6503||G_loss: 1.8255|R121_loss: 0.1978|R212_loss: 0.1289
2024/08/16 13:38:55: model [INFO] Epoch:   4/  6|Batch: 179/16927||D_loss: 1.3091|D1_loss: 0.6368|D2_loss: 0.6723||G_loss: 1.9795|R121_loss: 0.1609|R212_loss: 0.3191
2024/08/16 13:38:55: model [INFO] Epoch:   4/  6|Batch: 184/16927||D_loss: 1.3872|D1_loss: 0.7414|D2_loss: 0.6458||G_loss: 1.9099|R121_loss: 0.2979|R212_loss: 0.1114
2024/08/16 13:38:55: model [INFO] Epoch:   4/  6|Batch: 189/16927||D_loss: 1.3303|D1_loss: 0.6784|D2_loss: 0.6518||G_loss: 2.0674|R121_loss: 0.2118|R212_loss: 0.2679
2024/08/16 13:38:55: model [INFO] Epoch:   4/  6|Batch: 194/16927||D_loss: 1.3961|D1_loss: 0.6738|D2_loss: 0.7224||G_loss: 1.8902|R121_loss: 0.1923|R212_loss: 0.1445
2024/08/16 13:38:55: model [INFO] Epoch:   4/  6|Batch: 199/16927||D_loss: 1.3756|D1_loss: 0.6656|D2_loss: 0.7100||G_loss: 1.8963|R121_loss: 0.1985|R212_loss: 0.1359
2024/08/16 13:38:55: model [INFO] Epoch:   4/  6|Batch: 204/16927||D_loss: 1.3632|D1_loss: 0.7052|D2_loss: 0.6580||G_loss: 1.8231|R121_loss: 0.1907|R212_loss: 0.1185
2024/08/16 13:38:55: model [INFO] Epoch:   4/  6|Batch: 209/16927||D_loss: 1.3771|D1_loss: 0.6537|D2_loss: 0.7234||G_loss: 1.9071|R121_loss: 0.1789|R212_loss: 0.1573
2024/08/16 13:38:55: model [INFO] Epoch:   4/  6|Batch: 214/16927||D_loss: 1.4020|D1_loss: 0.7201|D2_loss: 0.6819||G_loss: 1.7282|R121_loss: 0.1910|R212_loss: 0.1117
2024/08/16 13:38:55: model [INFO] Epoch:   4/  6|Batch: 219/16927||D_loss: 1.3264|D1_loss: 0.6866|D2_loss: 0.6398||G_loss: 2.0691|R121_loss: 0.2912|R212_loss: 0.2425
2024/08/16 13:38:56: model [INFO] Epoch:   4/  6|Batch: 224/16927||D_loss: 1.3220|D1_loss: 0.6653|D2_loss: 0.6567||G_loss: 1.9378|R121_loss: 0.2121|R212_loss: 0.1873
2024/08/16 13:38:56: model [INFO] Epoch:   4/  6|Batch: 229/16927||D_loss: 1.3495|D1_loss: 0.6828|D2_loss: 0.6666||G_loss: 1.8466|R121_loss: 0.2135|R212_loss: 0.1261
2024/08/16 13:38:56: model [INFO] Epoch:   4/  6|Batch: 234/16927||D_loss: 1.3848|D1_loss: 0.6659|D2_loss: 0.7189||G_loss: 1.8885|R121_loss: 0.1476|R212_loss: 0.1867
2024/08/16 13:38:56: model [INFO] Epoch:   4/  6|Batch: 239/16927||D_loss: 1.4201|D1_loss: 0.7245|D2_loss: 0.6955||G_loss: 1.7830|R121_loss: 0.1804|R212_loss: 0.1372
2024/08/16 13:38:56: model [INFO] Epoch:   4/  6|Batch: 244/16927||D_loss: 1.2987|D1_loss: 0.6364|D2_loss: 0.6623||G_loss: 2.0015|R121_loss: 0.2069|R212_loss: 0.2637
2024/08/16 13:38:56: model [INFO] Epoch:   4/  6|Batch: 249/16927||D_loss: 1.3060|D1_loss: 0.6432|D2_loss: 0.6629||G_loss: 1.9780|R121_loss: 0.1846|R212_loss: 0.2545
2024/08/16 13:38:56: model [INFO] Epoch:   4/  6|Batch: 254/16927||D_loss: 1.3286|D1_loss: 0.6992|D2_loss: 0.6294||G_loss: 2.0446|R121_loss: 0.2931|R212_loss: 0.1168
2024/08/16 13:38:56: model [INFO] Epoch:   4/  6|Batch: 259/16927||D_loss: 1.4112|D1_loss: 0.6851|D2_loss: 0.7262||G_loss: 1.9351|R121_loss: 0.2003|R212_loss: 0.1583
2024/08/16 13:38:56: model [INFO] Epoch:   4/  6|Batch: 264/16927||D_loss: 1.3589|D1_loss: 0.6987|D2_loss: 0.6601||G_loss: 2.0234|R121_loss: 0.1873|R212_loss: 0.2459
2024/08/16 13:38:56: model [INFO] Epoch:   4/  6|Batch: 269/16927||D_loss: 1.3271|D1_loss: 0.6455|D2_loss: 0.6816||G_loss: 1.9044|R121_loss: 0.1777|R212_loss: 0.1825
2024/08/16 13:38:56: model [INFO] Epoch:   4/  6|Batch: 274/16927||D_loss: 1.3186|D1_loss: 0.7000|D2_loss: 0.6186||G_loss: 2.0346|R121_loss: 0.1802|R212_loss: 0.3464
2024/08/16 13:38:56: model [INFO] Epoch:   4/  6|Batch: 279/16927||D_loss: 1.3287|D1_loss: 0.6542|D2_loss: 0.6745||G_loss: 2.0236|R121_loss: 0.2193|R212_loss: 0.1574
2024/08/16 13:38:56: model [INFO] Epoch:   4/  6|Batch: 284/16927||D_loss: 1.3184|D1_loss: 0.6665|D2_loss: 0.6519||G_loss: 2.1189|R121_loss: 0.2462|R212_loss: 0.2451
2024/08/16 13:38:56: model [INFO] Epoch:   4/  6|Batch: 289/16927||D_loss: 1.3405|D1_loss: 0.6280|D2_loss: 0.7125||G_loss: 1.9018|R121_loss: 0.2036|R212_loss: 0.1521
2024/08/16 13:38:56: model [INFO] Epoch:   4/  6|Batch: 294/16927||D_loss: 1.3779|D1_loss: 0.7223|D2_loss: 0.6556||G_loss: 1.8353|R121_loss: 0.1639|R212_loss: 0.1197
2024/08/16 13:38:56: model [INFO] Epoch:   4/  6|Batch: 299/16927||D_loss: 1.2983|D1_loss: 0.6658|D2_loss: 0.6325||G_loss: 2.2111|R121_loss: 0.3085|R212_loss: 0.2407
2024/08/16 13:38:56: model [INFO] Epoch:   4/  6|Batch: 304/16927||D_loss: 1.3982|D1_loss: 0.7324|D2_loss: 0.6658||G_loss: 1.7844|R121_loss: 0.1794|R212_loss: 0.1049
2024/08/16 13:38:56: model [INFO] Epoch:   4/  6|Batch: 309/16927||D_loss: 1.3319|D1_loss: 0.7044|D2_loss: 0.6275||G_loss: 2.1196|R121_loss: 0.2614|R212_loss: 0.2420
2024/08/16 13:38:56: model [INFO] Epoch:   4/  6|Batch: 314/16927||D_loss: 1.4120|D1_loss: 0.6983|D2_loss: 0.7137||G_loss: 1.9626|R121_loss: 0.2530|R212_loss: 0.1556
2024/08/16 13:38:56: model [INFO] Epoch:   4/  6|Batch: 319/16927||D_loss: 1.3752|D1_loss: 0.7029|D2_loss: 0.6723||G_loss: 1.7617|R121_loss: 0.1962|R212_loss: 0.1094
2024/08/16 13:38:56: model [INFO] Epoch:   4/  6|Batch: 324/16927||D_loss: 1.3828|D1_loss: 0.7206|D2_loss: 0.6622||G_loss: 1.9180|R121_loss: 0.2206|R212_loss: 0.2443
2024/08/16 13:38:56: model [INFO] Epoch:   4/  6|Batch: 329/16927||D_loss: 1.3604|D1_loss: 0.6709|D2_loss: 0.6895||G_loss: 1.7225|R121_loss: 0.1996|R212_loss: 0.1056
2024/08/16 13:38:56: model [INFO] Epoch:   4/  6|Batch: 334/16927||D_loss: 1.2806|D1_loss: 0.6834|D2_loss: 0.5972||G_loss: 2.1923|R121_loss: 0.2373|R212_loss: 0.2616
2024/08/16 13:38:56: model [INFO] Epoch:   4/  6|Batch: 339/16927||D_loss: 1.3706|D1_loss: 0.6434|D2_loss: 0.7272||G_loss: 1.8875|R121_loss: 0.1922|R212_loss: 0.1530
2024/08/16 13:38:56: model [INFO] Epoch:   4/  6|Batch: 344/16927||D_loss: 1.3434|D1_loss: 0.6231|D2_loss: 0.7203||G_loss: 1.8436|R121_loss: 0.1828|R212_loss: 0.1491
2024/08/16 13:38:56: model [INFO] Epoch:   4/  6|Batch: 349/16927||D_loss: 1.3445|D1_loss: 0.6454|D2_loss: 0.6992||G_loss: 1.7458|R121_loss: 0.2110|R212_loss: 0.1108
2024/08/16 13:38:56: model [INFO] Epoch:   4/  6|Batch: 354/16927||D_loss: 1.3808|D1_loss: 0.6660|D2_loss: 0.7148||G_loss: 1.9607|R121_loss: 0.2137|R212_loss: 0.1646
2024/08/16 13:38:56: model [INFO] Epoch:   4/  6|Batch: 359/16927||D_loss: 1.4257|D1_loss: 0.7406|D2_loss: 0.6850||G_loss: 1.7438|R121_loss: 0.2087|R212_loss: 0.1036
2024/08/16 13:38:56: model [INFO] Epoch:   4/  6|Batch: 364/16927||D_loss: 1.3337|D1_loss: 0.6766|D2_loss: 0.6572||G_loss: 2.0799|R121_loss: 0.2689|R212_loss: 0.2783
2024/08/16 13:38:56: model [INFO] Epoch:   4/  6|Batch: 369/16927||D_loss: 1.3346|D1_loss: 0.6335|D2_loss: 0.7011||G_loss: 1.9801|R121_loss: 0.2568|R212_loss: 0.1492
2024/08/16 13:38:56: model [INFO] Epoch:   4/  6|Batch: 374/16927||D_loss: 1.3949|D1_loss: 0.6857|D2_loss: 0.7092||G_loss: 1.8929|R121_loss: 0.1832|R212_loss: 0.1614
2024/08/16 13:38:56: model [INFO] Epoch:   4/  6|Batch: 379/16927||D_loss: 1.4104|D1_loss: 0.7534|D2_loss: 0.6570||G_loss: 1.8306|R121_loss: 0.2297|R212_loss: 0.1108
2024/08/16 13:38:56: model [INFO] Epoch:   4/  6|Batch: 384/16927||D_loss: 1.3696|D1_loss: 0.6928|D2_loss: 0.6768||G_loss: 1.9621|R121_loss: 0.2102|R212_loss: 0.1944
2024/08/16 13:38:56: model [INFO] Epoch:   4/  6|Batch: 389/16927||D_loss: 1.4031|D1_loss: 0.7464|D2_loss: 0.6568||G_loss: 1.8525|R121_loss: 0.2329|R212_loss: 0.1074
2024/08/16 13:38:56: model [INFO] Epoch:   4/  6|Batch: 394/16927||D_loss: 1.3894|D1_loss: 0.6958|D2_loss: 0.6936||G_loss: 1.9171|R121_loss: 0.2323|R212_loss: 0.1527
2024/08/16 13:38:56: model [INFO] Epoch:   4/  6|Batch: 399/16927||D_loss: 1.3425|D1_loss: 0.6504|D2_loss: 0.6921||G_loss: 1.8808|R121_loss: 0.1647|R212_loss: 0.1846
2024/08/16 13:38:56: model [INFO] Epoch:   4/  6|Batch: 404/16927||D_loss: 1.3285|D1_loss: 0.6354|D2_loss: 0.6931||G_loss: 1.9704|R121_loss: 0.1950|R212_loss: 0.2516
2024/08/16 13:38:57: model [INFO] Epoch:   4/  6|Batch: 409/16927||D_loss: 1.3263|D1_loss: 0.6657|D2_loss: 0.6605||G_loss: 1.9439|R121_loss: 0.1787|R212_loss: 0.1664
2024/08/16 13:38:57: model [INFO] Epoch:   4/  6|Batch: 414/16927||D_loss: 1.3778|D1_loss: 0.6751|D2_loss: 0.7027||G_loss: 1.7145|R121_loss: 0.1794|R212_loss: 0.1153
2024/08/16 13:38:57: model [INFO] Epoch:   4/  6|Batch: 419/16927||D_loss: 1.4200|D1_loss: 0.7464|D2_loss: 0.6736||G_loss: 1.7838|R121_loss: 0.2170|R212_loss: 0.1075
2024/08/16 13:38:57: model [INFO] Epoch:   4/  6|Batch: 424/16927||D_loss: 1.3369|D1_loss: 0.6636|D2_loss: 0.6733||G_loss: 2.0518|R121_loss: 0.2226|R212_loss: 0.2269
2024/08/16 13:38:57: model [INFO] Epoch:   4/  6|Batch: 429/16927||D_loss: 1.3464|D1_loss: 0.6642|D2_loss: 0.6822||G_loss: 1.8217|R121_loss: 0.2780|R212_loss: 0.1025
2024/08/16 13:38:57: model [INFO] Epoch:   4/  6|Batch: 434/16927||D_loss: 1.3015|D1_loss: 0.6575|D2_loss: 0.6440||G_loss: 2.0948|R121_loss: 0.2401|R212_loss: 0.1579
2024/08/16 13:38:57: model [INFO] Epoch:   4/  6|Batch: 439/16927||D_loss: 1.3098|D1_loss: 0.6868|D2_loss: 0.6230||G_loss: 2.0515|R121_loss: 0.2286|R212_loss: 0.1545
2024/08/16 13:38:57: model [INFO] Epoch:   4/  6|Batch: 444/16927||D_loss: 1.4083|D1_loss: 0.7247|D2_loss: 0.6835||G_loss: 1.7734|R121_loss: 0.2359|R212_loss: 0.1026
2024/08/16 13:38:57: model [INFO] Epoch:   4/  6|Batch: 449/16927||D_loss: 1.4284|D1_loss: 0.7118|D2_loss: 0.7166||G_loss: 1.6334|R121_loss: 0.1776|R212_loss: 0.0961
2024/08/16 13:38:57: model [INFO] Epoch:   4/  6|Batch: 454/16927||D_loss: 1.3653|D1_loss: 0.6547|D2_loss: 0.7106||G_loss: 1.8691|R121_loss: 0.1713|R212_loss: 0.2192
2024/08/16 13:38:57: model [INFO] Epoch:   4/  6|Batch: 459/16927||D_loss: 1.3060|D1_loss: 0.6368|D2_loss: 0.6692||G_loss: 1.8778|R121_loss: 0.1712|R212_loss: 0.1480
2024/08/16 13:38:57: model [INFO] Epoch:   4/  6|Batch: 464/16927||D_loss: 1.3547|D1_loss: 0.6620|D2_loss: 0.6927||G_loss: 1.8491|R121_loss: 0.1782|R212_loss: 0.1526
2024/08/16 13:38:57: model [INFO] Epoch:   4/  6|Batch: 469/16927||D_loss: 1.3888|D1_loss: 0.6435|D2_loss: 0.7453||G_loss: 1.8759|R121_loss: 0.1618|R212_loss: 0.2506
2024/08/16 13:38:57: model [INFO] Epoch:   4/  6|Batch: 474/16927||D_loss: 1.3513|D1_loss: 0.6763|D2_loss: 0.6750||G_loss: 1.9416|R121_loss: 0.2615|R212_loss: 0.1659
2024/08/16 13:38:57: model [INFO] Epoch:   4/  6|Batch: 479/16927||D_loss: 1.3819|D1_loss: 0.6815|D2_loss: 0.7004||G_loss: 1.8255|R121_loss: 0.1907|R212_loss: 0.1581
2024/08/16 13:38:57: model [INFO] Epoch:   4/  6|Batch: 484/16927||D_loss: 1.3310|D1_loss: 0.6350|D2_loss: 0.6960||G_loss: 1.8387|R121_loss: 0.1946|R212_loss: 0.1546
2024/08/16 13:38:57: model [INFO] Epoch:   4/  6|Batch: 489/16927||D_loss: 1.3545|D1_loss: 0.6684|D2_loss: 0.6861||G_loss: 1.8908|R121_loss: 0.2057|R212_loss: 0.1579
2024/08/16 13:38:57: model [INFO] Epoch:   4/  6|Batch: 494/16927||D_loss: 1.3599|D1_loss: 0.6709|D2_loss: 0.6890||G_loss: 1.8516|R121_loss: 0.1934|R212_loss: 0.1440
2024/08/16 13:38:57: model [INFO] Epoch:   4/  6|Batch: 499/16927||D_loss: 1.4436|D1_loss: 0.6889|D2_loss: 0.7546||G_loss: 1.9741|R121_loss: 0.2147|R212_loss: 0.2562
2024/08/16 13:38:57: model [INFO] Epoch:   4/  6|Batch: 504/16927||D_loss: 1.3464|D1_loss: 0.6772|D2_loss: 0.6693||G_loss: 1.9312|R121_loss: 0.2008|R212_loss: 0.1505
2024/08/16 13:38:57: model [INFO] Epoch:   4/  6|Batch: 509/16927||D_loss: 1.3293|D1_loss: 0.6420|D2_loss: 0.6873||G_loss: 1.8258|R121_loss: 0.1912|R212_loss: 0.1474
2024/08/16 13:38:57: model [INFO] Epoch:   4/  6|Batch: 514/16927||D_loss: 1.3854|D1_loss: 0.7049|D2_loss: 0.6805||G_loss: 1.9038|R121_loss: 0.2287|R212_loss: 0.2584
2024/08/16 13:38:57: model [INFO] Epoch:   4/  6|Batch: 519/16927||D_loss: 1.3102|D1_loss: 0.6309|D2_loss: 0.6793||G_loss: 1.8337|R121_loss: 0.1668|R212_loss: 0.1431
2024/08/16 13:38:57: model [INFO] Epoch:   4/  6|Batch: 524/16927||D_loss: 1.3956|D1_loss: 0.6873|D2_loss: 0.7083||G_loss: 2.0621|R121_loss: 0.1854|R212_loss: 0.2525
2024/08/16 13:38:57: model [INFO] Epoch:   4/  6|Batch: 529/16927||D_loss: 1.3758|D1_loss: 0.7074|D2_loss: 0.6684||G_loss: 1.9769|R121_loss: 0.3336|R212_loss: 0.1028
2024/08/16 13:38:57: model [INFO] Epoch:   4/  6|Batch: 534/16927||D_loss: 1.2888|D1_loss: 0.6389|D2_loss: 0.6499||G_loss: 2.0219|R121_loss: 0.2120|R212_loss: 0.1498
2024/08/16 13:38:57: model [INFO] Epoch:   4/  6|Batch: 539/16927||D_loss: 1.3117|D1_loss: 0.6265|D2_loss: 0.6852||G_loss: 1.9023|R121_loss: 0.2356|R212_loss: 0.1504
2024/08/16 13:38:57: model [INFO] Epoch:   4/  6|Batch: 544/16927||D_loss: 1.3898|D1_loss: 0.6861|D2_loss: 0.7037||G_loss: 2.0909|R121_loss: 0.2717|R212_loss: 0.2519
2024/08/16 13:38:57: model [INFO] Epoch:   4/  6|Batch: 549/16927||D_loss: 1.3574|D1_loss: 0.6702|D2_loss: 0.6872||G_loss: 1.9094|R121_loss: 0.2439|R212_loss: 0.1456
2024/08/16 13:38:57: model [INFO] Epoch:   4/  6|Batch: 554/16927||D_loss: 1.2891|D1_loss: 0.6560|D2_loss: 0.6331||G_loss: 2.1352|R121_loss: 0.3324|R212_loss: 0.1559
2024/08/16 13:38:57: model [INFO] Epoch:   4/  6|Batch: 559/16927||D_loss: 1.3352|D1_loss: 0.6723|D2_loss: 0.6629||G_loss: 1.8637|R121_loss: 0.2439|R212_loss: 0.1151
2024/08/16 13:38:57: model [INFO] Epoch:   4/  6|Batch: 564/16927||D_loss: 1.3610|D1_loss: 0.6689|D2_loss: 0.6921||G_loss: 1.8458|R121_loss: 0.1932|R212_loss: 0.1465
2024/08/16 13:38:57: model [INFO] Epoch:   4/  6|Batch: 569/16927||D_loss: 1.3333|D1_loss: 0.7031|D2_loss: 0.6302||G_loss: 2.0595|R121_loss: 0.2804|R212_loss: 0.1613
2024/08/16 13:38:57: model [INFO] Epoch:   4/  6|Batch: 574/16927||D_loss: 1.3712|D1_loss: 0.6882|D2_loss: 0.6831||G_loss: 2.0859|R121_loss: 0.2212|R212_loss: 0.2693
2024/08/16 13:38:57: model [INFO] Epoch:   4/  6|Batch: 579/16927||D_loss: 1.3635|D1_loss: 0.6635|D2_loss: 0.7000||G_loss: 1.8309|R121_loss: 0.2010|R212_loss: 0.1390
2024/08/16 13:38:57: model [INFO] Epoch:   4/  6|Batch: 584/16927||D_loss: 1.3589|D1_loss: 0.6630|D2_loss: 0.6959||G_loss: 1.9122|R121_loss: 0.2654|R212_loss: 0.1549
2024/08/16 13:38:58: model [INFO] Epoch:   4/  6|Batch: 589/16927||D_loss: 1.4314|D1_loss: 0.7157|D2_loss: 0.7158||G_loss: 1.6851|R121_loss: 0.2292|R212_loss: 0.1074
2024/08/16 13:38:58: model [INFO] Epoch:   4/  6|Batch: 594/16927||D_loss: 1.3735|D1_loss: 0.6944|D2_loss: 0.6791||G_loss: 1.8273|R121_loss: 0.1949|R212_loss: 0.1399
2024/08/16 13:38:58: model [INFO] Epoch:   4/  6|Batch: 599/16927||D_loss: 1.2861|D1_loss: 0.5994|D2_loss: 0.6867||G_loss: 1.8720|R121_loss: 0.2484|R212_loss: 0.1445
2024/08/16 13:38:58: model [INFO] Epoch:   4/  6|Batch: 604/16927||D_loss: 1.3863|D1_loss: 0.6636|D2_loss: 0.7226||G_loss: 1.9971|R121_loss: 0.2133|R212_loss: 0.2684
2024/08/16 13:38:58: model [INFO] Epoch:   4/  6|Batch: 609/16927||D_loss: 1.4245|D1_loss: 0.7333|D2_loss: 0.6912||G_loss: 1.7897|R121_loss: 0.2608|R212_loss: 0.1155
2024/08/16 13:38:58: model [INFO] Epoch:   4/  6|Batch: 614/16927||D_loss: 1.3471|D1_loss: 0.7140|D2_loss: 0.6331||G_loss: 1.9803|R121_loss: 0.2206|R212_loss: 0.2458
2024/08/16 13:38:58: model [INFO] Epoch:   4/  6|Batch: 619/16927||D_loss: 1.3558|D1_loss: 0.6715|D2_loss: 0.6843||G_loss: 1.8432|R121_loss: 0.1791|R212_loss: 0.1701
2024/08/16 13:38:58: model [INFO] Epoch:   4/  6|Batch: 624/16927||D_loss: 1.3430|D1_loss: 0.6640|D2_loss: 0.6790||G_loss: 1.9568|R121_loss: 0.2249|R212_loss: 0.1459
2024/08/16 13:38:58: model [INFO] Epoch:   4/  6|Batch: 629/16927||D_loss: 1.4261|D1_loss: 0.7273|D2_loss: 0.6988||G_loss: 1.7069|R121_loss: 0.2104|R212_loss: 0.1020
2024/08/16 13:38:58: model [INFO] Epoch:   4/  6|Batch: 634/16927||D_loss: 1.2140|D1_loss: 0.5785|D2_loss: 0.6355||G_loss: 2.0807|R121_loss: 0.2671|R212_loss: 0.1453
2024/08/16 13:38:58: model [INFO] Epoch:   4/  6|Batch: 639/16927||D_loss: 1.3180|D1_loss: 0.6281|D2_loss: 0.6899||G_loss: 1.8186|R121_loss: 0.1835|R212_loss: 0.1349
2024/08/16 13:38:58: model [INFO] Epoch:   4/  6|Batch: 644/16927||D_loss: 1.3921|D1_loss: 0.6793|D2_loss: 0.7128||G_loss: 2.0457|R121_loss: 0.2339|R212_loss: 0.2679
2024/08/16 13:38:58: model [INFO] Epoch:   4/  6|Batch: 649/16927||D_loss: 1.3606|D1_loss: 0.7088|D2_loss: 0.6518||G_loss: 1.9030|R121_loss: 0.1909|R212_loss: 0.2800
2024/08/16 13:38:58: model [INFO] Epoch:   4/  6|Batch: 654/16927||D_loss: 1.3258|D1_loss: 0.6480|D2_loss: 0.6778||G_loss: 1.8357|R121_loss: 0.1451|R212_loss: 0.2007
2024/08/16 13:38:58: model [INFO] Epoch:   4/  6|Batch: 659/16927||D_loss: 1.3536|D1_loss: 0.6988|D2_loss: 0.6548||G_loss: 1.9164|R121_loss: 0.1844|R212_loss: 0.2031
2024/08/16 13:38:58: model [INFO] Epoch:   4/  6|Batch: 664/16927||D_loss: 1.2444|D1_loss: 0.5881|D2_loss: 0.6563||G_loss: 2.0340|R121_loss: 0.2456|R212_loss: 0.1336
2024/08/16 13:38:58: model [INFO] Epoch:   4/  6|Batch: 669/16927||D_loss: 1.3448|D1_loss: 0.6859|D2_loss: 0.6589||G_loss: 2.0346|R121_loss: 0.2645|R212_loss: 0.1329
2024/08/16 13:38:58: model [INFO] Epoch:   4/  6|Batch: 674/16927||D_loss: 1.4005|D1_loss: 0.6850|D2_loss: 0.7155||G_loss: 1.7350|R121_loss: 0.1890|R212_loss: 0.1211
2024/08/16 13:38:58: model [INFO] Epoch:   4/  6|Batch: 679/16927||D_loss: 1.3507|D1_loss: 0.6694|D2_loss: 0.6813||G_loss: 1.9617|R121_loss: 0.2405|R212_loss: 0.1472
2024/08/16 13:38:58: model [INFO] Epoch:   4/  6|Batch: 684/16927||D_loss: 1.4230|D1_loss: 0.7187|D2_loss: 0.7043||G_loss: 1.7664|R121_loss: 0.2105|R212_loss: 0.1115
2024/08/16 13:38:58: model [INFO] Epoch:   4/  6|Batch: 689/16927||D_loss: 1.4151|D1_loss: 0.7097|D2_loss: 0.7054||G_loss: 1.7315|R121_loss: 0.2025|R212_loss: 0.1126
2024/08/16 13:38:58: model [INFO] Epoch:   4/  6|Batch: 694/16927||D_loss: 1.3106|D1_loss: 0.6177|D2_loss: 0.6930||G_loss: 1.8449|R121_loss: 0.1867|R212_loss: 0.1372
2024/08/16 13:38:58: model [INFO] Epoch:   4/  6|Batch: 699/16927||D_loss: 1.3758|D1_loss: 0.6806|D2_loss: 0.6952||G_loss: 1.7319|R121_loss: 0.1839|R212_loss: 0.1064
2024/08/16 13:38:58: model [INFO] Epoch:   4/  6|Batch: 704/16927||D_loss: 1.4097|D1_loss: 0.7304|D2_loss: 0.6793||G_loss: 1.8636|R121_loss: 0.2169|R212_loss: 0.2217
2024/08/16 13:38:58: model [INFO] Epoch:   4/  6|Batch: 709/16927||D_loss: 1.4177|D1_loss: 0.7248|D2_loss: 0.6929||G_loss: 1.8649|R121_loss: 0.2735|R212_loss: 0.1169
2024/08/16 13:38:58: model [INFO] Epoch:   4/  6|Batch: 714/16927||D_loss: 1.3719|D1_loss: 0.6807|D2_loss: 0.6912||G_loss: 1.9275|R121_loss: 0.2352|R212_loss: 0.1478
2024/08/16 13:38:58: model [INFO] Epoch:   4/  6|Batch: 719/16927||D_loss: 1.3671|D1_loss: 0.6962|D2_loss: 0.6709||G_loss: 1.9821|R121_loss: 0.2731|R212_loss: 0.1433
2024/08/16 13:38:58: model [INFO] Epoch:   4/  6|Batch: 724/16927||D_loss: 1.4139|D1_loss: 0.7392|D2_loss: 0.6747||G_loss: 1.8477|R121_loss: 0.2084|R212_loss: 0.1338
2024/08/16 13:38:58: model [INFO] Epoch:   4/  6|Batch: 729/16927||D_loss: 1.3387|D1_loss: 0.6803|D2_loss: 0.6584||G_loss: 1.9909|R121_loss: 0.2567|R212_loss: 0.1475
2024/08/16 13:38:58: model [INFO] Epoch:   4/  6|Batch: 734/16927||D_loss: 1.4117|D1_loss: 0.7190|D2_loss: 0.6927||G_loss: 1.7789|R121_loss: 0.2274|R212_loss: 0.1166
2024/08/16 13:38:58: model [INFO] Epoch:   4/  6|Batch: 739/16927||D_loss: 1.3252|D1_loss: 0.6329|D2_loss: 0.6923||G_loss: 1.8128|R121_loss: 0.1801|R212_loss: 0.1435
2024/08/16 13:38:58: model [INFO] Epoch:   4/  6|Batch: 744/16927||D_loss: 1.4003|D1_loss: 0.6670|D2_loss: 0.7333||G_loss: 1.9251|R121_loss: 0.1967|R212_loss: 0.2469
2024/08/16 13:38:58: model [INFO] Epoch:   4/  6|Batch: 749/16927||D_loss: 1.3605|D1_loss: 0.6696|D2_loss: 0.6909||G_loss: 1.8626|R121_loss: 0.2230|R212_loss: 0.1293
2024/08/16 13:38:58: model [INFO] Epoch:   4/  6|Batch: 754/16927||D_loss: 1.3256|D1_loss: 0.6550|D2_loss: 0.6707||G_loss: 1.9343|R121_loss: 0.2289|R212_loss: 0.1439
2024/08/16 13:38:58: model [INFO] Epoch:   4/  6|Batch: 759/16927||D_loss: 1.3832|D1_loss: 0.7160|D2_loss: 0.6673||G_loss: 1.7879|R121_loss: 0.1959|R212_loss: 0.1191
2024/08/16 13:38:58: model [INFO] Epoch:   4/  6|Batch: 764/16927||D_loss: 1.3598|D1_loss: 0.6680|D2_loss: 0.6918||G_loss: 1.8308|R121_loss: 0.1906|R212_loss: 0.1515
2024/08/16 13:38:58: model [INFO] Epoch:   4/  6|Batch: 769/16927||D_loss: 1.3965|D1_loss: 0.6911|D2_loss: 0.7054||G_loss: 1.7386|R121_loss: 0.1621|R212_loss: 0.1760
2024/08/16 13:38:59: model [INFO] Epoch:   4/  6|Batch: 774/16927||D_loss: 1.3801|D1_loss: 0.6753|D2_loss: 0.7048||G_loss: 1.7723|R121_loss: 0.2114|R212_loss: 0.1177
2024/08/16 13:38:59: model [INFO] Epoch:   4/  6|Batch: 779/16927||D_loss: 1.3744|D1_loss: 0.6919|D2_loss: 0.6825||G_loss: 1.7892|R121_loss: 0.2065|R212_loss: 0.1178
2024/08/16 13:38:59: model [INFO] Epoch:   4/  6|Batch: 784/16927||D_loss: 1.4120|D1_loss: 0.7101|D2_loss: 0.7018||G_loss: 1.7491|R121_loss: 0.2282|R212_loss: 0.1136
2024/08/16 13:38:59: model [INFO] Epoch:   4/  6|Batch: 789/16927||D_loss: 1.3483|D1_loss: 0.6840|D2_loss: 0.6643||G_loss: 1.9556|R121_loss: 0.2511|R212_loss: 0.2174
2024/08/16 13:38:59: model [INFO] Epoch:   4/  6|Batch: 794/16927||D_loss: 1.3661|D1_loss: 0.7017|D2_loss: 0.6644||G_loss: 1.8802|R121_loss: 0.2440|R212_loss: 0.1069
2024/08/16 13:38:59: model [INFO] Epoch:   4/  6|Batch: 799/16927||D_loss: 1.3548|D1_loss: 0.6826|D2_loss: 0.6722||G_loss: 1.9741|R121_loss: 0.2553|R212_loss: 0.1303
2024/08/16 13:38:59: model [INFO] Epoch:   4/  6|Batch: 804/16927||D_loss: 1.3595|D1_loss: 0.6648|D2_loss: 0.6947||G_loss: 1.9567|R121_loss: 0.1849|R212_loss: 0.2692
2024/08/16 13:38:59: model [INFO] Epoch:   4/  6|Batch: 809/16927||D_loss: 1.4032|D1_loss: 0.7050|D2_loss: 0.6982||G_loss: 1.7803|R121_loss: 0.2280|R212_loss: 0.1170
2024/08/16 13:38:59: model [INFO] Epoch:   4/  6|Batch: 814/16927||D_loss: 1.4469|D1_loss: 0.7392|D2_loss: 0.7077||G_loss: 1.8116|R121_loss: 0.2295|R212_loss: 0.1315
2024/08/16 13:38:59: model [INFO] Epoch:   4/  6|Batch: 819/16927||D_loss: 1.3401|D1_loss: 0.6720|D2_loss: 0.6681||G_loss: 2.0498|R121_loss: 0.1996|R212_loss: 0.3549
2024/08/16 13:38:59: model [INFO] Epoch:   4/  6|Batch: 824/16927||D_loss: 1.3266|D1_loss: 0.6543|D2_loss: 0.6724||G_loss: 1.9694|R121_loss: 0.1823|R212_loss: 0.2745
2024/08/16 13:38:59: model [INFO] Epoch:   4/  6|Batch: 829/16927||D_loss: 1.3770|D1_loss: 0.6884|D2_loss: 0.6886||G_loss: 2.0473|R121_loss: 0.2672|R212_loss: 0.1576
2024/08/16 13:38:59: model [INFO] Epoch:   4/  6|Batch: 834/16927||D_loss: 1.3704|D1_loss: 0.6720|D2_loss: 0.6983||G_loss: 2.0092|R121_loss: 0.2573|R212_loss: 0.1744
2024/08/16 13:38:59: model [INFO] Epoch:   4/  6|Batch: 839/16927||D_loss: 1.2622|D1_loss: 0.6313|D2_loss: 0.6309||G_loss: 2.0858|R121_loss: 0.1634|R212_loss: 0.3189
2024/08/16 13:38:59: model [INFO] Epoch:   4/  6|Batch: 844/16927||D_loss: 1.3873|D1_loss: 0.7025|D2_loss: 0.6848||G_loss: 1.7160|R121_loss: 0.1799|R212_loss: 0.1243
2024/08/16 13:38:59: model [INFO] Epoch:   4/  6|Batch: 849/16927||D_loss: 1.3983|D1_loss: 0.6723|D2_loss: 0.7260||G_loss: 1.9246|R121_loss: 0.2754|R212_loss: 0.1503
2024/08/16 13:38:59: model [INFO] Epoch:   4/  6|Batch: 854/16927||D_loss: 1.3616|D1_loss: 0.6855|D2_loss: 0.6760||G_loss: 2.0292|R121_loss: 0.2585|R212_loss: 0.1658
2024/08/16 13:38:59: model [INFO] Epoch:   4/  6|Batch: 859/16927||D_loss: 1.3712|D1_loss: 0.7045|D2_loss: 0.6667||G_loss: 1.7677|R121_loss: 0.1989|R212_loss: 0.1036
2024/08/16 13:38:59: model [INFO] Epoch:   4/  6|Batch: 864/16927||D_loss: 1.3775|D1_loss: 0.6612|D2_loss: 0.7163||G_loss: 1.9286|R121_loss: 0.2356|R212_loss: 0.2044
2024/08/16 13:38:59: model [INFO] Epoch:   4/  6|Batch: 869/16927||D_loss: 1.3723|D1_loss: 0.6538|D2_loss: 0.7184||G_loss: 1.8001|R121_loss: 0.1713|R212_loss: 0.1388
2024/08/16 13:38:59: model [INFO] Epoch:   4/  6|Batch: 874/16927||D_loss: 1.3639|D1_loss: 0.7096|D2_loss: 0.6543||G_loss: 1.8583|R121_loss: 0.2334|R212_loss: 0.1152
2024/08/16 13:38:59: model [INFO] Epoch:   4/  6|Batch: 879/16927||D_loss: 1.3562|D1_loss: 0.7033|D2_loss: 0.6529||G_loss: 1.9259|R121_loss: 0.2017|R212_loss: 0.1358
2024/08/16 13:38:59: model [INFO] Epoch:   4/  6|Batch: 884/16927||D_loss: 1.4070|D1_loss: 0.7031|D2_loss: 0.7039||G_loss: 1.7163|R121_loss: 0.2196|R212_loss: 0.1080
2024/08/16 13:38:59: model [INFO] Epoch:   4/  6|Batch: 889/16927||D_loss: 1.3453|D1_loss: 0.6619|D2_loss: 0.6834||G_loss: 1.8825|R121_loss: 0.2044|R212_loss: 0.1458
2024/08/16 13:38:59: model [INFO] Epoch:   4/  6|Batch: 894/16927||D_loss: 1.4212|D1_loss: 0.7202|D2_loss: 0.7010||G_loss: 1.7535|R121_loss: 0.2827|R212_loss: 0.1073
2024/08/16 13:38:59: model [INFO] Epoch:   4/  6|Batch: 899/16927||D_loss: 1.3732|D1_loss: 0.6887|D2_loss: 0.6846||G_loss: 1.8554|R121_loss: 0.2236|R212_loss: 0.1887
2024/08/16 13:38:59: model [INFO] Epoch:   4/  6|Batch: 904/16927||D_loss: 1.3911|D1_loss: 0.6922|D2_loss: 0.6989||G_loss: 1.9148|R121_loss: 0.3018|R212_loss: 0.1490
2024/08/16 13:38:59: model [INFO] Epoch:   4/  6|Batch: 909/16927||D_loss: 1.3559|D1_loss: 0.6616|D2_loss: 0.6943||G_loss: 1.8877|R121_loss: 0.2213|R212_loss: 0.1405
2024/08/16 13:38:59: model [INFO] Epoch:   4/  6|Batch: 914/16927||D_loss: 1.4089|D1_loss: 0.7070|D2_loss: 0.7019||G_loss: 1.7034|R121_loss: 0.1686|R212_loss: 0.1037
2024/08/16 13:38:59: model [INFO] Epoch:   4/  6|Batch: 919/16927||D_loss: 1.3019|D1_loss: 0.6466|D2_loss: 0.6553||G_loss: 1.9928|R121_loss: 0.1860|R212_loss: 0.2818
2024/08/16 13:38:59: model [INFO] Epoch:   4/  6|Batch: 924/16927||D_loss: 1.4283|D1_loss: 0.7259|D2_loss: 0.7024||G_loss: 1.7377|R121_loss: 0.1770|R212_loss: 0.1093
2024/08/16 13:38:59: model [INFO] Epoch:   4/  6|Batch: 929/16927||D_loss: 1.3179|D1_loss: 0.6718|D2_loss: 0.6460||G_loss: 2.1106|R121_loss: 0.3064|R212_loss: 0.2458
2024/08/16 13:38:59: model [INFO] Epoch:   4/  6|Batch: 934/16927||D_loss: 1.3326|D1_loss: 0.6839|D2_loss: 0.6486||G_loss: 1.9799|R121_loss: 0.1850|R212_loss: 0.3017
2024/08/16 13:38:59: model [INFO] Epoch:   4/  6|Batch: 939/16927||D_loss: 1.3336|D1_loss: 0.6575|D2_loss: 0.6761||G_loss: 1.9664|R121_loss: 0.2194|R212_loss: 0.1561
2024/08/16 13:38:59: model [INFO] Epoch:   4/  6|Batch: 944/16927||D_loss: 1.3258|D1_loss: 0.6746|D2_loss: 0.6512||G_loss: 2.0294|R121_loss: 0.2525|R212_loss: 0.1431
2024/08/16 13:38:59: model [INFO] Epoch:   4/  6|Batch: 949/16927||D_loss: 1.3247|D1_loss: 0.6360|D2_loss: 0.6887||G_loss: 1.8867|R121_loss: 0.1966|R212_loss: 0.1457
2024/08/16 13:38:59: model [INFO] Epoch:   4/  6|Batch: 954/16927||D_loss: 1.3807|D1_loss: 0.7408|D2_loss: 0.6399||G_loss: 1.9412|R121_loss: 0.1837|R212_loss: 0.2242
2024/08/16 13:39:00: model [INFO] Epoch:   4/  6|Batch: 959/16927||D_loss: 1.3819|D1_loss: 0.6936|D2_loss: 0.6884||G_loss: 1.8314|R121_loss: 0.1725|R212_loss: 0.1412
2024/08/16 13:39:00: model [INFO] Epoch:   4/  6|Batch: 964/16927||D_loss: 1.4306|D1_loss: 0.7087|D2_loss: 0.7219||G_loss: 1.7407|R121_loss: 0.1846|R212_loss: 0.1058
2024/08/16 13:39:00: model [INFO] Epoch:   4/  6|Batch: 969/16927||D_loss: 1.4210|D1_loss: 0.7010|D2_loss: 0.7199||G_loss: 1.7651|R121_loss: 0.2023|R212_loss: 0.1193
2024/08/16 13:39:00: model [INFO] Epoch:   4/  6|Batch: 974/16927||D_loss: 1.4405|D1_loss: 0.6997|D2_loss: 0.7408||G_loss: 1.9212|R121_loss: 0.1783|R212_loss: 0.2626
2024/08/16 13:39:00: model [INFO] Epoch:   4/  6|Batch: 979/16927||D_loss: 1.3475|D1_loss: 0.6462|D2_loss: 0.7013||G_loss: 1.8007|R121_loss: 0.1512|R212_loss: 0.1547
2024/08/16 13:39:00: model [INFO] Epoch:   4/  6|Batch: 984/16927||D_loss: 1.3566|D1_loss: 0.6605|D2_loss: 0.6961||G_loss: 1.9107|R121_loss: 0.2169|R212_loss: 0.1702
2024/08/16 13:39:00: model [INFO] Epoch:   4/  6|Batch: 989/16927||D_loss: 1.3528|D1_loss: 0.6581|D2_loss: 0.6947||G_loss: 1.9367|R121_loss: 0.1745|R212_loss: 0.2626
2024/08/16 13:39:00: model [INFO] Epoch:   4/  6|Batch: 994/16927||D_loss: 1.3616|D1_loss: 0.7054|D2_loss: 0.6562||G_loss: 1.9555|R121_loss: 0.2495|R212_loss: 0.1434
2024/08/16 13:39:00: model [INFO] Epoch:   4/  6|Batch: 999/16927||D_loss: 1.3534|D1_loss: 0.6583|D2_loss: 0.6951||G_loss: 1.7856|R121_loss: 0.1761|R212_loss: 0.1387
2024/08/16 13:39:00: model [INFO] Epoch:   4/  6|Batch: 1004/16927||D_loss: 1.3252|D1_loss: 0.6925|D2_loss: 0.6328||G_loss: 1.9202|R121_loss: 0.1682|R212_loss: 0.2467
2024/08/16 13:39:00: model [INFO] Epoch:   4/  6|Batch: 1009/16927||D_loss: 1.4008|D1_loss: 0.6707|D2_loss: 0.7300||G_loss: 1.8614|R121_loss: 0.1565|R212_loss: 0.2504
2024/08/16 13:39:00: model [INFO] Epoch:   4/  6|Batch: 1014/16927||D_loss: 1.3949|D1_loss: 0.6901|D2_loss: 0.7048||G_loss: 1.7869|R121_loss: 0.2142|R212_loss: 0.1234
2024/08/16 13:39:00: model [INFO] Epoch:   4/  6|Batch: 1019/16927||D_loss: 1.3745|D1_loss: 0.6697|D2_loss: 0.7048||G_loss: 1.9928|R121_loss: 0.2445|R212_loss: 0.2578
2024/08/16 13:39:00: model [INFO] Epoch:   4/  6|Batch: 1024/16927||D_loss: 1.3550|D1_loss: 0.6851|D2_loss: 0.6698||G_loss: 1.8314|R121_loss: 0.2182|R212_loss: 0.1142
2024/08/16 13:39:00: model [INFO] Epoch:   4/  6|Batch: 1029/16927||D_loss: 1.3554|D1_loss: 0.6442|D2_loss: 0.7112||G_loss: 1.8660|R121_loss: 0.1862|R212_loss: 0.1444
2024/08/16 13:39:00: model [INFO] Epoch:   4/  6|Batch: 1034/16927||D_loss: 1.3865|D1_loss: 0.6940|D2_loss: 0.6925||G_loss: 1.7217|R121_loss: 0.1782|R212_loss: 0.1215
2024/08/16 13:39:00: model [INFO] Epoch:   4/  6|Batch: 1039/16927||D_loss: 1.3905|D1_loss: 0.6873|D2_loss: 0.7032||G_loss: 1.8651|R121_loss: 0.1783|R212_loss: 0.1509
2024/08/16 13:39:00: model [INFO] Epoch:   4/  6|Batch: 1044/16927||D_loss: 1.3884|D1_loss: 0.6956|D2_loss: 0.6928||G_loss: 1.6472|R121_loss: 0.1432|R212_loss: 0.1183
2024/08/16 13:39:00: model [INFO] Epoch:   4/  6|Batch: 1049/16927||D_loss: 1.3749|D1_loss: 0.6669|D2_loss: 0.7081||G_loss: 1.9867|R121_loss: 0.2215|R212_loss: 0.2643
2024/08/16 13:39:00: model [INFO] Epoch:   4/  6|Batch: 1054/16927||D_loss: 1.3374|D1_loss: 0.6626|D2_loss: 0.6748||G_loss: 1.9053|R121_loss: 0.2038|R212_loss: 0.1438
2024/08/16 13:39:00: model [INFO] Epoch:   4/  6|Batch: 1059/16927||D_loss: 1.3553|D1_loss: 0.6781|D2_loss: 0.6772||G_loss: 1.8470|R121_loss: 0.2096|R212_loss: 0.1306
2024/08/16 13:39:00: model [INFO] Epoch:   4/  6|Batch: 1064/16927||D_loss: 1.3670|D1_loss: 0.6656|D2_loss: 0.7014||G_loss: 2.0590|R121_loss: 0.1762|R212_loss: 0.3493
2024/08/16 13:39:00: model [INFO] Epoch:   4/  6|Batch: 1069/16927||D_loss: 1.3747|D1_loss: 0.6694|D2_loss: 0.7053||G_loss: 1.8174|R121_loss: 0.2169|R212_loss: 0.1327
2024/08/16 13:39:00: model [INFO] Epoch:   4/  6|Batch: 1074/16927||D_loss: 1.3967|D1_loss: 0.7329|D2_loss: 0.6638||G_loss: 1.8647|R121_loss: 0.2650|R212_loss: 0.1185
2024/08/16 13:39:00: model [INFO] Epoch:   4/  6|Batch: 1079/16927||D_loss: 1.3930|D1_loss: 0.7069|D2_loss: 0.6861||G_loss: 1.7168|R121_loss: 0.1881|R212_loss: 0.1236
2024/08/16 13:39:00: model [INFO] Epoch:   4/  6|Batch: 1084/16927||D_loss: 1.3002|D1_loss: 0.6622|D2_loss: 0.6380||G_loss: 2.0819|R121_loss: 0.2975|R212_loss: 0.1533
2024/08/16 13:39:00: model [INFO] Epoch:   4/  6|Batch: 1089/16927||D_loss: 1.3936|D1_loss: 0.7101|D2_loss: 0.6835||G_loss: 1.7967|R121_loss: 0.2045|R212_loss: 0.1347
2024/08/16 13:39:00: model [INFO] Epoch:   4/  6|Batch: 1094/16927||D_loss: 1.3114|D1_loss: 0.6689|D2_loss: 0.6424||G_loss: 2.0063|R121_loss: 0.2642|R212_loss: 0.1373
2024/08/16 13:39:00: model [INFO] Epoch:   4/  6|Batch: 1099/16927||D_loss: 1.4042|D1_loss: 0.6998|D2_loss: 0.7045||G_loss: 1.6875|R121_loss: 0.2150|R212_loss: 0.1097
2024/08/16 13:39:00: model [INFO] Epoch:   4/  6|Batch: 1104/16927||D_loss: 1.3518|D1_loss: 0.6530|D2_loss: 0.6988||G_loss: 1.8333|R121_loss: 0.2354|R212_loss: 0.1401
2024/08/16 13:39:00: model [INFO] Epoch:   4/  6|Batch: 1109/16927||D_loss: 1.4334|D1_loss: 0.7306|D2_loss: 0.7028||G_loss: 1.7029|R121_loss: 0.2104|R212_loss: 0.1103
2024/08/16 13:39:00: model [INFO] Epoch:   4/  6|Batch: 1114/16927||D_loss: 1.3321|D1_loss: 0.6607|D2_loss: 0.6714||G_loss: 2.0177|R121_loss: 0.1860|R212_loss: 0.3206
2024/08/16 13:39:00: model [INFO] Epoch:   4/  6|Batch: 1119/16927||D_loss: 1.3807|D1_loss: 0.7305|D2_loss: 0.6503||G_loss: 1.8563|R121_loss: 0.1856|R212_loss: 0.1352
2024/08/16 13:39:00: model [INFO] Epoch:   4/  6|Batch: 1124/16927||D_loss: 1.3569|D1_loss: 0.6705|D2_loss: 0.6864||G_loss: 1.8746|R121_loss: 0.1897|R212_loss: 0.2089
2024/08/16 13:39:00: model [INFO] Epoch:   4/  6|Batch: 1129/16927||D_loss: 1.4026|D1_loss: 0.7037|D2_loss: 0.6988||G_loss: 1.7475|R121_loss: 0.2350|R212_loss: 0.1105
2024/08/16 13:39:00: model [INFO] Epoch:   4/  6|Batch: 1134/16927||D_loss: 1.3739|D1_loss: 0.6660|D2_loss: 0.7079||G_loss: 1.7868|R121_loss: 0.1905|R212_loss: 0.1341
2024/08/16 13:39:01: model [INFO] Epoch:   4/  6|Batch: 1139/16927||D_loss: 1.3532|D1_loss: 0.6458|D2_loss: 0.7074||G_loss: 1.9092|R121_loss: 0.1907|R212_loss: 0.2366
2024/08/16 13:39:01: model [INFO] Epoch:   4/  6|Batch: 1144/16927||D_loss: 1.3291|D1_loss: 0.6899|D2_loss: 0.6392||G_loss: 1.8905|R121_loss: 0.2597|R212_loss: 0.1061
2024/08/16 13:39:01: model [INFO] Epoch:   4/  6|Batch: 1149/16927||D_loss: 1.3459|D1_loss: 0.6658|D2_loss: 0.6801||G_loss: 1.8798|R121_loss: 0.1689|R212_loss: 0.1570
2024/08/16 13:39:01: model [INFO] Epoch:   4/  6|Batch: 1154/16927||D_loss: 1.3633|D1_loss: 0.7058|D2_loss: 0.6575||G_loss: 1.8499|R121_loss: 0.2469|R212_loss: 0.1051
2024/08/16 13:39:01: model [INFO] Epoch:   4/  6|Batch: 1159/16927||D_loss: 1.4198|D1_loss: 0.7233|D2_loss: 0.6965||G_loss: 1.6903|R121_loss: 0.1846|R212_loss: 0.1077
2024/08/16 13:39:01: model [INFO] Epoch:   4/  6|Batch: 1164/16927||D_loss: 1.3471|D1_loss: 0.6664|D2_loss: 0.6806||G_loss: 1.8405|R121_loss: 0.1969|R212_loss: 0.1292
2024/08/16 13:39:01: model [INFO] Epoch:   4/  6|Batch: 1169/16927||D_loss: 1.4297|D1_loss: 0.7349|D2_loss: 0.6949||G_loss: 1.6739|R121_loss: 0.1812|R212_loss: 0.0987
2024/08/16 13:39:01: model [INFO] Epoch:   4/  6|Batch: 1174/16927||D_loss: 1.3190|D1_loss: 0.6803|D2_loss: 0.6387||G_loss: 1.9475|R121_loss: 0.1900|R212_loss: 0.1325
2024/08/16 13:39:01: model [INFO] Epoch:   4/  6|Batch: 1179/16927||D_loss: 1.3087|D1_loss: 0.6538|D2_loss: 0.6549||G_loss: 1.9607|R121_loss: 0.2350|R212_loss: 0.1367
2024/08/16 13:39:01: model [INFO] Epoch:   4/  6|Batch: 1184/16927||D_loss: 1.3459|D1_loss: 0.7145|D2_loss: 0.6314||G_loss: 1.8353|R121_loss: 0.1618|R212_loss: 0.1207
2024/08/16 13:39:01: model [INFO] Epoch:   4/  6|Batch: 1189/16927||D_loss: 1.2902|D1_loss: 0.6570|D2_loss: 0.6332||G_loss: 1.9678|R121_loss: 0.2557|R212_loss: 0.1302
2024/08/16 13:39:01: model [INFO] Epoch:   4/  6|Batch: 1194/16927||D_loss: 1.4306|D1_loss: 0.7296|D2_loss: 0.7010||G_loss: 1.6673|R121_loss: 0.1986|R212_loss: 0.1032
2024/08/16 13:39:01: model [INFO] Epoch:   4/  6|Batch: 1199/16927||D_loss: 1.3624|D1_loss: 0.6960|D2_loss: 0.6663||G_loss: 1.8226|R121_loss: 0.1917|R212_loss: 0.2396
2024/08/16 13:39:01: model [INFO] Epoch:   4/  6|Batch: 1204/16927||D_loss: 1.4356|D1_loss: 0.7350|D2_loss: 0.7006||G_loss: 1.6441|R121_loss: 0.1834|R212_loss: 0.0997
2024/08/16 13:39:01: model [INFO] Epoch:   4/  6|Batch: 1209/16927||D_loss: 1.3398|D1_loss: 0.6417|D2_loss: 0.6981||G_loss: 1.8374|R121_loss: 0.2324|R212_loss: 0.1364
2024/08/16 13:39:01: model [INFO] Epoch:   4/  6|Batch: 1214/16927||D_loss: 1.3036|D1_loss: 0.6640|D2_loss: 0.6396||G_loss: 2.0277|R121_loss: 0.2643|R212_loss: 0.1436
2024/08/16 13:39:01: model [INFO] Epoch:   4/  6|Batch: 1219/16927||D_loss: 1.3417|D1_loss: 0.6560|D2_loss: 0.6857||G_loss: 1.8611|R121_loss: 0.1908|R212_loss: 0.1708
2024/08/16 13:39:01: model [INFO] Epoch:   4/  6|Batch: 1224/16927||D_loss: 1.4016|D1_loss: 0.7127|D2_loss: 0.6889||G_loss: 1.7128|R121_loss: 0.1738|R212_loss: 0.1126
2024/08/16 13:39:01: model [INFO] Epoch:   4/  6|Batch: 1229/16927||D_loss: 1.3354|D1_loss: 0.6502|D2_loss: 0.6852||G_loss: 1.8224|R121_loss: 0.2176|R212_loss: 0.1375
2024/08/16 13:39:01: model [INFO] Epoch:   4/  6|Batch: 1234/16927||D_loss: 1.3244|D1_loss: 0.6676|D2_loss: 0.6568||G_loss: 1.9532|R121_loss: 0.2603|R212_loss: 0.1291
2024/08/16 13:39:01: model [INFO] Epoch:   4/  6|Batch: 1239/16927||D_loss: 1.4046|D1_loss: 0.7287|D2_loss: 0.6759||G_loss: 1.8267|R121_loss: 0.2031|R212_loss: 0.1168
2024/08/16 13:39:01: model [INFO] Epoch:   4/  6|Batch: 1244/16927||D_loss: 1.3394|D1_loss: 0.7084|D2_loss: 0.6311||G_loss: 1.8708|R121_loss: 0.1725|R212_loss: 0.1302
2024/08/16 13:39:01: model [INFO] Epoch:   4/  6|Batch: 1249/16927||D_loss: 1.4034|D1_loss: 0.7066|D2_loss: 0.6968||G_loss: 1.7662|R121_loss: 0.2413|R212_loss: 0.0999
2024/08/16 13:39:01: model [INFO] Epoch:   4/  6|Batch: 1254/16927||D_loss: 1.3155|D1_loss: 0.6375|D2_loss: 0.6781||G_loss: 1.9091|R121_loss: 0.2524|R212_loss: 0.1517
2024/08/16 13:39:01: model [INFO] Epoch:   4/  6|Batch: 1259/16927||D_loss: 1.3105|D1_loss: 0.6706|D2_loss: 0.6399||G_loss: 1.9933|R121_loss: 0.2436|R212_loss: 0.2783
2024/08/16 13:39:01: model [INFO] Epoch:   4/  6|Batch: 1264/16927||D_loss: 1.3471|D1_loss: 0.6583|D2_loss: 0.6889||G_loss: 1.8476|R121_loss: 0.2517|R212_loss: 0.1119
2024/08/16 13:39:01: model [INFO] Epoch:   4/  6|Batch: 1269/16927||D_loss: 1.3506|D1_loss: 0.6872|D2_loss: 0.6634||G_loss: 1.8646|R121_loss: 0.2225|R212_loss: 0.1037
2024/08/16 13:39:01: model [INFO] Epoch:   4/  6|Batch: 1274/16927||D_loss: 1.3743|D1_loss: 0.7000|D2_loss: 0.6743||G_loss: 1.8523|R121_loss: 0.2472|R212_loss: 0.1049
2024/08/16 13:39:01: model [INFO] Epoch:   4/  6|Batch: 1279/16927||D_loss: 1.3872|D1_loss: 0.6901|D2_loss: 0.6970||G_loss: 1.7494|R121_loss: 0.2119|R212_loss: 0.0971
2024/08/16 13:39:01: model [INFO] Epoch:   4/  6|Batch: 1284/16927||D_loss: 1.3448|D1_loss: 0.6934|D2_loss: 0.6514||G_loss: 2.0669|R121_loss: 0.2391|R212_loss: 0.2587
2024/08/16 13:39:01: model [INFO] Epoch:   4/  6|Batch: 1289/16927||D_loss: 1.3516|D1_loss: 0.6820|D2_loss: 0.6695||G_loss: 1.9146|R121_loss: 0.2924|R212_loss: 0.1106
2024/08/16 13:39:01: model [INFO] Epoch:   4/  6|Batch: 1294/16927||D_loss: 1.3078|D1_loss: 0.6468|D2_loss: 0.6611||G_loss: 1.9460|R121_loss: 0.2226|R212_loss: 0.1251
2024/08/16 13:39:01: model [INFO] Epoch:   4/  6|Batch: 1299/16927||D_loss: 1.3645|D1_loss: 0.6620|D2_loss: 0.7025||G_loss: 1.8970|R121_loss: 0.2292|R212_loss: 0.2157
2024/08/16 13:39:01: model [INFO] Epoch:   4/  6|Batch: 1304/16927||D_loss: 1.3144|D1_loss: 0.6827|D2_loss: 0.6317||G_loss: 1.9391|R121_loss: 0.2307|R212_loss: 0.1112
2024/08/16 13:39:01: model [INFO] Epoch:   4/  6|Batch: 1309/16927||D_loss: 1.3016|D1_loss: 0.6598|D2_loss: 0.6419||G_loss: 1.8679|R121_loss: 0.1979|R212_loss: 0.1028
2024/08/16 13:39:01: model [INFO] Epoch:   4/  6|Batch: 1314/16927||D_loss: 1.3154|D1_loss: 0.6621|D2_loss: 0.6534||G_loss: 1.8614|R121_loss: 0.2281|R212_loss: 0.1042
2024/08/16 13:39:01: model [INFO] Epoch:   4/  6|Batch: 1319/16927||D_loss: 1.3023|D1_loss: 0.6570|D2_loss: 0.6452||G_loss: 1.9755|R121_loss: 0.2411|R212_loss: 0.1857
2024/08/16 13:39:02: model [INFO] Epoch:   4/  6|Batch: 1324/16927||D_loss: 1.4382|D1_loss: 0.7262|D2_loss: 0.7119||G_loss: 1.7190|R121_loss: 0.2039|R212_loss: 0.1113
2024/08/16 13:39:02: model [INFO] Epoch:   4/  6|Batch: 1329/16927||D_loss: 1.3593|D1_loss: 0.6852|D2_loss: 0.6740||G_loss: 1.8611|R121_loss: 0.2009|R212_loss: 0.2024
2024/08/16 13:39:02: model [INFO] Epoch:   4/  6|Batch: 1334/16927||D_loss: 1.3517|D1_loss: 0.7109|D2_loss: 0.6408||G_loss: 2.0075|R121_loss: 0.2831|R212_loss: 0.1171
2024/08/16 13:39:02: model [INFO] Epoch:   4/  6|Batch: 1339/16927||D_loss: 1.2966|D1_loss: 0.6521|D2_loss: 0.6445||G_loss: 1.9084|R121_loss: 0.2504|R212_loss: 0.1050
2024/08/16 13:39:02: model [INFO] Epoch:   4/  6|Batch: 1344/16927||D_loss: 1.3166|D1_loss: 0.6913|D2_loss: 0.6253||G_loss: 1.8820|R121_loss: 0.1888|R212_loss: 0.1116
2024/08/16 13:39:02: model [INFO] Epoch:   4/  6|Batch: 1349/16927||D_loss: 1.4252|D1_loss: 0.7273|D2_loss: 0.6979||G_loss: 1.7376|R121_loss: 0.2209|R212_loss: 0.1086
2024/08/16 13:39:02: model [INFO] Epoch:   4/  6|Batch: 1354/16927||D_loss: 1.4027|D1_loss: 0.6861|D2_loss: 0.7166||G_loss: 1.7594|R121_loss: 0.2385|R212_loss: 0.1480
2024/08/16 13:39:02: model [INFO] Epoch:   4/  6|Batch: 1359/16927||D_loss: 1.3744|D1_loss: 0.6697|D2_loss: 0.7047||G_loss: 1.7502|R121_loss: 0.2334|R212_loss: 0.1153
2024/08/16 13:39:02: model [INFO] Epoch:   4/  6|Batch: 1364/16927||D_loss: 1.3189|D1_loss: 0.6708|D2_loss: 0.6481||G_loss: 1.9366|R121_loss: 0.2472|R212_loss: 0.1910
2024/08/16 13:39:02: model [INFO] Epoch:   4/  6|Batch: 1369/16927||D_loss: 1.3581|D1_loss: 0.6596|D2_loss: 0.6985||G_loss: 1.7292|R121_loss: 0.2098|R212_loss: 0.0966
2024/08/16 13:39:02: model [INFO] Epoch:   4/  6|Batch: 1374/16927||D_loss: 1.3860|D1_loss: 0.7318|D2_loss: 0.6542||G_loss: 1.9764|R121_loss: 0.2317|R212_loss: 0.2221
2024/08/16 13:39:02: model [INFO] Epoch:   4/  6|Batch: 1379/16927||D_loss: 1.3548|D1_loss: 0.6762|D2_loss: 0.6787||G_loss: 1.8182|R121_loss: 0.1951|R212_loss: 0.1347
2024/08/16 13:39:02: model [INFO] Epoch:   4/  6|Batch: 1384/16927||D_loss: 1.3841|D1_loss: 0.7112|D2_loss: 0.6729||G_loss: 1.8435|R121_loss: 0.2070|R212_loss: 0.1275
2024/08/16 13:39:02: model [INFO] Epoch:   4/  6|Batch: 1389/16927||D_loss: 1.3440|D1_loss: 0.6542|D2_loss: 0.6899||G_loss: 1.7483|R121_loss: 0.1874|R212_loss: 0.0940
2024/08/16 13:39:02: model [INFO] Epoch:   4/  6|Batch: 1394/16927||D_loss: 1.3933|D1_loss: 0.6896|D2_loss: 0.7037||G_loss: 1.7627|R121_loss: 0.1579|R212_loss: 0.1388
2024/08/16 13:39:02: model [INFO] Epoch:   4/  6|Batch: 1399/16927||D_loss: 1.3587|D1_loss: 0.6626|D2_loss: 0.6960||G_loss: 1.7467|R121_loss: 0.1721|R212_loss: 0.1258
2024/08/16 13:39:02: model [INFO] Epoch:   4/  6|Batch: 1404/16927||D_loss: 1.3661|D1_loss: 0.6723|D2_loss: 0.6938||G_loss: 1.7894|R121_loss: 0.1979|R212_loss: 0.1364
2024/08/16 13:39:02: model [INFO] Epoch:   4/  6|Batch: 1409/16927||D_loss: 1.3380|D1_loss: 0.6566|D2_loss: 0.6814||G_loss: 1.8040|R121_loss: 0.1976|R212_loss: 0.1155
2024/08/16 13:39:02: model [INFO] Epoch:   4/  6|Batch: 1414/16927||D_loss: 1.3569|D1_loss: 0.6868|D2_loss: 0.6701||G_loss: 1.8671|R121_loss: 0.2444|R212_loss: 0.1019
2024/08/16 13:39:02: model [INFO] Epoch:   4/  6|Batch: 1419/16927||D_loss: 1.3317|D1_loss: 0.6952|D2_loss: 0.6365||G_loss: 1.8965|R121_loss: 0.2023|R212_loss: 0.1057
2024/08/16 13:39:02: model [INFO] Epoch:   4/  6|Batch: 1424/16927||D_loss: 1.3553|D1_loss: 0.6802|D2_loss: 0.6751||G_loss: 1.8985|R121_loss: 0.1993|R212_loss: 0.2379
2024/08/16 13:39:02: model [INFO] Epoch:   4/  6|Batch: 1429/16927||D_loss: 1.3291|D1_loss: 0.6855|D2_loss: 0.6437||G_loss: 1.9852|R121_loss: 0.2943|R212_loss: 0.1461
2024/08/16 13:39:02: model [INFO] Epoch:   4/  6|Batch: 1434/16927||D_loss: 1.3752|D1_loss: 0.6948|D2_loss: 0.6804||G_loss: 1.8034|R121_loss: 0.2382|R212_loss: 0.1107
2024/08/16 13:39:02: model [INFO] Epoch:   4/  6|Batch: 1439/16927||D_loss: 1.3540|D1_loss: 0.6657|D2_loss: 0.6883||G_loss: 1.9991|R121_loss: 0.1981|R212_loss: 0.3110
2024/08/16 13:39:02: model [INFO] Epoch:   4/  6|Batch: 1444/16927||D_loss: 1.3743|D1_loss: 0.6764|D2_loss: 0.6979||G_loss: 1.8914|R121_loss: 0.1959|R212_loss: 0.1949
2024/08/16 13:39:02: model [INFO] Epoch:   4/  6|Batch: 1449/16927||D_loss: 1.3106|D1_loss: 0.6508|D2_loss: 0.6598||G_loss: 1.9995|R121_loss: 0.2617|R212_loss: 0.1562
2024/08/16 13:39:02: model [INFO] Epoch:   4/  6|Batch: 1454/16927||D_loss: 1.3439|D1_loss: 0.6729|D2_loss: 0.6710||G_loss: 1.9277|R121_loss: 0.2556|R212_loss: 0.1564
2024/08/16 13:39:02: model [INFO] Epoch:   4/  6|Batch: 1459/16927||D_loss: 1.3640|D1_loss: 0.6676|D2_loss: 0.6964||G_loss: 1.9285|R121_loss: 0.1785|R212_loss: 0.2237
2024/08/16 13:39:02: model [INFO] Epoch:   4/  6|Batch: 1464/16927||D_loss: 1.3564|D1_loss: 0.6669|D2_loss: 0.6895||G_loss: 1.7527|R121_loss: 0.1897|R212_loss: 0.0965
2024/08/16 13:39:02: model [INFO] Epoch:   4/  6|Batch: 1469/16927||D_loss: 1.3263|D1_loss: 0.6733|D2_loss: 0.6530||G_loss: 1.8984|R121_loss: 0.1867|R212_loss: 0.2105
2024/08/16 13:39:02: model [INFO] Epoch:   4/  6|Batch: 1474/16927||D_loss: 1.3557|D1_loss: 0.6764|D2_loss: 0.6793||G_loss: 1.8750|R121_loss: 0.2545|R212_loss: 0.1020
2024/08/16 13:39:02: model [INFO] Epoch:   4/  6|Batch: 1479/16927||D_loss: 1.3571|D1_loss: 0.6714|D2_loss: 0.6857||G_loss: 1.8562|R121_loss: 0.2198|R212_loss: 0.1498
2024/08/16 13:39:02: model [INFO] Epoch:   4/  6|Batch: 1484/16927||D_loss: 1.3521|D1_loss: 0.6644|D2_loss: 0.6877||G_loss: 1.8751|R121_loss: 0.2052|R212_loss: 0.1458
2024/08/16 13:39:02: model [INFO] Epoch:   4/  6|Batch: 1489/16927||D_loss: 1.3378|D1_loss: 0.6907|D2_loss: 0.6471||G_loss: 1.9306|R121_loss: 0.1719|R212_loss: 0.2417
2024/08/16 13:39:02: model [INFO] Epoch:   4/  6|Batch: 1494/16927||D_loss: 1.4027|D1_loss: 0.7021|D2_loss: 0.7006||G_loss: 1.7424|R121_loss: 0.1592|R212_loss: 0.0949
2024/08/16 13:39:02: model [INFO] Epoch:   4/  6|Batch: 1499/16927||D_loss: 1.3245|D1_loss: 0.6897|D2_loss: 0.6348||G_loss: 2.0296|R121_loss: 0.2616|R212_loss: 0.1463
2024/08/16 13:39:02: model [INFO] Epoch:   4/  6|Batch: 1504/16927||D_loss: 1.3781|D1_loss: 0.6767|D2_loss: 0.7013||G_loss: 1.7610|R121_loss: 0.1868|R212_loss: 0.1087
2024/08/16 13:39:03: model [INFO] Epoch:   4/  6|Batch: 1509/16927||D_loss: 1.3278|D1_loss: 0.6857|D2_loss: 0.6421||G_loss: 1.9087|R121_loss: 0.2052|R212_loss: 0.1913
2024/08/16 13:39:03: model [INFO] Epoch:   4/  6|Batch: 1514/16927||D_loss: 1.3387|D1_loss: 0.6540|D2_loss: 0.6847||G_loss: 1.7799|R121_loss: 0.1850|R212_loss: 0.1143
2024/08/16 13:39:03: model [INFO] Epoch:   4/  6|Batch: 1519/16927||D_loss: 1.3375|D1_loss: 0.6786|D2_loss: 0.6589||G_loss: 1.8783|R121_loss: 0.2275|R212_loss: 0.1012
2024/08/16 13:39:03: model [INFO] Epoch:   4/  6|Batch: 1524/16927||D_loss: 1.3816|D1_loss: 0.6913|D2_loss: 0.6904||G_loss: 1.7334|R121_loss: 0.1851|R212_loss: 0.0920
2024/08/16 13:39:03: model [INFO] Epoch:   4/  6|Batch: 1529/16927||D_loss: 1.3493|D1_loss: 0.6537|D2_loss: 0.6956||G_loss: 1.9010|R121_loss: 0.1948|R212_loss: 0.1574
2024/08/16 13:39:03: model [INFO] Epoch:   4/  6|Batch: 1534/16927||D_loss: 1.3936|D1_loss: 0.7002|D2_loss: 0.6934||G_loss: 1.7062|R121_loss: 0.1751|R212_loss: 0.0959
2024/08/16 13:39:03: model [INFO] Epoch:   4/  6|Batch: 1539/16927||D_loss: 1.3152|D1_loss: 0.6415|D2_loss: 0.6737||G_loss: 1.8887|R121_loss: 0.2189|R212_loss: 0.1506
2024/08/16 13:39:03: model [INFO] Epoch:   4/  6|Batch: 1544/16927||D_loss: 1.3069|D1_loss: 0.6397|D2_loss: 0.6672||G_loss: 1.9243|R121_loss: 0.2165|R212_loss: 0.1793
2024/08/16 13:39:03: model [INFO] Epoch:   4/  6|Batch: 1549/16927||D_loss: 1.3658|D1_loss: 0.6607|D2_loss: 0.7051||G_loss: 1.7315|R121_loss: 0.1828|R212_loss: 0.1101
2024/08/16 13:39:03: model [INFO] Epoch:   4/  6|Batch: 1554/16927||D_loss: 1.3329|D1_loss: 0.6786|D2_loss: 0.6543||G_loss: 1.8916|R121_loss: 0.1715|R212_loss: 0.1480
2024/08/16 13:39:03: model [INFO] Epoch:   4/  6|Batch: 1559/16927||D_loss: 1.3443|D1_loss: 0.6843|D2_loss: 0.6600||G_loss: 1.8528|R121_loss: 0.1959|R212_loss: 0.1414
2024/08/16 13:39:03: model [INFO] Epoch:   4/  6|Batch: 1564/16927||D_loss: 1.3215|D1_loss: 0.6560|D2_loss: 0.6655||G_loss: 1.9510|R121_loss: 0.2386|R212_loss: 0.1368
2024/08/16 13:39:03: model [INFO] Epoch:   4/  6|Batch: 1569/16927||D_loss: 1.3335|D1_loss: 0.6564|D2_loss: 0.6771||G_loss: 1.8590|R121_loss: 0.1756|R212_loss: 0.1621
2024/08/16 13:39:03: model [INFO] Epoch:   4/  6|Batch: 1574/16927||D_loss: 1.3134|D1_loss: 0.6460|D2_loss: 0.6675||G_loss: 1.8395|R121_loss: 0.1701|R212_loss: 0.1409
2024/08/16 13:39:03: model [INFO] Epoch:   4/  6|Batch: 1579/16927||D_loss: 1.4019|D1_loss: 0.7038|D2_loss: 0.6981||G_loss: 1.7891|R121_loss: 0.1600|R212_loss: 0.1032
2024/08/16 13:39:03: model [INFO] Epoch:   4/  6|Batch: 1584/16927||D_loss: 1.3334|D1_loss: 0.6853|D2_loss: 0.6482||G_loss: 1.8890|R121_loss: 0.1857|R212_loss: 0.1374
2024/08/16 13:39:03: model [INFO] Epoch:   4/  6|Batch: 1589/16927||D_loss: 1.3920|D1_loss: 0.6886|D2_loss: 0.7033||G_loss: 1.8059|R121_loss: 0.1757|R212_loss: 0.1046
2024/08/16 13:39:03: model [INFO] Epoch:   4/  6|Batch: 1594/16927||D_loss: 1.3667|D1_loss: 0.6689|D2_loss: 0.6977||G_loss: 1.8043|R121_loss: 0.1991|R212_loss: 0.1023
2024/08/16 13:39:03: model [INFO] Epoch:   4/  6|Batch: 1599/16927||D_loss: 1.3431|D1_loss: 0.6706|D2_loss: 0.6725||G_loss: 1.8187|R121_loss: 0.1729|R212_loss: 0.1335
2024/08/16 13:39:03: model [INFO] Epoch:   4/  6|Batch: 1604/16927||D_loss: 1.3372|D1_loss: 0.6266|D2_loss: 0.7106||G_loss: 1.8344|R121_loss: 0.2197|R212_loss: 0.1311
2024/08/16 13:39:03: model [INFO] Epoch:   4/  6|Batch: 1609/16927||D_loss: 1.3846|D1_loss: 0.6733|D2_loss: 0.7113||G_loss: 2.0849|R121_loss: 0.2536|R212_loss: 0.2776
2024/08/16 13:39:03: model [INFO] Epoch:   4/  6|Batch: 1614/16927||D_loss: 1.3587|D1_loss: 0.6568|D2_loss: 0.7019||G_loss: 1.7853|R121_loss: 0.2135|R212_loss: 0.1049
2024/08/16 13:39:03: model [INFO] Epoch:   4/  6|Batch: 1619/16927||D_loss: 1.3952|D1_loss: 0.6919|D2_loss: 0.7033||G_loss: 1.9618|R121_loss: 0.2075|R212_loss: 0.2597
2024/08/16 13:39:03: model [INFO] Epoch:   4/  6|Batch: 1624/16927||D_loss: 1.3636|D1_loss: 0.6674|D2_loss: 0.6962||G_loss: 1.7574|R121_loss: 0.1700|R212_loss: 0.1019
2024/08/16 13:39:03: model [INFO] Epoch:   4/  6|Batch: 1629/16927||D_loss: 1.3763|D1_loss: 0.6871|D2_loss: 0.6892||G_loss: 1.7738|R121_loss: 0.1926|R212_loss: 0.0995
2024/08/16 13:39:03: model [INFO] Epoch:   4/  6|Batch: 1634/16927||D_loss: 1.3801|D1_loss: 0.6973|D2_loss: 0.6829||G_loss: 1.7541|R121_loss: 0.1650|R212_loss: 0.1098
2024/08/16 13:39:03: model [INFO] Epoch:   4/  6|Batch: 1639/16927||D_loss: 1.3010|D1_loss: 0.6663|D2_loss: 0.6348||G_loss: 2.0980|R121_loss: 0.2622|R212_loss: 0.1437
2024/08/16 13:39:03: model [INFO] Epoch:   4/  6|Batch: 1644/16927||D_loss: 1.3318|D1_loss: 0.6828|D2_loss: 0.6489||G_loss: 1.8679|R121_loss: 0.2172|R212_loss: 0.1151
2024/08/16 13:39:03: model [INFO] Epoch:   4/  6|Batch: 1649/16927||D_loss: 1.3653|D1_loss: 0.6912|D2_loss: 0.6741||G_loss: 1.7535|R121_loss: 0.1769|R212_loss: 0.1062
2024/08/16 13:39:03: model [INFO] Epoch:   4/  6|Batch: 1654/16927||D_loss: 1.3692|D1_loss: 0.6927|D2_loss: 0.6765||G_loss: 1.7400|R121_loss: 0.1598|R212_loss: 0.1025
2024/08/16 13:39:03: model [INFO] Epoch:   4/  6|Batch: 1659/16927||D_loss: 1.3301|D1_loss: 0.6407|D2_loss: 0.6893||G_loss: 1.8766|R121_loss: 0.1700|R212_loss: 0.1918
2024/08/16 13:39:03: model [INFO] Epoch:   4/  6|Batch: 1664/16927||D_loss: 1.3669|D1_loss: 0.6878|D2_loss: 0.6791||G_loss: 1.7019|R121_loss: 0.1490|R212_loss: 0.0946
2024/08/16 13:39:03: model [INFO] Epoch:   4/  6|Batch: 1669/16927||D_loss: 1.3165|D1_loss: 0.6238|D2_loss: 0.6927||G_loss: 1.8130|R121_loss: 0.2173|R212_loss: 0.1344
2024/08/16 13:39:03: model [INFO] Epoch:   4/  6|Batch: 1674/16927||D_loss: 1.3071|D1_loss: 0.6179|D2_loss: 0.6891||G_loss: 1.9270|R121_loss: 0.1673|R212_loss: 0.2583
2024/08/16 13:39:03: model [INFO] Epoch:   4/  6|Batch: 1679/16927||D_loss: 1.3196|D1_loss: 0.6576|D2_loss: 0.6620||G_loss: 1.9830|R121_loss: 0.1666|R212_loss: 0.1852
2024/08/16 13:39:03: model [INFO] Epoch:   4/  6|Batch: 1684/16927||D_loss: 1.3549|D1_loss: 0.6966|D2_loss: 0.6583||G_loss: 1.8183|R121_loss: 0.1783|R212_loss: 0.0976
2024/08/16 13:39:03: model [INFO] Epoch:   4/  6|Batch: 1689/16927||D_loss: 1.3505|D1_loss: 0.7111|D2_loss: 0.6394||G_loss: 1.8754|R121_loss: 0.2141|R212_loss: 0.0963
2024/08/16 13:39:04: model [INFO] Epoch:   4/  6|Batch: 1694/16927||D_loss: 1.4002|D1_loss: 0.7101|D2_loss: 0.6901||G_loss: 1.6831|R121_loss: 0.1598|R212_loss: 0.0913
2024/08/16 13:39:04: model [INFO] Epoch:   4/  6|Batch: 1699/16927||D_loss: 1.3405|D1_loss: 0.6838|D2_loss: 0.6567||G_loss: 1.8170|R121_loss: 0.2290|R212_loss: 0.1002
2024/08/16 13:39:04: model [INFO] Epoch:   4/  6|Batch: 1704/16927||D_loss: 1.4009|D1_loss: 0.7036|D2_loss: 0.6972||G_loss: 1.7574|R121_loss: 0.1802|R212_loss: 0.1460
2024/08/16 13:39:04: model [INFO] Epoch:   4/  6|Batch: 1709/16927||D_loss: 1.3254|D1_loss: 0.6705|D2_loss: 0.6549||G_loss: 2.0402|R121_loss: 0.2470|R212_loss: 0.2719
2024/08/16 13:39:04: model [INFO] Epoch:   4/  6|Batch: 1714/16927||D_loss: 1.3102|D1_loss: 0.6162|D2_loss: 0.6940||G_loss: 1.8358|R121_loss: 0.1712|R212_loss: 0.1588
2024/08/16 13:39:04: model [INFO] Epoch:   4/  6|Batch: 1719/16927||D_loss: 1.3074|D1_loss: 0.6153|D2_loss: 0.6921||G_loss: 1.8424|R121_loss: 0.1781|R212_loss: 0.1612
2024/08/16 13:39:04: model [INFO] Epoch:   4/  6|Batch: 1724/16927||D_loss: 1.2601|D1_loss: 0.6085|D2_loss: 0.6516||G_loss: 1.9749|R121_loss: 0.2289|R212_loss: 0.1984
2024/08/16 13:39:04: model [INFO] Epoch:   4/  6|Batch: 1729/16927||D_loss: 1.2785|D1_loss: 0.5935|D2_loss: 0.6851||G_loss: 1.9963|R121_loss: 0.2801|R212_loss: 0.1478
2024/08/16 13:39:04: model [INFO] Epoch:   4/  6|Batch: 1734/16927||D_loss: 1.3486|D1_loss: 0.7055|D2_loss: 0.6431||G_loss: 1.9882|R121_loss: 0.1891|R212_loss: 0.2306
2024/08/16 13:39:04: model [INFO] Epoch:   4/  6|Batch: 1739/16927||D_loss: 1.3495|D1_loss: 0.6530|D2_loss: 0.6965||G_loss: 1.8925|R121_loss: 0.1546|R212_loss: 0.1611
2024/08/16 13:39:04: model [INFO] Epoch:   4/  6|Batch: 1744/16927||D_loss: 1.3407|D1_loss: 0.6804|D2_loss: 0.6603||G_loss: 2.0787|R121_loss: 0.2546|R212_loss: 0.1870
2024/08/16 13:39:04: model [INFO] Epoch:   4/  6|Batch: 1749/16927||D_loss: 1.3869|D1_loss: 0.7449|D2_loss: 0.6421||G_loss: 1.9506|R121_loss: 0.1826|R212_loss: 0.1923
2024/08/16 13:39:04: model [INFO] Epoch:   4/  6|Batch: 1754/16927||D_loss: 1.3742|D1_loss: 0.6924|D2_loss: 0.6818||G_loss: 1.9096|R121_loss: 0.1714|R212_loss: 0.1630
2024/08/16 13:39:04: model [INFO] Epoch:   4/  6|Batch: 1759/16927||D_loss: 1.3627|D1_loss: 0.7022|D2_loss: 0.6605||G_loss: 1.9183|R121_loss: 0.1798|R212_loss: 0.2340
2024/08/16 13:39:04: model [INFO] Epoch:   4/  6|Batch: 1764/16927||D_loss: 1.3087|D1_loss: 0.6231|D2_loss: 0.6856||G_loss: 1.8779|R121_loss: 0.1674|R212_loss: 0.1646
2024/08/16 13:39:04: model [INFO] Epoch:   4/  6|Batch: 1769/16927||D_loss: 1.3531|D1_loss: 0.7022|D2_loss: 0.6509||G_loss: 1.9596|R121_loss: 0.2157|R212_loss: 0.2694
2024/08/16 13:39:04: model [INFO] Epoch:   4/  6|Batch: 1774/16927||D_loss: 1.3153|D1_loss: 0.6938|D2_loss: 0.6215||G_loss: 1.9892|R121_loss: 0.1813|R212_loss: 0.1497
2024/08/16 13:39:04: model [INFO] Epoch:   4/  6|Batch: 1779/16927||D_loss: 1.2804|D1_loss: 0.6727|D2_loss: 0.6077||G_loss: 2.0513|R121_loss: 0.2568|R212_loss: 0.2190
2024/08/16 13:39:04: model [INFO] Epoch:   4/  6|Batch: 1784/16927||D_loss: 1.2702|D1_loss: 0.6918|D2_loss: 0.5784||G_loss: 2.1172|R121_loss: 0.2422|R212_loss: 0.1896
2024/08/16 13:39:04: model [INFO] Epoch:   4/  6|Batch: 1789/16927||D_loss: 1.3825|D1_loss: 0.6240|D2_loss: 0.7584||G_loss: 1.9661|R121_loss: 0.1727|R212_loss: 0.2729
2024/08/16 13:39:04: model [INFO] Epoch:   4/  6|Batch: 1794/16927||D_loss: 1.4000|D1_loss: 0.6797|D2_loss: 0.7203||G_loss: 1.7487|R121_loss: 0.1739|R212_loss: 0.1859
2024/08/16 13:39:04: model [INFO] Epoch:   4/  6|Batch: 1799/16927||D_loss: 1.3437|D1_loss: 0.7005|D2_loss: 0.6432||G_loss: 1.9152|R121_loss: 0.2084|R212_loss: 0.1963
2024/08/16 13:39:04: model [INFO] Epoch:   4/  6|Batch: 1804/16927||D_loss: 1.4330|D1_loss: 0.7376|D2_loss: 0.6954||G_loss: 1.7902|R121_loss: 0.1863|R212_loss: 0.1794
2024/08/16 13:39:04: model [INFO] Epoch:   4/  6|Batch: 1809/16927||D_loss: 1.3524|D1_loss: 0.6547|D2_loss: 0.6978||G_loss: 1.9947|R121_loss: 0.1893|R212_loss: 0.2566
2024/08/16 13:39:04: model [INFO] Epoch:   4/  6|Batch: 1814/16927||D_loss: 1.3355|D1_loss: 0.6810|D2_loss: 0.6545||G_loss: 1.8621|R121_loss: 0.1663|R212_loss: 0.1881
2024/08/16 13:39:04: model [INFO] Epoch:   4/  6|Batch: 1819/16927||D_loss: 1.3111|D1_loss: 0.6722|D2_loss: 0.6390||G_loss: 2.0394|R121_loss: 0.2079|R212_loss: 0.1485
2024/08/16 13:39:04: model [INFO] Epoch:   4/  6|Batch: 1824/16927||D_loss: 1.3306|D1_loss: 0.6374|D2_loss: 0.6932||G_loss: 1.8184|R121_loss: 0.1670|R212_loss: 0.1502
2024/08/16 13:39:04: model [INFO] Epoch:   4/  6|Batch: 1829/16927||D_loss: 1.3252|D1_loss: 0.6869|D2_loss: 0.6382||G_loss: 1.8733|R121_loss: 0.1852|R212_loss: 0.2059
2024/08/16 13:39:04: model [INFO] Epoch:   4/  6|Batch: 1834/16927||D_loss: 1.3556|D1_loss: 0.6709|D2_loss: 0.6847||G_loss: 1.9150|R121_loss: 0.2123|R212_loss: 0.1639
2024/08/16 13:39:04: model [INFO] Epoch:   4/  6|Batch: 1839/16927||D_loss: 1.4236|D1_loss: 0.7436|D2_loss: 0.6799||G_loss: 1.8184|R121_loss: 0.2340|R212_loss: 0.1676
2024/08/16 13:39:04: model [INFO] Epoch:   4/  6|Batch: 1844/16927||D_loss: 1.3608|D1_loss: 0.6661|D2_loss: 0.6947||G_loss: 1.9904|R121_loss: 0.1856|R212_loss: 0.2862
2024/08/16 13:39:04: model [INFO] Epoch:   4/  6|Batch: 1849/16927||D_loss: 1.2649|D1_loss: 0.6833|D2_loss: 0.5817||G_loss: 2.0852|R121_loss: 0.2531|R212_loss: 0.1923
2024/08/16 13:39:04: model [INFO] Epoch:   4/  6|Batch: 1854/16927||D_loss: 1.3518|D1_loss: 0.6748|D2_loss: 0.6770||G_loss: 1.9830|R121_loss: 0.2581|R212_loss: 0.1729
2024/08/16 13:39:04: model [INFO] Epoch:   4/  6|Batch: 1859/16927||D_loss: 1.3688|D1_loss: 0.7251|D2_loss: 0.6436||G_loss: 1.8987|R121_loss: 0.2275|R212_loss: 0.1528
2024/08/16 13:39:04: model [INFO] Epoch:   4/  6|Batch: 1864/16927||D_loss: 1.4188|D1_loss: 0.7224|D2_loss: 0.6964||G_loss: 1.7077|R121_loss: 0.1897|R212_loss: 0.1450
2024/08/16 13:39:04: model [INFO] Epoch:   4/  6|Batch: 1869/16927||D_loss: 1.3600|D1_loss: 0.7048|D2_loss: 0.6551||G_loss: 1.8572|R121_loss: 0.2456|R212_loss: 0.1511
2024/08/16 13:39:04: model [INFO] Epoch:   4/  6|Batch: 1874/16927||D_loss: 1.3918|D1_loss: 0.6881|D2_loss: 0.7037||G_loss: 1.6610|R121_loss: 0.1558|R212_loss: 0.1484
2024/08/16 13:39:05: model [INFO] Epoch:   4/  6|Batch: 1879/16927||D_loss: 1.3957|D1_loss: 0.6903|D2_loss: 0.7054||G_loss: 1.6463|R121_loss: 0.1642|R212_loss: 0.1380
2024/08/16 13:39:05: model [INFO] Epoch:   4/  6|Batch: 1884/16927||D_loss: 1.3757|D1_loss: 0.6716|D2_loss: 0.7040||G_loss: 1.8682|R121_loss: 0.2071|R212_loss: 0.1725
2024/08/16 13:39:05: model [INFO] Epoch:   4/  6|Batch: 1889/16927||D_loss: 1.3809|D1_loss: 0.6810|D2_loss: 0.6999||G_loss: 1.8187|R121_loss: 0.1774|R212_loss: 0.1509
2024/08/16 13:39:05: model [INFO] Epoch:   4/  6|Batch: 1894/16927||D_loss: 1.3868|D1_loss: 0.7396|D2_loss: 0.6471||G_loss: 1.8838|R121_loss: 0.2468|R212_loss: 0.1600
2024/08/16 13:39:05: model [INFO] Epoch:   4/  6|Batch: 1899/16927||D_loss: 1.4413|D1_loss: 0.7600|D2_loss: 0.6813||G_loss: 1.7803|R121_loss: 0.2406|R212_loss: 0.1386
2024/08/16 13:39:05: model [INFO] Epoch:   4/  6|Batch: 1904/16927||D_loss: 1.3589|D1_loss: 0.6717|D2_loss: 0.6871||G_loss: 1.9078|R121_loss: 0.1784|R212_loss: 0.2221
2024/08/16 13:39:05: model [INFO] Epoch:   4/  6|Batch: 1909/16927||D_loss: 1.3278|D1_loss: 0.6911|D2_loss: 0.6368||G_loss: 1.9929|R121_loss: 0.2289|R212_loss: 0.1428
2024/08/16 13:39:05: model [INFO] Epoch:   4/  6|Batch: 1914/16927||D_loss: 1.3421|D1_loss: 0.6922|D2_loss: 0.6499||G_loss: 2.1400|R121_loss: 0.2636|R212_loss: 0.2584
2024/08/16 13:39:05: model [INFO] Epoch:   4/  6|Batch: 1919/16927||D_loss: 1.3075|D1_loss: 0.6726|D2_loss: 0.6350||G_loss: 1.9780|R121_loss: 0.2238|R212_loss: 0.2939
2024/08/16 13:39:05: model [INFO] Epoch:   4/  6|Batch: 1924/16927||D_loss: 1.3776|D1_loss: 0.7399|D2_loss: 0.6377||G_loss: 1.8848|R121_loss: 0.2101|R212_loss: 0.1355
2024/08/16 13:39:05: model [INFO] Epoch:   4/  6|Batch: 1929/16927||D_loss: 1.3220|D1_loss: 0.6153|D2_loss: 0.7067||G_loss: 1.9120|R121_loss: 0.2195|R212_loss: 0.1668
2024/08/16 13:39:05: model [INFO] Epoch:   4/  6|Batch: 1934/16927||D_loss: 1.3355|D1_loss: 0.6481|D2_loss: 0.6874||G_loss: 1.8192|R121_loss: 0.1684|R212_loss: 0.1429
2024/08/16 13:39:05: model [INFO] Epoch:   4/  6|Batch: 1939/16927||D_loss: 1.3723|D1_loss: 0.6879|D2_loss: 0.6845||G_loss: 1.8558|R121_loss: 0.2071|R212_loss: 0.1364
2024/08/16 13:39:05: model [INFO] Epoch:   4/  6|Batch: 1944/16927||D_loss: 1.3272|D1_loss: 0.6382|D2_loss: 0.6890||G_loss: 1.8278|R121_loss: 0.1797|R212_loss: 0.1472
2024/08/16 13:39:05: model [INFO] Epoch:   4/  6|Batch: 1949/16927||D_loss: 1.3420|D1_loss: 0.6670|D2_loss: 0.6750||G_loss: 1.9373|R121_loss: 0.2228|R212_loss: 0.1593
2024/08/16 13:39:05: model [INFO] Epoch:   4/  6|Batch: 1954/16927||D_loss: 1.3705|D1_loss: 0.6939|D2_loss: 0.6766||G_loss: 1.8286|R121_loss: 0.2052|R212_loss: 0.1371
2024/08/16 13:39:05: model [INFO] Epoch:   4/  6|Batch: 1959/16927||D_loss: 1.2805|D1_loss: 0.6296|D2_loss: 0.6509||G_loss: 1.8337|R121_loss: 0.1667|R212_loss: 0.1682
2024/08/16 13:39:05: model [INFO] Epoch:   4/  6|Batch: 1964/16927||D_loss: 1.3303|D1_loss: 0.6801|D2_loss: 0.6502||G_loss: 1.8501|R121_loss: 0.1838|R212_loss: 0.1644
2024/08/16 13:39:05: model [INFO] Epoch:   4/  6|Batch: 1969/16927||D_loss: 1.3543|D1_loss: 0.6912|D2_loss: 0.6631||G_loss: 1.9147|R121_loss: 0.2243|R212_loss: 0.1970
2024/08/16 13:39:05: model [INFO] Epoch:   4/  6|Batch: 1974/16927||D_loss: 1.4809|D1_loss: 0.7540|D2_loss: 0.7268||G_loss: 1.7526|R121_loss: 0.2110|R212_loss: 0.1440
2024/08/16 13:39:05: model [INFO] Epoch:   4/  6|Batch: 1979/16927||D_loss: 1.3959|D1_loss: 0.7290|D2_loss: 0.6669||G_loss: 1.9889|R121_loss: 0.2854|R212_loss: 0.1448
2024/08/16 13:39:05: model [INFO] Epoch:   4/  6|Batch: 1984/16927||D_loss: 1.4681|D1_loss: 0.7523|D2_loss: 0.7158||G_loss: 1.7036|R121_loss: 0.2067|R212_loss: 0.1289
2024/08/16 13:39:05: model [INFO] Epoch:   4/  6|Batch: 1989/16927||D_loss: 1.2818|D1_loss: 0.6686|D2_loss: 0.6132||G_loss: 2.0423|R121_loss: 0.2619|R212_loss: 0.1630
2024/08/16 13:39:05: model [INFO] Epoch:   4/  6|Batch: 1994/16927||D_loss: 1.4068|D1_loss: 0.7336|D2_loss: 0.6732||G_loss: 1.7943|R121_loss: 0.2257|R212_loss: 0.1303
2024/08/16 13:39:05: model [INFO] Epoch:   4/  6|Batch: 1999/16927||D_loss: 1.3176|D1_loss: 0.6482|D2_loss: 0.6694||G_loss: 1.9296|R121_loss: 0.2001|R212_loss: 0.2185
2024/08/16 13:39:05: model [INFO] Epoch:   4/  6|Batch: 2004/16927||D_loss: 1.3310|D1_loss: 0.6793|D2_loss: 0.6517||G_loss: 1.8684|R121_loss: 0.1756|R212_loss: 0.2339
2024/08/16 13:39:05: model [INFO] Epoch:   4/  6|Batch: 2009/16927||D_loss: 1.3406|D1_loss: 0.6607|D2_loss: 0.6799||G_loss: 1.9156|R121_loss: 0.2621|R212_loss: 0.1769
2024/08/16 13:39:05: model [INFO] Epoch:   4/  6|Batch: 2014/16927||D_loss: 1.4420|D1_loss: 0.7238|D2_loss: 0.7182||G_loss: 1.6477|R121_loss: 0.1651|R212_loss: 0.1543
2024/08/16 13:39:05: model [INFO] Epoch:   4/  6|Batch: 2019/16927||D_loss: 1.4038|D1_loss: 0.6403|D2_loss: 0.7635||G_loss: 1.9624|R121_loss: 0.1979|R212_loss: 0.2590
2024/08/16 13:39:05: model [INFO] Epoch:   4/  6|Batch: 2024/16927||D_loss: 1.3118|D1_loss: 0.6856|D2_loss: 0.6262||G_loss: 1.9538|R121_loss: 0.2184|R212_loss: 0.1984
2024/08/16 13:39:05: model [INFO] Epoch:   4/  6|Batch: 2029/16927||D_loss: 1.3587|D1_loss: 0.6805|D2_loss: 0.6781||G_loss: 1.8784|R121_loss: 0.2088|R212_loss: 0.1448
2024/08/16 13:39:05: model [INFO] Epoch:   4/  6|Batch: 2034/16927||D_loss: 1.3259|D1_loss: 0.6462|D2_loss: 0.6798||G_loss: 2.0026|R121_loss: 0.2299|R212_loss: 0.2297
2024/08/16 13:39:05: model [INFO] Epoch:   4/  6|Batch: 2039/16927||D_loss: 1.3935|D1_loss: 0.6689|D2_loss: 0.7246||G_loss: 1.9981|R121_loss: 0.1951|R212_loss: 0.2656
2024/08/16 13:39:05: model [INFO] Epoch:   4/  6|Batch: 2044/16927||D_loss: 1.3351|D1_loss: 0.6818|D2_loss: 0.6533||G_loss: 1.8773|R121_loss: 0.2049|R212_loss: 0.1432
2024/08/16 13:39:05: model [INFO] Epoch:   4/  6|Batch: 2049/16927||D_loss: 1.4649|D1_loss: 0.7734|D2_loss: 0.6915||G_loss: 1.6847|R121_loss: 0.2092|R212_loss: 0.1324
2024/08/16 13:39:05: model [INFO] Epoch:   4/  6|Batch: 2054/16927||D_loss: 1.4738|D1_loss: 0.7741|D2_loss: 0.6998||G_loss: 1.6212|R121_loss: 0.1718|R212_loss: 0.1408
2024/08/16 13:39:05: model [INFO] Epoch:   4/  6|Batch: 2059/16927||D_loss: 1.3350|D1_loss: 0.6519|D2_loss: 0.6831||G_loss: 1.8916|R121_loss: 0.1526|R212_loss: 0.2381
2024/08/16 13:39:06: model [INFO] Epoch:   4/  6|Batch: 2064/16927||D_loss: 1.3734|D1_loss: 0.6998|D2_loss: 0.6736||G_loss: 1.9114|R121_loss: 0.2381|R212_loss: 0.2185
2024/08/16 13:39:06: model [INFO] Epoch:   4/  6|Batch: 2069/16927||D_loss: 1.4568|D1_loss: 0.7568|D2_loss: 0.6999||G_loss: 1.6080|R121_loss: 0.1693|R212_loss: 0.1217
2024/08/16 13:39:06: model [INFO] Epoch:   4/  6|Batch: 2074/16927||D_loss: 1.4453|D1_loss: 0.7457|D2_loss: 0.6996||G_loss: 1.6853|R121_loss: 0.2220|R212_loss: 0.1315
2024/08/16 13:39:06: model [INFO] Epoch:   4/  6|Batch: 2079/16927||D_loss: 1.4118|D1_loss: 0.7491|D2_loss: 0.6627||G_loss: 1.7473|R121_loss: 0.2103|R212_loss: 0.1269
2024/08/16 13:39:06: model [INFO] Epoch:   4/  6|Batch: 2084/16927||D_loss: 1.4181|D1_loss: 0.7345|D2_loss: 0.6836||G_loss: 1.7343|R121_loss: 0.2285|R212_loss: 0.1322
2024/08/16 13:39:06: model [INFO] Epoch:   4/  6|Batch: 2089/16927||D_loss: 1.4396|D1_loss: 0.7497|D2_loss: 0.6899||G_loss: 1.7071|R121_loss: 0.2129|R212_loss: 0.1231
2024/08/16 13:39:06: model [INFO] Epoch:   4/  6|Batch: 2094/16927||D_loss: 1.3650|D1_loss: 0.6817|D2_loss: 0.6833||G_loss: 1.8299|R121_loss: 0.1933|R212_loss: 0.1361
2024/08/16 13:39:06: model [INFO] Epoch:   4/  6|Batch: 2099/16927||D_loss: 1.2942|D1_loss: 0.6545|D2_loss: 0.6398||G_loss: 2.0311|R121_loss: 0.2338|R212_loss: 0.2091
2024/08/16 13:39:06: model [INFO] Epoch:   4/  6|Batch: 2104/16927||D_loss: 1.4202|D1_loss: 0.7454|D2_loss: 0.6748||G_loss: 1.7717|R121_loss: 0.1864|R212_loss: 0.2242
2024/08/16 13:39:06: model [INFO] Epoch:   4/  6|Batch: 2109/16927||D_loss: 1.4197|D1_loss: 0.7240|D2_loss: 0.6957||G_loss: 1.7174|R121_loss: 0.2089|R212_loss: 0.1293
2024/08/16 13:39:06: model [INFO] Epoch:   4/  6|Batch: 2114/16927||D_loss: 1.3085|D1_loss: 0.6730|D2_loss: 0.6355||G_loss: 1.9548|R121_loss: 0.2077|R212_loss: 0.1293
2024/08/16 13:39:06: model [INFO] Epoch:   4/  6|Batch: 2119/16927||D_loss: 1.3598|D1_loss: 0.6871|D2_loss: 0.6726||G_loss: 1.9742|R121_loss: 0.1869|R212_loss: 0.2906
2024/08/16 13:39:06: model [INFO] Epoch:   4/  6|Batch: 2124/16927||D_loss: 1.3782|D1_loss: 0.7071|D2_loss: 0.6711||G_loss: 1.8301|R121_loss: 0.2119|R212_loss: 0.2323
2024/08/16 13:39:06: model [INFO] Epoch:   4/  6|Batch: 2129/16927||D_loss: 1.4291|D1_loss: 0.7318|D2_loss: 0.6973||G_loss: 1.6789|R121_loss: 0.1724|R212_loss: 0.1193
2024/08/16 13:39:06: model [INFO] Epoch:   4/  6|Batch: 2134/16927||D_loss: 1.3515|D1_loss: 0.6566|D2_loss: 0.6949||G_loss: 1.8480|R121_loss: 0.1435|R212_loss: 0.2007
2024/08/16 13:39:06: model [INFO] Epoch:   4/  6|Batch: 2139/16927||D_loss: 1.3928|D1_loss: 0.7473|D2_loss: 0.6454||G_loss: 1.8776|R121_loss: 0.2470|R212_loss: 0.1223
2024/08/16 13:39:06: model [INFO] Epoch:   4/  6|Batch: 2144/16927||D_loss: 1.3948|D1_loss: 0.7193|D2_loss: 0.6755||G_loss: 1.7401|R121_loss: 0.2040|R212_loss: 0.1163
2024/08/16 13:39:06: model [INFO] Epoch:   4/  6|Batch: 2149/16927||D_loss: 1.2666|D1_loss: 0.6496|D2_loss: 0.6170||G_loss: 2.1054|R121_loss: 0.2283|R212_loss: 0.3244
2024/08/16 13:39:06: model [INFO] Epoch:   4/  6|Batch: 2154/16927||D_loss: 1.3412|D1_loss: 0.6448|D2_loss: 0.6964||G_loss: 2.0409|R121_loss: 0.2040|R212_loss: 0.2506
2024/08/16 13:39:06: model [INFO] Epoch:   4/  6|Batch: 2159/16927||D_loss: 1.4071|D1_loss: 0.7214|D2_loss: 0.6857||G_loss: 1.7057|R121_loss: 0.1666|R212_loss: 0.1225
2024/08/16 13:39:06: model [INFO] Epoch:   4/  6|Batch: 2164/16927||D_loss: 1.3682|D1_loss: 0.6583|D2_loss: 0.7099||G_loss: 1.9048|R121_loss: 0.1950|R212_loss: 0.1533
2024/08/16 13:39:06: model [INFO] Epoch:   4/  6|Batch: 2169/16927||D_loss: 1.4066|D1_loss: 0.7223|D2_loss: 0.6844||G_loss: 1.7115|R121_loss: 0.1888|R212_loss: 0.1176
2024/08/16 13:39:06: model [INFO] Epoch:   4/  6|Batch: 2174/16927||D_loss: 1.4007|D1_loss: 0.7177|D2_loss: 0.6830||G_loss: 1.7866|R121_loss: 0.2434|R212_loss: 0.1185
2024/08/16 13:39:06: model [INFO] Epoch:   4/  6|Batch: 2179/16927||D_loss: 1.3661|D1_loss: 0.6968|D2_loss: 0.6693||G_loss: 2.0422|R121_loss: 0.2347|R212_loss: 0.2876
2024/08/16 13:39:06: model [INFO] Epoch:   4/  6|Batch: 2184/16927||D_loss: 1.3790|D1_loss: 0.6936|D2_loss: 0.6854||G_loss: 1.7630|R121_loss: 0.1621|R212_loss: 0.1469
2024/08/16 13:39:06: model [INFO] Epoch:   4/  6|Batch: 2189/16927||D_loss: 1.3628|D1_loss: 0.6648|D2_loss: 0.6980||G_loss: 1.7593|R121_loss: 0.1652|R212_loss: 0.1400
2024/08/16 13:39:06: model [INFO] Epoch:   4/  6|Batch: 2194/16927||D_loss: 1.3585|D1_loss: 0.6638|D2_loss: 0.6947||G_loss: 1.9206|R121_loss: 0.2311|R212_loss: 0.2221
2024/08/16 13:39:06: model [INFO] Epoch:   4/  6|Batch: 2199/16927||D_loss: 1.3663|D1_loss: 0.6785|D2_loss: 0.6878||G_loss: 1.8981|R121_loss: 0.1721|R212_loss: 0.2326
2024/08/16 13:39:06: model [INFO] Epoch:   4/  6|Batch: 2204/16927||D_loss: 1.4064|D1_loss: 0.6955|D2_loss: 0.7109||G_loss: 1.8246|R121_loss: 0.1814|R212_loss: 0.1519
2024/08/16 13:39:06: model [INFO] Epoch:   4/  6|Batch: 2209/16927||D_loss: 1.3603|D1_loss: 0.7265|D2_loss: 0.6337||G_loss: 1.8779|R121_loss: 0.1966|R212_loss: 0.1217
2024/08/16 13:39:06: model [INFO] Epoch:   4/  6|Batch: 2214/16927||D_loss: 1.3868|D1_loss: 0.7014|D2_loss: 0.6853||G_loss: 1.6584|R121_loss: 0.1519|R212_loss: 0.1068
2024/08/16 13:39:06: model [INFO] Epoch:   4/  6|Batch: 2219/16927||D_loss: 1.4019|D1_loss: 0.7057|D2_loss: 0.6961||G_loss: 1.6472|R121_loss: 0.1609|R212_loss: 0.1186
2024/08/16 13:39:06: model [INFO] Epoch:   4/  6|Batch: 2224/16927||D_loss: 1.3676|D1_loss: 0.6688|D2_loss: 0.6987||G_loss: 1.7822|R121_loss: 0.1520|R212_loss: 0.1534
2024/08/16 13:39:06: model [INFO] Epoch:   4/  6|Batch: 2229/16927||D_loss: 1.3703|D1_loss: 0.7026|D2_loss: 0.6677||G_loss: 1.8485|R121_loss: 0.1970|R212_loss: 0.1401
2024/08/16 13:39:06: model [INFO] Epoch:   4/  6|Batch: 2234/16927||D_loss: 1.3690|D1_loss: 0.6737|D2_loss: 0.6953||G_loss: 1.8500|R121_loss: 0.2195|R212_loss: 0.1491
2024/08/16 13:39:06: model [INFO] Epoch:   4/  6|Batch: 2239/16927||D_loss: 1.3202|D1_loss: 0.6681|D2_loss: 0.6521||G_loss: 2.1083|R121_loss: 0.2793|R212_loss: 0.2345
2024/08/16 13:39:07: model [INFO] Epoch:   4/  6|Batch: 2244/16927||D_loss: 1.3368|D1_loss: 0.6666|D2_loss: 0.6703||G_loss: 1.9464|R121_loss: 0.3086|R212_loss: 0.1529
2024/08/16 13:39:07: model [INFO] Epoch:   4/  6|Batch: 2249/16927||D_loss: 1.3439|D1_loss: 0.6671|D2_loss: 0.6769||G_loss: 1.8418|R121_loss: 0.1697|R212_loss: 0.1307
2024/08/16 13:39:07: model [INFO] Epoch:   4/  6|Batch: 2254/16927||D_loss: 1.4096|D1_loss: 0.7323|D2_loss: 0.6773||G_loss: 1.7618|R121_loss: 0.1608|R212_loss: 0.2007
2024/08/16 13:39:07: model [INFO] Epoch:   4/  6|Batch: 2259/16927||D_loss: 1.2944|D1_loss: 0.6629|D2_loss: 0.6315||G_loss: 1.9942|R121_loss: 0.1741|R212_loss: 0.1995
2024/08/16 13:39:07: model [INFO] Epoch:   4/  6|Batch: 2264/16927||D_loss: 1.3815|D1_loss: 0.6886|D2_loss: 0.6928||G_loss: 1.7670|R121_loss: 0.1489|R212_loss: 0.2095
2024/08/16 13:39:07: model [INFO] Epoch:   4/  6|Batch: 2269/16927||D_loss: 1.4525|D1_loss: 0.7055|D2_loss: 0.7470||G_loss: 1.8217|R121_loss: 0.1563|R212_loss: 0.2506
2024/08/16 13:39:07: model [INFO] Epoch:   4/  6|Batch: 2274/16927||D_loss: 1.3577|D1_loss: 0.6877|D2_loss: 0.6700||G_loss: 1.9132|R121_loss: 0.2170|R212_loss: 0.1885
2024/08/16 13:39:07: model [INFO] Epoch:   4/  6|Batch: 2279/16927||D_loss: 1.3529|D1_loss: 0.6909|D2_loss: 0.6620||G_loss: 1.8295|R121_loss: 0.2059|R212_loss: 0.1338
2024/08/16 13:39:07: model [INFO] Epoch:   4/  6|Batch: 2284/16927||D_loss: 1.3346|D1_loss: 0.6813|D2_loss: 0.6533||G_loss: 1.9749|R121_loss: 0.2080|R212_loss: 0.2240
2024/08/16 13:39:07: model [INFO] Epoch:   4/  6|Batch: 2289/16927||D_loss: 1.3706|D1_loss: 0.6556|D2_loss: 0.7149||G_loss: 2.1555|R121_loss: 0.2869|R212_loss: 0.2458
2024/08/16 13:39:07: model [INFO] Epoch:   4/  6|Batch: 2294/16927||D_loss: 1.4155|D1_loss: 0.7195|D2_loss: 0.6961||G_loss: 1.6854|R121_loss: 0.1579|R212_loss: 0.1135
2024/08/16 13:39:07: model [INFO] Epoch:   4/  6|Batch: 2299/16927||D_loss: 1.4033|D1_loss: 0.7248|D2_loss: 0.6785||G_loss: 1.7558|R121_loss: 0.2014|R212_loss: 0.1143
2024/08/16 13:39:07: model [INFO] Epoch:   4/  6|Batch: 2304/16927||D_loss: 1.4065|D1_loss: 0.7302|D2_loss: 0.6763||G_loss: 1.7530|R121_loss: 0.2221|R212_loss: 0.1168
2024/08/16 13:39:07: model [INFO] Epoch:   4/  6|Batch: 2309/16927||D_loss: 1.4178|D1_loss: 0.7237|D2_loss: 0.6941||G_loss: 1.6577|R121_loss: 0.1920|R212_loss: 0.1153
2024/08/16 13:39:07: model [INFO] Epoch:   4/  6|Batch: 2314/16927||D_loss: 1.4282|D1_loss: 0.7395|D2_loss: 0.6887||G_loss: 1.6133|R121_loss: 0.1748|R212_loss: 0.1017
2024/08/16 13:39:07: model [INFO] Epoch:   4/  6|Batch: 2319/16927||D_loss: 1.3394|D1_loss: 0.6524|D2_loss: 0.6870||G_loss: 1.8745|R121_loss: 0.2242|R212_loss: 0.1800
2024/08/16 13:39:07: model [INFO] Epoch:   4/  6|Batch: 2324/16927||D_loss: 1.3538|D1_loss: 0.6764|D2_loss: 0.6774||G_loss: 1.8072|R121_loss: 0.2327|R212_loss: 0.1387
2024/08/16 13:39:07: model [INFO] Epoch:   4/  6|Batch: 2329/16927||D_loss: 1.3196|D1_loss: 0.6714|D2_loss: 0.6481||G_loss: 1.8767|R121_loss: 0.1787|R212_loss: 0.2689
2024/08/16 13:39:07: model [INFO] Epoch:   4/  6|Batch: 2334/16927||D_loss: 1.4358|D1_loss: 0.7369|D2_loss: 0.6989||G_loss: 1.7332|R121_loss: 0.2684|R212_loss: 0.1108
2024/08/16 13:39:07: model [INFO] Epoch:   4/  6|Batch: 2339/16927||D_loss: 1.3094|D1_loss: 0.6264|D2_loss: 0.6830||G_loss: 1.9518|R121_loss: 0.2578|R212_loss: 0.1729
2024/08/16 13:39:07: model [INFO] Epoch:   4/  6|Batch: 2344/16927||D_loss: 1.3765|D1_loss: 0.6565|D2_loss: 0.7200||G_loss: 1.9919|R121_loss: 0.2414|R212_loss: 0.2650
2024/08/16 13:39:07: model [INFO] Epoch:   4/  6|Batch: 2349/16927||D_loss: 1.4519|D1_loss: 0.7465|D2_loss: 0.7054||G_loss: 1.6635|R121_loss: 0.2031|R212_loss: 0.1044
2024/08/16 13:39:07: model [INFO] Epoch:   4/  6|Batch: 2354/16927||D_loss: 1.3770|D1_loss: 0.6861|D2_loss: 0.6909||G_loss: 1.8486|R121_loss: 0.2111|R212_loss: 0.1392
2024/08/16 13:39:07: model [INFO] Epoch:   4/  6|Batch: 2359/16927||D_loss: 1.4033|D1_loss: 0.7595|D2_loss: 0.6438||G_loss: 1.8428|R121_loss: 0.2466|R212_loss: 0.1065
2024/08/16 13:39:07: model [INFO] Epoch:   4/  6|Batch: 2364/16927||D_loss: 1.3852|D1_loss: 0.6961|D2_loss: 0.6890||G_loss: 1.9148|R121_loss: 0.1560|R212_loss: 0.2973
2024/08/16 13:39:07: model [INFO] Epoch:   4/  6|Batch: 2369/16927||D_loss: 1.4264|D1_loss: 0.7457|D2_loss: 0.6807||G_loss: 1.6775|R121_loss: 0.1808|R212_loss: 0.1137
2024/08/16 13:39:07: model [INFO] Epoch:   4/  6|Batch: 2374/16927||D_loss: 1.3954|D1_loss: 0.6964|D2_loss: 0.6991||G_loss: 1.8058|R121_loss: 0.2125|R212_loss: 0.1421
2024/08/16 13:39:07: model [INFO] Epoch:   4/  6|Batch: 2379/16927||D_loss: 1.3302|D1_loss: 0.6747|D2_loss: 0.6556||G_loss: 2.0237|R121_loss: 0.2296|R212_loss: 0.2164
2024/08/16 13:39:07: model [INFO] Epoch:   4/  6|Batch: 2384/16927||D_loss: 1.3758|D1_loss: 0.6775|D2_loss: 0.6983||G_loss: 1.8971|R121_loss: 0.1775|R212_loss: 0.2305
2024/08/16 13:39:07: model [INFO] Epoch:   4/  6|Batch: 2389/16927||D_loss: 1.4088|D1_loss: 0.7382|D2_loss: 0.6706||G_loss: 1.7932|R121_loss: 0.1785|R212_loss: 0.2259
2024/08/16 13:39:07: model [INFO] Epoch:   4/  6|Batch: 2394/16927||D_loss: 1.3423|D1_loss: 0.7067|D2_loss: 0.6356||G_loss: 1.8906|R121_loss: 0.1912|R212_loss: 0.2658
2024/08/16 13:39:07: model [INFO] Epoch:   4/  6|Batch: 2399/16927||D_loss: 1.3804|D1_loss: 0.7302|D2_loss: 0.6501||G_loss: 1.8824|R121_loss: 0.1970|R212_loss: 0.2655
2024/08/16 13:39:07: model [INFO] Epoch:   4/  6|Batch: 2404/16927||D_loss: 1.4517|D1_loss: 0.7403|D2_loss: 0.7113||G_loss: 1.7048|R121_loss: 0.1674|R212_loss: 0.1146
2024/08/16 13:39:07: model [INFO] Epoch:   4/  6|Batch: 2409/16927||D_loss: 1.3283|D1_loss: 0.6428|D2_loss: 0.6855||G_loss: 1.8857|R121_loss: 0.1456|R212_loss: 0.1603
2024/08/16 13:39:07: model [INFO] Epoch:   4/  6|Batch: 2414/16927||D_loss: 1.4324|D1_loss: 0.7328|D2_loss: 0.6996||G_loss: 1.7490|R121_loss: 0.2280|R212_loss: 0.0998
2024/08/16 13:39:07: model [INFO] Epoch:   4/  6|Batch: 2419/16927||D_loss: 1.4399|D1_loss: 0.7330|D2_loss: 0.7070||G_loss: 1.6662|R121_loss: 0.1763|R212_loss: 0.1079
2024/08/16 13:39:07: model [INFO] Epoch:   4/  6|Batch: 2424/16927||D_loss: 1.3493|D1_loss: 0.6731|D2_loss: 0.6762||G_loss: 1.7709|R121_loss: 0.1498|R212_loss: 0.1527
2024/08/16 13:39:08: model [INFO] Epoch:   4/  6|Batch: 2429/16927||D_loss: 1.4375|D1_loss: 0.7349|D2_loss: 0.7026||G_loss: 1.6704|R121_loss: 0.1976|R212_loss: 0.1107
2024/08/16 13:39:08: model [INFO] Epoch:   4/  6|Batch: 2434/16927||D_loss: 1.3763|D1_loss: 0.7063|D2_loss: 0.6699||G_loss: 1.7976|R121_loss: 0.1898|R212_loss: 0.1516
2024/08/16 13:39:08: model [INFO] Epoch:   4/  6|Batch: 2439/16927||D_loss: 1.4362|D1_loss: 0.7375|D2_loss: 0.6987||G_loss: 1.7072|R121_loss: 0.2363|R212_loss: 0.0991
2024/08/16 13:39:08: model [INFO] Epoch:   4/  6|Batch: 2444/16927||D_loss: 1.3792|D1_loss: 0.7060|D2_loss: 0.6731||G_loss: 1.8357|R121_loss: 0.1844|R212_loss: 0.1702
2024/08/16 13:39:08: model [INFO] Epoch:   4/  6|Batch: 2449/16927||D_loss: 1.3092|D1_loss: 0.6701|D2_loss: 0.6391||G_loss: 1.9789|R121_loss: 0.2531|R212_loss: 0.1739
2024/08/16 13:39:08: model [INFO] Epoch:   4/  6|Batch: 2454/16927||D_loss: 1.3732|D1_loss: 0.6622|D2_loss: 0.7109||G_loss: 2.0954|R121_loss: 0.1968|R212_loss: 0.2805
2024/08/16 13:39:08: model [INFO] Epoch:   4/  6|Batch: 2459/16927||D_loss: 1.3387|D1_loss: 0.6680|D2_loss: 0.6707||G_loss: 1.8817|R121_loss: 0.2039|R212_loss: 0.1877
2024/08/16 13:39:08: model [INFO] Epoch:   4/  6|Batch: 2464/16927||D_loss: 1.3328|D1_loss: 0.6634|D2_loss: 0.6694||G_loss: 1.9175|R121_loss: 0.2813|R212_loss: 0.1558
2024/08/16 13:39:08: model [INFO] Epoch:   4/  6|Batch: 2469/16927||D_loss: 1.3374|D1_loss: 0.6608|D2_loss: 0.6766||G_loss: 1.7716|R121_loss: 0.1549|R212_loss: 0.1474
2024/08/16 13:39:08: model [INFO] Epoch:   4/  6|Batch: 2474/16927||D_loss: 1.3623|D1_loss: 0.7196|D2_loss: 0.6428||G_loss: 1.9262|R121_loss: 0.2352|R212_loss: 0.2110
2024/08/16 13:39:08: model [INFO] Epoch:   4/  6|Batch: 2479/16927||D_loss: 1.3635|D1_loss: 0.7098|D2_loss: 0.6538||G_loss: 1.8117|R121_loss: 0.1662|R212_loss: 0.2218
2024/08/16 13:39:08: model [INFO] Epoch:   4/  6|Batch: 2484/16927||D_loss: 1.4184|D1_loss: 0.6785|D2_loss: 0.7399||G_loss: 2.0460|R121_loss: 0.2531|R212_loss: 0.2547
2024/08/16 13:39:08: model [INFO] Epoch:   4/  6|Batch: 2489/16927||D_loss: 1.2834|D1_loss: 0.6599|D2_loss: 0.6235||G_loss: 2.0012|R121_loss: 0.2173|R212_loss: 0.1525
2024/08/16 13:39:08: model [INFO] Epoch:   4/  6|Batch: 2494/16927||D_loss: 1.3486|D1_loss: 0.6717|D2_loss: 0.6769||G_loss: 1.8293|R121_loss: 0.2122|R212_loss: 0.1252
2024/08/16 13:39:08: model [INFO] Epoch:   4/  6|Batch: 2499/16927||D_loss: 1.3965|D1_loss: 0.7136|D2_loss: 0.6829||G_loss: 1.7525|R121_loss: 0.1961|R212_loss: 0.1107
2024/08/16 13:39:08: model [INFO] Epoch:   4/  6|Batch: 2504/16927||D_loss: 1.2930|D1_loss: 0.6639|D2_loss: 0.6291||G_loss: 1.9389|R121_loss: 0.2493|R212_loss: 0.1314
2024/08/16 13:39:08: model [INFO] Epoch:   4/  6|Batch: 2509/16927||D_loss: 1.3413|D1_loss: 0.6753|D2_loss: 0.6660||G_loss: 1.7958|R121_loss: 0.2026|R212_loss: 0.1340
2024/08/16 13:39:08: model [INFO] Epoch:   4/  6|Batch: 2514/16927||D_loss: 1.4243|D1_loss: 0.7287|D2_loss: 0.6956||G_loss: 1.7311|R121_loss: 0.2093|R212_loss: 0.1152
2024/08/16 13:39:08: model [INFO] Epoch:   4/  6|Batch: 2519/16927||D_loss: 1.4258|D1_loss: 0.7248|D2_loss: 0.7010||G_loss: 1.6570|R121_loss: 0.1491|R212_loss: 0.1244
2024/08/16 13:39:08: model [INFO] Epoch:   4/  6|Batch: 2524/16927||D_loss: 1.3793|D1_loss: 0.7152|D2_loss: 0.6642||G_loss: 1.8206|R121_loss: 0.2647|R212_loss: 0.1108
2024/08/16 13:39:08: model [INFO] Epoch:   4/  6|Batch: 2529/16927||D_loss: 1.2945|D1_loss: 0.6587|D2_loss: 0.6358||G_loss: 1.8941|R121_loss: 0.2503|R212_loss: 0.1768
2024/08/16 13:39:08: model [INFO] Epoch:   4/  6|Batch: 2534/16927||D_loss: 1.3888|D1_loss: 0.7365|D2_loss: 0.6523||G_loss: 1.7413|R121_loss: 0.1954|R212_loss: 0.1107
2024/08/16 13:39:08: model [INFO] Epoch:   4/  6|Batch: 2539/16927||D_loss: 1.3989|D1_loss: 0.7489|D2_loss: 0.6501||G_loss: 1.7946|R121_loss: 0.2470|R212_loss: 0.1014
2024/08/16 13:39:08: model [INFO] Epoch:   4/  6|Batch: 2544/16927||D_loss: 1.3364|D1_loss: 0.6691|D2_loss: 0.6673||G_loss: 1.8241|R121_loss: 0.2126|R212_loss: 0.1378
2024/08/16 13:39:08: model [INFO] Epoch:   4/  6|Batch: 2549/16927||D_loss: 1.3009|D1_loss: 0.6684|D2_loss: 0.6325||G_loss: 1.9015|R121_loss: 0.2172|R212_loss: 0.1799
2024/08/16 13:39:08: model [INFO] Epoch:   4/  6|Batch: 2554/16927||D_loss: 1.3302|D1_loss: 0.6838|D2_loss: 0.6464||G_loss: 1.8664|R121_loss: 0.2271|R212_loss: 0.1482
2024/08/16 13:39:08: model [INFO] Epoch:   4/  6|Batch: 2559/16927||D_loss: 1.4446|D1_loss: 0.7544|D2_loss: 0.6903||G_loss: 1.7165|R121_loss: 0.2171|R212_loss: 0.1145
2024/08/16 13:39:08: model [INFO] Epoch:   4/  6|Batch: 2564/16927||D_loss: 1.3422|D1_loss: 0.6690|D2_loss: 0.6731||G_loss: 1.7491|R121_loss: 0.1442|R212_loss: 0.1469
2024/08/16 13:39:08: model [INFO] Epoch:   4/  6|Batch: 2569/16927||D_loss: 1.3589|D1_loss: 0.6985|D2_loss: 0.6604||G_loss: 1.8457|R121_loss: 0.2146|R212_loss: 0.1722
2024/08/16 13:39:08: model [INFO] Epoch:   4/  6|Batch: 2574/16927||D_loss: 1.3512|D1_loss: 0.6851|D2_loss: 0.6662||G_loss: 1.8503|R121_loss: 0.1871|R212_loss: 0.2065
2024/08/16 13:39:08: model [INFO] Epoch:   4/  6|Batch: 2579/16927||D_loss: 1.3028|D1_loss: 0.6729|D2_loss: 0.6299||G_loss: 2.0318|R121_loss: 0.2322|R212_loss: 0.2121
2024/08/16 13:39:08: model [INFO] Epoch:   4/  6|Batch: 2584/16927||D_loss: 1.4205|D1_loss: 0.7165|D2_loss: 0.7039||G_loss: 1.6735|R121_loss: 0.2055|R212_loss: 0.1025
2024/08/16 13:39:08: model [INFO] Epoch:   4/  6|Batch: 2589/16927||D_loss: 1.4264|D1_loss: 0.7310|D2_loss: 0.6955||G_loss: 1.6376|R121_loss: 0.1856|R212_loss: 0.1040
2024/08/16 13:39:08: model [INFO] Epoch:   4/  6|Batch: 2594/16927||D_loss: 1.3716|D1_loss: 0.7184|D2_loss: 0.6532||G_loss: 1.7801|R121_loss: 0.2369|R212_loss: 0.1030
2024/08/16 13:39:08: model [INFO] Epoch:   4/  6|Batch: 2599/16927||D_loss: 1.2543|D1_loss: 0.6399|D2_loss: 0.6144||G_loss: 2.1480|R121_loss: 0.3124|R212_loss: 0.1804
2024/08/16 13:39:08: model [INFO] Epoch:   4/  6|Batch: 2604/16927||D_loss: 1.4716|D1_loss: 0.7667|D2_loss: 0.7049||G_loss: 1.6340|R121_loss: 0.1958|R212_loss: 0.0932
2024/08/16 13:39:08: model [INFO] Epoch:   4/  6|Batch: 2609/16927||D_loss: 1.3681|D1_loss: 0.7056|D2_loss: 0.6626||G_loss: 1.7726|R121_loss: 0.1863|R212_loss: 0.1509
2024/08/16 13:39:09: model [INFO] Epoch:   4/  6|Batch: 2614/16927||D_loss: 1.3462|D1_loss: 0.6824|D2_loss: 0.6638||G_loss: 1.8016|R121_loss: 0.1718|R212_loss: 0.1447
2024/08/16 13:39:09: model [INFO] Epoch:   4/  6|Batch: 2619/16927||D_loss: 1.3186|D1_loss: 0.6907|D2_loss: 0.6279||G_loss: 1.8649|R121_loss: 0.1998|R212_loss: 0.1488
2024/08/16 13:39:09: model [INFO] Epoch:   4/  6|Batch: 2624/16927||D_loss: 1.4847|D1_loss: 0.7610|D2_loss: 0.7237||G_loss: 1.6622|R121_loss: 0.1708|R212_loss: 0.1243
2024/08/16 13:39:09: model [INFO] Epoch:   4/  6|Batch: 2629/16927||D_loss: 1.4440|D1_loss: 0.7281|D2_loss: 0.7159||G_loss: 1.6629|R121_loss: 0.1886|R212_loss: 0.1134
2024/08/16 13:39:09: model [INFO] Epoch:   4/  6|Batch: 2634/16927||D_loss: 1.3159|D1_loss: 0.6813|D2_loss: 0.6345||G_loss: 1.8652|R121_loss: 0.2160|R212_loss: 0.1432
2024/08/16 13:39:09: model [INFO] Epoch:   4/  6|Batch: 2639/16927||D_loss: 1.4370|D1_loss: 0.7255|D2_loss: 0.7115||G_loss: 1.7301|R121_loss: 0.2266|R212_loss: 0.1267
2024/08/16 13:39:09: model [INFO] Epoch:   4/  6|Batch: 2644/16927||D_loss: 1.4379|D1_loss: 0.7333|D2_loss: 0.7046||G_loss: 1.6411|R121_loss: 0.1734|R212_loss: 0.1104
2024/08/16 13:39:09: model [INFO] Epoch:   4/  6|Batch: 2649/16927||D_loss: 1.3230|D1_loss: 0.6601|D2_loss: 0.6629||G_loss: 1.8360|R121_loss: 0.2219|R212_loss: 0.1525
2024/08/16 13:39:09: model [INFO] Epoch:   4/  6|Batch: 2654/16927||D_loss: 1.4343|D1_loss: 0.7369|D2_loss: 0.6975||G_loss: 1.6720|R121_loss: 0.2084|R212_loss: 0.0966
2024/08/16 13:39:09: model [INFO] Epoch:   4/  6|Batch: 2659/16927||D_loss: 1.3224|D1_loss: 0.6600|D2_loss: 0.6625||G_loss: 1.9213|R121_loss: 0.2007|R212_loss: 0.2213
2024/08/16 13:39:09: model [INFO] Epoch:   4/  6|Batch: 2664/16927||D_loss: 1.4299|D1_loss: 0.6768|D2_loss: 0.7531||G_loss: 1.9139|R121_loss: 0.1805|R212_loss: 0.2544
2024/08/16 13:39:09: model [INFO] Epoch:   4/  6|Batch: 2669/16927||D_loss: 1.3014|D1_loss: 0.6376|D2_loss: 0.6638||G_loss: 1.9629|R121_loss: 0.1956|R212_loss: 0.2327
2024/08/16 13:39:09: model [INFO] Epoch:   4/  6|Batch: 2674/16927||D_loss: 1.4182|D1_loss: 0.7046|D2_loss: 0.7136||G_loss: 1.7313|R121_loss: 0.2430|R212_loss: 0.1175
2024/08/16 13:39:09: model [INFO] Epoch:   4/  6|Batch: 2679/16927||D_loss: 1.3489|D1_loss: 0.6779|D2_loss: 0.6711||G_loss: 1.8140|R121_loss: 0.1871|R212_loss: 0.1377
2024/08/16 13:39:09: model [INFO] Epoch:   4/  6|Batch: 2684/16927||D_loss: 1.3863|D1_loss: 0.6889|D2_loss: 0.6973||G_loss: 1.8377|R121_loss: 0.2491|R212_loss: 0.1033
2024/08/16 13:39:09: model [INFO] Epoch:   4/  6|Batch: 2689/16927||D_loss: 1.2845|D1_loss: 0.6573|D2_loss: 0.6272||G_loss: 2.0151|R121_loss: 0.2744|R212_loss: 0.2060
2024/08/16 13:39:09: model [INFO] Epoch:   4/  6|Batch: 2694/16927||D_loss: 1.2694|D1_loss: 0.6166|D2_loss: 0.6528||G_loss: 2.0675|R121_loss: 0.2941|R212_loss: 0.1365
2024/08/16 13:39:09: model [INFO] Epoch:   4/  6|Batch: 2699/16927||D_loss: 1.2933|D1_loss: 0.6295|D2_loss: 0.6638||G_loss: 1.9686|R121_loss: 0.2214|R212_loss: 0.1443
2024/08/16 13:39:09: model [INFO] Epoch:   4/  6|Batch: 2704/16927||D_loss: 1.3985|D1_loss: 0.6326|D2_loss: 0.7659||G_loss: 2.0832|R121_loss: 0.2292|R212_loss: 0.2697
2024/08/16 13:39:09: model [INFO] Epoch:   4/  6|Batch: 2709/16927||D_loss: 1.3805|D1_loss: 0.7100|D2_loss: 0.6705||G_loss: 1.8860|R121_loss: 0.1961|R212_loss: 0.1428
2024/08/16 13:39:09: model [INFO] Epoch:   4/  6|Batch: 2714/16927||D_loss: 1.3115|D1_loss: 0.6419|D2_loss: 0.6695||G_loss: 1.8797|R121_loss: 0.2119|R212_loss: 0.1334
2024/08/16 13:39:09: model [INFO] Epoch:   4/  6|Batch: 2719/16927||D_loss: 1.3626|D1_loss: 0.6808|D2_loss: 0.6818||G_loss: 1.8463|R121_loss: 0.2057|R212_loss: 0.1268
2024/08/16 13:39:09: model [INFO] Epoch:   4/  6|Batch: 2724/16927||D_loss: 1.3387|D1_loss: 0.6759|D2_loss: 0.6628||G_loss: 1.8164|R121_loss: 0.1795|R212_loss: 0.1346
2024/08/16 13:39:09: model [INFO] Epoch:   4/  6|Batch: 2729/16927||D_loss: 1.3619|D1_loss: 0.6732|D2_loss: 0.6887||G_loss: 1.8457|R121_loss: 0.2071|R212_loss: 0.1222
2024/08/16 13:39:09: model [INFO] Epoch:   4/  6|Batch: 2734/16927||D_loss: 1.4088|D1_loss: 0.6990|D2_loss: 0.7098||G_loss: 1.7480|R121_loss: 0.1926|R212_loss: 0.1170
2024/08/16 13:39:09: model [INFO] Epoch:   4/  6|Batch: 2739/16927||D_loss: 1.4253|D1_loss: 0.6922|D2_loss: 0.7331||G_loss: 1.8827|R121_loss: 0.1618|R212_loss: 0.2691
2024/08/16 13:39:09: model [INFO] Epoch:   4/  6|Batch: 2744/16927||D_loss: 1.3098|D1_loss: 0.6424|D2_loss: 0.6674||G_loss: 1.8597|R121_loss: 0.2205|R212_loss: 0.1532
2024/08/16 13:39:09: model [INFO] Epoch:   4/  6|Batch: 2749/16927||D_loss: 1.3993|D1_loss: 0.7075|D2_loss: 0.6917||G_loss: 1.7344|R121_loss: 0.1769|R212_loss: 0.1228
2024/08/16 13:39:09: model [INFO] Epoch:   4/  6|Batch: 2754/16927||D_loss: 1.3550|D1_loss: 0.6773|D2_loss: 0.6778||G_loss: 1.8498|R121_loss: 0.1572|R212_loss: 0.2289
2024/08/16 13:39:09: model [INFO] Epoch:   4/  6|Batch: 2759/16927||D_loss: 1.3224|D1_loss: 0.6877|D2_loss: 0.6347||G_loss: 1.7798|R121_loss: 0.1429|R212_loss: 0.1976
2024/08/16 13:39:09: model [INFO] Epoch:   4/  6|Batch: 2764/16927||D_loss: 1.3736|D1_loss: 0.7163|D2_loss: 0.6572||G_loss: 1.8301|R121_loss: 0.1814|R212_loss: 0.2215
2024/08/16 13:39:09: model [INFO] Epoch:   4/  6|Batch: 2769/16927||D_loss: 1.2923|D1_loss: 0.6211|D2_loss: 0.6712||G_loss: 1.9204|R121_loss: 0.1877|R212_loss: 0.2291
2024/08/16 13:39:09: model [INFO] Epoch:   4/  6|Batch: 2774/16927||D_loss: 1.3060|D1_loss: 0.6844|D2_loss: 0.6216||G_loss: 1.8592|R121_loss: 0.2029|R212_loss: 0.1742
2024/08/16 13:39:09: model [INFO] Epoch:   4/  6|Batch: 2779/16927||D_loss: 1.4005|D1_loss: 0.6947|D2_loss: 0.7058||G_loss: 1.7531|R121_loss: 0.1728|R212_loss: 0.1163
2024/08/16 13:39:09: model [INFO] Epoch:   4/  6|Batch: 2784/16927||D_loss: 1.3418|D1_loss: 0.6795|D2_loss: 0.6624||G_loss: 1.8183|R121_loss: 0.1670|R212_loss: 0.1443
2024/08/16 13:39:09: model [INFO] Epoch:   4/  6|Batch: 2789/16927||D_loss: 1.3062|D1_loss: 0.6395|D2_loss: 0.6667||G_loss: 1.7772|R121_loss: 0.1773|R212_loss: 0.1416
2024/08/16 13:39:09: model [INFO] Epoch:   4/  6|Batch: 2794/16927||D_loss: 1.4349|D1_loss: 0.6765|D2_loss: 0.7584||G_loss: 1.8657|R121_loss: 0.1572|R212_loss: 0.2543
2024/08/16 13:39:10: model [INFO] Epoch:   4/  6|Batch: 2799/16927||D_loss: 1.3631|D1_loss: 0.7012|D2_loss: 0.6619||G_loss: 1.7209|R121_loss: 0.1419|R212_loss: 0.1229
2024/08/16 13:39:10: model [INFO] Epoch:   4/  6|Batch: 2804/16927||D_loss: 1.3212|D1_loss: 0.6508|D2_loss: 0.6703||G_loss: 1.8091|R121_loss: 0.1793|R212_loss: 0.1389
2024/08/16 13:39:10: model [INFO] Epoch:   4/  6|Batch: 2809/16927||D_loss: 1.3146|D1_loss: 0.6495|D2_loss: 0.6651||G_loss: 1.8060|R121_loss: 0.1748|R212_loss: 0.1265
2024/08/16 13:39:10: model [INFO] Epoch:   4/  6|Batch: 2814/16927||D_loss: 1.2960|D1_loss: 0.6348|D2_loss: 0.6612||G_loss: 1.8016|R121_loss: 0.1839|R212_loss: 0.1239
2024/08/16 13:39:10: model [INFO] Epoch:   4/  6|Batch: 2819/16927||D_loss: 1.3819|D1_loss: 0.6763|D2_loss: 0.7056||G_loss: 1.7506|R121_loss: 0.1835|R212_loss: 0.1124
2024/08/16 13:39:10: model [INFO] Epoch:   4/  6|Batch: 2824/16927||D_loss: 1.3095|D1_loss: 0.6656|D2_loss: 0.6439||G_loss: 1.8876|R121_loss: 0.2359|R212_loss: 0.1205
2024/08/16 13:39:10: model [INFO] Epoch:   4/  6|Batch: 2829/16927||D_loss: 1.3834|D1_loss: 0.6789|D2_loss: 0.7045||G_loss: 1.7806|R121_loss: 0.1881|R212_loss: 0.1117
2024/08/16 13:39:10: model [INFO] Epoch:   4/  6|Batch: 2834/16927||D_loss: 1.3884|D1_loss: 0.6843|D2_loss: 0.7041||G_loss: 1.7372|R121_loss: 0.1618|R212_loss: 0.1154
2024/08/16 13:39:10: model [INFO] Epoch:   4/  6|Batch: 2839/16927||D_loss: 1.4020|D1_loss: 0.7004|D2_loss: 0.7016||G_loss: 1.7736|R121_loss: 0.2267|R212_loss: 0.1094
2024/08/16 13:39:10: model [INFO] Epoch:   4/  6|Batch: 2844/16927||D_loss: 1.3979|D1_loss: 0.6928|D2_loss: 0.7051||G_loss: 1.7019|R121_loss: 0.1861|R212_loss: 0.1055
2024/08/16 13:39:10: model [INFO] Epoch:   4/  6|Batch: 2849/16927||D_loss: 1.3173|D1_loss: 0.6601|D2_loss: 0.6572||G_loss: 1.9388|R121_loss: 0.2530|R212_loss: 0.1656
2024/08/16 13:39:10: model [INFO] Epoch:   4/  6|Batch: 2854/16927||D_loss: 1.3683|D1_loss: 0.7222|D2_loss: 0.6461||G_loss: 1.9242|R121_loss: 0.2283|R212_loss: 0.1383
2024/08/16 13:39:10: model [INFO] Epoch:   4/  6|Batch: 2859/16927||D_loss: 1.3155|D1_loss: 0.6469|D2_loss: 0.6687||G_loss: 1.8265|R121_loss: 0.1997|R212_loss: 0.1414
2024/08/16 13:39:10: model [INFO] Epoch:   4/  6|Batch: 2864/16927||D_loss: 1.3209|D1_loss: 0.6988|D2_loss: 0.6221||G_loss: 1.8168|R121_loss: 0.1579|R212_loss: 0.1922
2024/08/16 13:39:10: model [INFO] Epoch:   4/  6|Batch: 2869/16927||D_loss: 1.3342|D1_loss: 0.6751|D2_loss: 0.6591||G_loss: 1.9603|R121_loss: 0.3307|R212_loss: 0.1478
2024/08/16 13:39:10: model [INFO] Epoch:   4/  6|Batch: 2874/16927||D_loss: 1.3393|D1_loss: 0.7045|D2_loss: 0.6347||G_loss: 2.0310|R121_loss: 0.2205|R212_loss: 0.2585
2024/08/16 13:39:10: model [INFO] Epoch:   4/  6|Batch: 2879/16927||D_loss: 1.3024|D1_loss: 0.6468|D2_loss: 0.6556||G_loss: 1.8866|R121_loss: 0.1944|R212_loss: 0.1449
2024/08/16 13:39:10: model [INFO] Epoch:   4/  6|Batch: 2884/16927||D_loss: 1.4438|D1_loss: 0.7229|D2_loss: 0.7209||G_loss: 1.7876|R121_loss: 0.1844|R212_loss: 0.1084
2024/08/16 13:39:10: model [INFO] Epoch:   4/  6|Batch: 2889/16927||D_loss: 1.2882|D1_loss: 0.6494|D2_loss: 0.6387||G_loss: 2.0026|R121_loss: 0.2367|R212_loss: 0.1268
2024/08/16 13:39:10: model [INFO] Epoch:   4/  6|Batch: 2894/16927||D_loss: 1.2279|D1_loss: 0.6419|D2_loss: 0.5859||G_loss: 2.1595|R121_loss: 0.2172|R212_loss: 0.2310
2024/08/16 13:39:10: model [INFO] Epoch:   4/  6|Batch: 2899/16927||D_loss: 1.4077|D1_loss: 0.6900|D2_loss: 0.7176||G_loss: 1.8610|R121_loss: 0.2080|R212_loss: 0.1523
2024/08/16 13:39:10: model [INFO] Epoch:   4/  6|Batch: 2904/16927||D_loss: 1.3503|D1_loss: 0.7057|D2_loss: 0.6446||G_loss: 1.8411|R121_loss: 0.1831|R212_loss: 0.1240
2024/08/16 13:39:10: model [INFO] Epoch:   4/  6|Batch: 2909/16927||D_loss: 1.3226|D1_loss: 0.6990|D2_loss: 0.6237||G_loss: 1.9691|R121_loss: 0.2139|R212_loss: 0.1397
2024/08/16 13:39:10: model [INFO] Epoch:   4/  6|Batch: 2914/16927||D_loss: 1.3975|D1_loss: 0.6972|D2_loss: 0.7002||G_loss: 1.8590|R121_loss: 0.2177|R212_loss: 0.1485
2024/08/16 13:39:10: model [INFO] Epoch:   4/  6|Batch: 2919/16927||D_loss: 1.2961|D1_loss: 0.6654|D2_loss: 0.6307||G_loss: 1.8814|R121_loss: 0.1634|R212_loss: 0.1500
2024/08/16 13:39:10: model [INFO] Epoch:   4/  6|Batch: 2924/16927||D_loss: 1.3301|D1_loss: 0.6816|D2_loss: 0.6485||G_loss: 1.8581|R121_loss: 0.1808|R212_loss: 0.1275
2024/08/16 13:39:10: model [INFO] Epoch:   4/  6|Batch: 2929/16927||D_loss: 1.3984|D1_loss: 0.6748|D2_loss: 0.7236||G_loss: 1.9633|R121_loss: 0.1762|R212_loss: 0.3195
2024/08/16 13:39:10: model [INFO] Epoch:   4/  6|Batch: 2934/16927||D_loss: 1.4525|D1_loss: 0.7248|D2_loss: 0.7277||G_loss: 1.7225|R121_loss: 0.1677|R212_loss: 0.1476
2024/08/16 13:39:10: model [INFO] Epoch:   4/  6|Batch: 2939/16927||D_loss: 1.3621|D1_loss: 0.7078|D2_loss: 0.6543||G_loss: 1.7675|R121_loss: 0.1715|R212_loss: 0.1136
2024/08/16 13:39:10: model [INFO] Epoch:   4/  6|Batch: 2944/16927||D_loss: 1.3286|D1_loss: 0.6714|D2_loss: 0.6573||G_loss: 1.8616|R121_loss: 0.1679|R212_loss: 0.2055
2024/08/16 13:39:10: model [INFO] Epoch:   4/  6|Batch: 2949/16927||D_loss: 1.3370|D1_loss: 0.6907|D2_loss: 0.6463||G_loss: 1.8382|R121_loss: 0.2224|R212_loss: 0.1301
2024/08/16 13:39:10: model [INFO] Epoch:   4/  6|Batch: 2954/16927||D_loss: 1.3481|D1_loss: 0.7053|D2_loss: 0.6428||G_loss: 1.7433|R121_loss: 0.1551|R212_loss: 0.1584
2024/08/16 13:39:10: model [INFO] Epoch:   4/  6|Batch: 2959/16927||D_loss: 1.4131|D1_loss: 0.6972|D2_loss: 0.7159||G_loss: 1.7863|R121_loss: 0.2046|R212_loss: 0.1532
2024/08/16 13:39:10: model [INFO] Epoch:   4/  6|Batch: 2964/16927||D_loss: 1.3431|D1_loss: 0.6879|D2_loss: 0.6552||G_loss: 1.7912|R121_loss: 0.1745|R212_loss: 0.1251
2024/08/16 13:39:10: model [INFO] Epoch:   4/  6|Batch: 2969/16927||D_loss: 1.3832|D1_loss: 0.6916|D2_loss: 0.6916||G_loss: 1.8382|R121_loss: 0.1799|R212_loss: 0.2552
2024/08/16 13:39:10: model [INFO] Epoch:   4/  6|Batch: 2974/16927||D_loss: 1.4593|D1_loss: 0.6835|D2_loss: 0.7758||G_loss: 1.8672|R121_loss: 0.1762|R212_loss: 0.2662
2024/08/16 13:39:10: model [INFO] Epoch:   4/  6|Batch: 2979/16927||D_loss: 1.3289|D1_loss: 0.6849|D2_loss: 0.6440||G_loss: 1.7977|R121_loss: 0.1871|R212_loss: 0.1113
2024/08/16 13:39:11: model [INFO] Epoch:   4/  6|Batch: 2984/16927||D_loss: 1.3714|D1_loss: 0.6997|D2_loss: 0.6717||G_loss: 1.7566|R121_loss: 0.2016|R212_loss: 0.1144
2024/08/16 13:39:11: model [INFO] Epoch:   4/  6|Batch: 2989/16927||D_loss: 1.4077|D1_loss: 0.7029|D2_loss: 0.7048||G_loss: 1.7422|R121_loss: 0.1848|R212_loss: 0.1652
2024/08/16 13:39:11: model [INFO] Epoch:   4/  6|Batch: 2994/16927||D_loss: 1.4039|D1_loss: 0.6915|D2_loss: 0.7124||G_loss: 1.6850|R121_loss: 0.1543|R212_loss: 0.1651
2024/08/16 13:39:11: model [INFO] Epoch:   4/  6|Batch: 2999/16927||D_loss: 1.3919|D1_loss: 0.6856|D2_loss: 0.7063||G_loss: 1.7302|R121_loss: 0.1922|R212_loss: 0.1680
2024/08/16 13:39:11: model [INFO] Epoch:   4/  6|Batch: 3004/16927||D_loss: 1.3263|D1_loss: 0.6798|D2_loss: 0.6465||G_loss: 1.8817|R121_loss: 0.1881|R212_loss: 0.1448
2024/08/16 13:39:11: model [INFO] Epoch:   4/  6|Batch: 3009/16927||D_loss: 1.4028|D1_loss: 0.6938|D2_loss: 0.7090||G_loss: 1.8075|R121_loss: 0.2384|R212_loss: 0.1758
2024/08/16 13:39:11: model [INFO] Epoch:   4/  6|Batch: 3014/16927||D_loss: 1.3366|D1_loss: 0.6815|D2_loss: 0.6551||G_loss: 1.9160|R121_loss: 0.2389|R212_loss: 0.1659
2024/08/16 13:39:11: model [INFO] Epoch:   4/  6|Batch: 3019/16927||D_loss: 1.3997|D1_loss: 0.7146|D2_loss: 0.6851||G_loss: 1.7771|R121_loss: 0.1764|R212_loss: 0.1493
2024/08/16 13:39:11: model [INFO] Epoch:   4/  6|Batch: 3024/16927||D_loss: 1.3712|D1_loss: 0.6819|D2_loss: 0.6892||G_loss: 1.8350|R121_loss: 0.2299|R212_loss: 0.1818
2024/08/16 13:39:11: model [INFO] Epoch:   4/  6|Batch: 3029/16927||D_loss: 1.3910|D1_loss: 0.7133|D2_loss: 0.6776||G_loss: 1.8408|R121_loss: 0.2102|R212_loss: 0.1602
2024/08/16 13:39:11: model [INFO] Epoch:   4/  6|Batch: 3034/16927||D_loss: 1.3296|D1_loss: 0.6828|D2_loss: 0.6468||G_loss: 1.8656|R121_loss: 0.1925|R212_loss: 0.2053
2024/08/16 13:39:11: model [INFO] Epoch:   4/  6|Batch: 3039/16927||D_loss: 1.4020|D1_loss: 0.6889|D2_loss: 0.7131||G_loss: 1.7453|R121_loss: 0.1655|R212_loss: 0.1804
2024/08/16 13:39:11: model [INFO] Epoch:   4/  6|Batch: 3044/16927||D_loss: 1.3769|D1_loss: 0.7084|D2_loss: 0.6685||G_loss: 1.7481|R121_loss: 0.1492|R212_loss: 0.1684
2024/08/16 13:39:11: model [INFO] Epoch:   4/  6|Batch: 3049/16927||D_loss: 1.3992|D1_loss: 0.7273|D2_loss: 0.6718||G_loss: 1.8402|R121_loss: 0.2040|R212_loss: 0.1414
2024/08/16 13:39:11: model [INFO] Epoch:   4/  6|Batch: 3054/16927||D_loss: 1.4031|D1_loss: 0.7233|D2_loss: 0.6798||G_loss: 1.8148|R121_loss: 0.1856|R212_loss: 0.1805
2024/08/16 13:39:11: model [INFO] Epoch:   4/  6|Batch: 3059/16927||D_loss: 1.3568|D1_loss: 0.6930|D2_loss: 0.6638||G_loss: 1.8791|R121_loss: 0.2032|R212_loss: 0.1844
2024/08/16 13:39:11: model [INFO] Epoch:   4/  6|Batch: 3064/16927||D_loss: 1.3444|D1_loss: 0.6741|D2_loss: 0.6703||G_loss: 1.8822|R121_loss: 0.2354|R212_loss: 0.1786
2024/08/16 13:39:11: model [INFO] Epoch:   4/  6|Batch: 3069/16927||D_loss: 1.3804|D1_loss: 0.6844|D2_loss: 0.6960||G_loss: 1.7811|R121_loss: 0.1456|R212_loss: 0.1637
2024/08/16 13:39:11: model [INFO] Epoch:   4/  6|Batch: 3074/16927||D_loss: 1.4135|D1_loss: 0.7123|D2_loss: 0.7012||G_loss: 1.7760|R121_loss: 0.1781|R212_loss: 0.1757
2024/08/16 13:39:11: model [INFO] Epoch:   4/  6|Batch: 3079/16927||D_loss: 1.4196|D1_loss: 0.7235|D2_loss: 0.6960||G_loss: 1.7645|R121_loss: 0.1684|R212_loss: 0.1857
2024/08/16 13:39:11: model [INFO] Epoch:   4/  6|Batch: 3084/16927||D_loss: 1.3277|D1_loss: 0.6773|D2_loss: 0.6503||G_loss: 1.8715|R121_loss: 0.2144|R212_loss: 0.1293
2024/08/16 13:39:11: model [INFO] Epoch:   4/  6|Batch: 3089/16927||D_loss: 1.3723|D1_loss: 0.6837|D2_loss: 0.6886||G_loss: 1.7469|R121_loss: 0.1589|R212_loss: 0.1773
2024/08/16 13:39:11: model [INFO] Epoch:   4/  6|Batch: 3094/16927||D_loss: 1.3756|D1_loss: 0.6877|D2_loss: 0.6879||G_loss: 1.7226|R121_loss: 0.2066|R212_loss: 0.1137
2024/08/16 13:39:11: model [INFO] Epoch:   4/  6|Batch: 3099/16927||D_loss: 1.3850|D1_loss: 0.7013|D2_loss: 0.6837||G_loss: 1.8146|R121_loss: 0.2282|R212_loss: 0.1867
2024/08/16 13:39:11: model [INFO] Epoch:   4/  6|Batch: 3104/16927||D_loss: 1.3029|D1_loss: 0.6820|D2_loss: 0.6209||G_loss: 2.0519|R121_loss: 0.3022|R212_loss: 0.1886
2024/08/16 13:39:11: model [INFO] Epoch:   4/  6|Batch: 3109/16927||D_loss: 1.3307|D1_loss: 0.6816|D2_loss: 0.6492||G_loss: 1.9191|R121_loss: 0.1933|R212_loss: 0.1912
2024/08/16 13:39:11: model [INFO] Epoch:   4/  6|Batch: 3114/16927||D_loss: 1.3394|D1_loss: 0.7007|D2_loss: 0.6387||G_loss: 1.8912|R121_loss: 0.1729|R212_loss: 0.1764
2024/08/16 13:39:11: model [INFO] Epoch:   4/  6|Batch: 3119/16927||D_loss: 1.3769|D1_loss: 0.6856|D2_loss: 0.6913||G_loss: 1.8131|R121_loss: 0.2044|R212_loss: 0.1373
2024/08/16 13:39:11: model [INFO] Epoch:   4/  6|Batch: 3124/16927||D_loss: 1.3402|D1_loss: 0.7008|D2_loss: 0.6394||G_loss: 1.9154|R121_loss: 0.2177|R212_loss: 0.1814
2024/08/16 13:39:11: model [INFO] Epoch:   4/  6|Batch: 3129/16927||D_loss: 1.3654|D1_loss: 0.6884|D2_loss: 0.6770||G_loss: 1.7843|R121_loss: 0.1669|R212_loss: 0.1793
2024/08/16 13:39:11: model [INFO] Epoch:   4/  6|Batch: 3134/16927||D_loss: 1.3509|D1_loss: 0.6955|D2_loss: 0.6554||G_loss: 1.8888|R121_loss: 0.1523|R212_loss: 0.2850
2024/08/16 13:39:11: model [INFO] Epoch:   4/  6|Batch: 3139/16927||D_loss: 1.3826|D1_loss: 0.6909|D2_loss: 0.6917||G_loss: 1.7808|R121_loss: 0.1957|R212_loss: 0.1431
2024/08/16 13:39:11: model [INFO] Epoch:   4/  6|Batch: 3144/16927||D_loss: 1.3648|D1_loss: 0.6770|D2_loss: 0.6879||G_loss: 1.7550|R121_loss: 0.1589|R212_loss: 0.1105
2024/08/16 13:39:11: model [INFO] Epoch:   4/  6|Batch: 3149/16927||D_loss: 1.3851|D1_loss: 0.6997|D2_loss: 0.6854||G_loss: 1.7525|R121_loss: 0.1792|R212_loss: 0.1201
2024/08/16 13:39:11: model [INFO] Epoch:   4/  6|Batch: 3154/16927||D_loss: 1.3885|D1_loss: 0.7081|D2_loss: 0.6803||G_loss: 1.7525|R121_loss: 0.1782|R212_loss: 0.1802
2024/08/16 13:39:11: model [INFO] Epoch:   4/  6|Batch: 3159/16927||D_loss: 1.4000|D1_loss: 0.7309|D2_loss: 0.6692||G_loss: 1.7794|R121_loss: 0.1892|R212_loss: 0.1907
2024/08/16 13:39:12: model [INFO] Epoch:   4/  6|Batch: 3164/16927||D_loss: 1.3175|D1_loss: 0.6868|D2_loss: 0.6306||G_loss: 1.9442|R121_loss: 0.2483|R212_loss: 0.1238
2024/08/16 13:39:12: model [INFO] Epoch:   4/  6|Batch: 3169/16927||D_loss: 1.3437|D1_loss: 0.6669|D2_loss: 0.6769||G_loss: 1.8175|R121_loss: 0.1827|R212_loss: 0.1196
2024/08/16 13:39:12: model [INFO] Epoch:   4/  6|Batch: 3174/16927||D_loss: 1.3795|D1_loss: 0.7224|D2_loss: 0.6571||G_loss: 1.7911|R121_loss: 0.2034|R212_loss: 0.1845
2024/08/16 13:39:12: model [INFO] Epoch:   4/  6|Batch: 3179/16927||D_loss: 1.3898|D1_loss: 0.6889|D2_loss: 0.7008||G_loss: 1.8197|R121_loss: 0.2003|R212_loss: 0.1684
2024/08/16 13:39:12: model [INFO] Epoch:   4/  6|Batch: 3184/16927||D_loss: 1.3492|D1_loss: 0.6823|D2_loss: 0.6669||G_loss: 1.8076|R121_loss: 0.1877|R212_loss: 0.1273
2024/08/16 13:39:12: model [INFO] Epoch:   4/  6|Batch: 3189/16927||D_loss: 1.3741|D1_loss: 0.7017|D2_loss: 0.6724||G_loss: 1.9279|R121_loss: 0.1597|R212_loss: 0.3110
2024/08/16 13:39:12: model [INFO] Epoch:   4/  6|Batch: 3194/16927||D_loss: 1.2745|D1_loss: 0.6372|D2_loss: 0.6373||G_loss: 2.0890|R121_loss: 0.2752|R212_loss: 0.2108
2024/08/16 13:39:12: model [INFO] Epoch:   4/  6|Batch: 3199/16927||D_loss: 1.3621|D1_loss: 0.6864|D2_loss: 0.6757||G_loss: 1.7751|R121_loss: 0.1605|R212_loss: 0.2070
2024/08/16 13:39:12: model [INFO] Epoch:   4/  6|Batch: 3204/16927||D_loss: 1.3728|D1_loss: 0.7043|D2_loss: 0.6685||G_loss: 1.7853|R121_loss: 0.1629|R212_loss: 0.1945
2024/08/16 13:39:12: model [INFO] Epoch:   4/  6|Batch: 3209/16927||D_loss: 1.3113|D1_loss: 0.6613|D2_loss: 0.6500||G_loss: 2.0373|R121_loss: 0.2269|R212_loss: 0.2318
2024/08/16 13:39:12: model [INFO] Epoch:   4/  6|Batch: 3214/16927||D_loss: 1.3563|D1_loss: 0.6714|D2_loss: 0.6849||G_loss: 1.9174|R121_loss: 0.1972|R212_loss: 0.1777
2024/08/16 13:39:12: model [INFO] Epoch:   4/  6|Batch: 3219/16927||D_loss: 1.3281|D1_loss: 0.6348|D2_loss: 0.6933||G_loss: 1.8830|R121_loss: 0.2150|R212_loss: 0.1382
2024/08/16 13:39:12: model [INFO] Epoch:   4/  6|Batch: 3224/16927||D_loss: 1.3936|D1_loss: 0.7086|D2_loss: 0.6849||G_loss: 1.8188|R121_loss: 0.2290|R212_loss: 0.1780
2024/08/16 13:39:12: model [INFO] Epoch:   4/  6|Batch: 3229/16927||D_loss: 1.3688|D1_loss: 0.6979|D2_loss: 0.6709||G_loss: 1.7906|R121_loss: 0.2011|R212_loss: 0.1888
2024/08/16 13:39:12: model [INFO] Epoch:   4/  6|Batch: 3234/16927||D_loss: 1.3843|D1_loss: 0.7015|D2_loss: 0.6828||G_loss: 1.8261|R121_loss: 0.2223|R212_loss: 0.1215
2024/08/16 13:39:12: model [INFO] Epoch:   4/  6|Batch: 3239/16927||D_loss: 1.4003|D1_loss: 0.7045|D2_loss: 0.6958||G_loss: 1.7426|R121_loss: 0.1715|R212_loss: 0.1133
2024/08/16 13:39:12: model [INFO] Epoch:   4/  6|Batch: 3244/16927||D_loss: 1.3633|D1_loss: 0.6894|D2_loss: 0.6738||G_loss: 1.9289|R121_loss: 0.1966|R212_loss: 0.2430
2024/08/16 13:39:12: model [INFO] Epoch:   4/  6|Batch: 3249/16927||D_loss: 1.3389|D1_loss: 0.6728|D2_loss: 0.6661||G_loss: 1.9274|R121_loss: 0.1811|R212_loss: 0.2536
2024/08/16 13:39:12: model [INFO] Epoch:   4/  6|Batch: 3254/16927||D_loss: 1.3700|D1_loss: 0.7200|D2_loss: 0.6501||G_loss: 1.9653|R121_loss: 0.2121|R212_loss: 0.2951
2024/08/16 13:39:12: model [INFO] Epoch:   4/  6|Batch: 3259/16927||D_loss: 1.3376|D1_loss: 0.6842|D2_loss: 0.6534||G_loss: 1.9319|R121_loss: 0.2002|R212_loss: 0.2691
2024/08/16 13:39:12: model [INFO] Epoch:   4/  6|Batch: 3264/16927||D_loss: 1.3329|D1_loss: 0.6823|D2_loss: 0.6506||G_loss: 1.9571|R121_loss: 0.2179|R212_loss: 0.2741
2024/08/16 13:39:12: model [INFO] Epoch:   4/  6|Batch: 3269/16927||D_loss: 1.3948|D1_loss: 0.6732|D2_loss: 0.7216||G_loss: 1.9844|R121_loss: 0.2484|R212_loss: 0.2260
2024/08/16 13:39:12: model [INFO] Epoch:   4/  6|Batch: 3274/16927||D_loss: 1.2883|D1_loss: 0.6734|D2_loss: 0.6149||G_loss: 2.0511|R121_loss: 0.2080|R212_loss: 0.3232
2024/08/16 13:39:12: model [INFO] Epoch:   4/  6|Batch: 3279/16927||D_loss: 1.4023|D1_loss: 0.7171|D2_loss: 0.6852||G_loss: 1.7874|R121_loss: 0.1442|R212_loss: 0.2042
2024/08/16 13:39:12: model [INFO] Epoch:   4/  6|Batch: 3284/16927||D_loss: 1.3503|D1_loss: 0.6545|D2_loss: 0.6958||G_loss: 2.0431|R121_loss: 0.1883|R212_loss: 0.2371
2024/08/16 13:39:12: model [INFO] Epoch:   4/  6|Batch: 3289/16927||D_loss: 1.3796|D1_loss: 0.6650|D2_loss: 0.7146||G_loss: 1.8900|R121_loss: 0.1697|R212_loss: 0.2186
2024/08/16 13:39:12: model [INFO] Epoch:   4/  6|Batch: 3294/16927||D_loss: 1.3748|D1_loss: 0.6669|D2_loss: 0.7080||G_loss: 1.7725|R121_loss: 0.1342|R212_loss: 0.1659
2024/08/16 13:39:12: model [INFO] Epoch:   4/  6|Batch: 3299/16927||D_loss: 1.3834|D1_loss: 0.6781|D2_loss: 0.7053||G_loss: 1.7857|R121_loss: 0.1990|R212_loss: 0.1424
2024/08/16 13:39:12: model [INFO] Epoch:   4/  6|Batch: 3304/16927||D_loss: 1.3875|D1_loss: 0.6853|D2_loss: 0.7021||G_loss: 1.7032|R121_loss: 0.1744|R212_loss: 0.1307
2024/08/16 13:39:12: model [INFO] Epoch:   4/  6|Batch: 3309/16927||D_loss: 1.3729|D1_loss: 0.6674|D2_loss: 0.7055||G_loss: 1.6864|R121_loss: 0.1610|R212_loss: 0.1272
2024/08/16 13:39:12: model [INFO] Epoch:   4/  6|Batch: 3314/16927||D_loss: 1.3108|D1_loss: 0.6604|D2_loss: 0.6504||G_loss: 2.0085|R121_loss: 0.2004|R212_loss: 0.2663
2024/08/16 13:39:12: model [INFO] Epoch:   4/  6|Batch: 3319/16927||D_loss: 1.3745|D1_loss: 0.6703|D2_loss: 0.7042||G_loss: 1.8171|R121_loss: 0.1888|R212_loss: 0.1917
2024/08/16 13:39:12: model [INFO] Epoch:   4/  6|Batch: 3324/16927||D_loss: 1.3537|D1_loss: 0.6639|D2_loss: 0.6898||G_loss: 1.8300|R121_loss: 0.1884|R212_loss: 0.2117
2024/08/16 13:39:12: model [INFO] Epoch:   4/  6|Batch: 3329/16927||D_loss: 1.3842|D1_loss: 0.7011|D2_loss: 0.6832||G_loss: 1.6683|R121_loss: 0.1480|R212_loss: 0.1292
2024/08/16 13:39:12: model [INFO] Epoch:   4/  6|Batch: 3334/16927||D_loss: 1.3734|D1_loss: 0.6872|D2_loss: 0.6862||G_loss: 1.8682|R121_loss: 0.1863|R212_loss: 0.2294
2024/08/16 13:39:12: model [INFO] Epoch:   4/  6|Batch: 3339/16927||D_loss: 1.3289|D1_loss: 0.6581|D2_loss: 0.6708||G_loss: 1.8178|R121_loss: 0.1880|R212_loss: 0.1608
2024/08/16 13:39:12: model [INFO] Epoch:   4/  6|Batch: 3344/16927||D_loss: 1.3384|D1_loss: 0.6580|D2_loss: 0.6804||G_loss: 1.6984|R121_loss: 0.1652|R212_loss: 0.1240
2024/08/16 13:39:13: model [INFO] Epoch:   4/  6|Batch: 3349/16927||D_loss: 1.3620|D1_loss: 0.6750|D2_loss: 0.6870||G_loss: 1.7944|R121_loss: 0.2006|R212_loss: 0.1557
2024/08/16 13:39:13: model [INFO] Epoch:   4/  6|Batch: 3354/16927||D_loss: 1.3746|D1_loss: 0.6744|D2_loss: 0.7002||G_loss: 1.7716|R121_loss: 0.1424|R212_loss: 0.1582
2024/08/16 13:39:13: model [INFO] Epoch:   4/  6|Batch: 3359/16927||D_loss: 1.4354|D1_loss: 0.7517|D2_loss: 0.6838||G_loss: 1.6953|R121_loss: 0.1658|R212_loss: 0.1998
2024/08/16 13:39:13: model [INFO] Epoch:   4/  6|Batch: 3364/16927||D_loss: 1.3975|D1_loss: 0.7373|D2_loss: 0.6603||G_loss: 1.7911|R121_loss: 0.2036|R212_loss: 0.1993
2024/08/16 13:39:13: model [INFO] Epoch:   4/  6|Batch: 3369/16927||D_loss: 1.3466|D1_loss: 0.6574|D2_loss: 0.6893||G_loss: 1.8194|R121_loss: 0.1686|R212_loss: 0.1831
2024/08/16 13:39:13: model [INFO] Epoch:   4/  6|Batch: 3374/16927||D_loss: 1.3703|D1_loss: 0.7384|D2_loss: 0.6319||G_loss: 1.8921|R121_loss: 0.2768|R212_loss: 0.2070
2024/08/16 13:39:13: model [INFO] Epoch:   4/  6|Batch: 3379/16927||D_loss: 1.3578|D1_loss: 0.6902|D2_loss: 0.6677||G_loss: 1.9040|R121_loss: 0.1937|R212_loss: 0.2634
2024/08/16 13:39:13: model [INFO] Epoch:   4/  6|Batch: 3384/16927||D_loss: 1.3595|D1_loss: 0.6669|D2_loss: 0.6926||G_loss: 1.7821|R121_loss: 0.1649|R212_loss: 0.1292
2024/08/16 13:39:13: model [INFO] Epoch:   4/  6|Batch: 3389/16927||D_loss: 1.3974|D1_loss: 0.7426|D2_loss: 0.6548||G_loss: 1.7504|R121_loss: 0.1801|R212_loss: 0.2142
2024/08/16 13:39:13: model [INFO] Epoch:   4/  6|Batch: 3394/16927||D_loss: 1.3579|D1_loss: 0.7331|D2_loss: 0.6248||G_loss: 1.8152|R121_loss: 0.1844|R212_loss: 0.1987
2024/08/16 13:39:13: model [INFO] Epoch:   5/  6|Batch:  4/16927||D_loss: 1.3940|D1_loss: 0.7405|D2_loss: 0.6535||G_loss: 1.7489|R121_loss: 0.1847|R212_loss: 0.2064
2024/08/16 13:39:13: model [INFO] Epoch:   5/  6|Batch:  9/16927||D_loss: 1.3798|D1_loss: 0.6846|D2_loss: 0.6952||G_loss: 1.8103|R121_loss: 0.2174|R212_loss: 0.1164
2024/08/16 13:39:13: model [INFO] Epoch:   5/  6|Batch: 14/16927||D_loss: 1.3236|D1_loss: 0.6932|D2_loss: 0.6304||G_loss: 1.9131|R121_loss: 0.1663|R212_loss: 0.2899
2024/08/16 13:39:13: model [INFO] Epoch:   5/  6|Batch: 19/16927||D_loss: 1.3592|D1_loss: 0.6605|D2_loss: 0.6988||G_loss: 1.8800|R121_loss: 0.1801|R212_loss: 0.1910
2024/08/16 13:39:13: model [INFO] Epoch:   5/  6|Batch: 24/16927||D_loss: 1.3247|D1_loss: 0.6675|D2_loss: 0.6572||G_loss: 2.0124|R121_loss: 0.3120|R212_loss: 0.1257
2024/08/16 13:39:13: model [INFO] Epoch:   5/  6|Batch: 29/16927||D_loss: 1.4119|D1_loss: 0.7648|D2_loss: 0.6471||G_loss: 1.7495|R121_loss: 0.1835|R212_loss: 0.2013
2024/08/16 13:39:13: model [INFO] Epoch:   5/  6|Batch: 34/16927||D_loss: 1.3377|D1_loss: 0.6773|D2_loss: 0.6604||G_loss: 1.8433|R121_loss: 0.1655|R212_loss: 0.1521
2024/08/16 13:39:13: model [INFO] Epoch:   5/  6|Batch: 39/16927||D_loss: 1.4184|D1_loss: 0.7556|D2_loss: 0.6628||G_loss: 1.6901|R121_loss: 0.1498|R212_loss: 0.2084
2024/08/16 13:39:13: model [INFO] Epoch:   5/  6|Batch: 44/16927||D_loss: 1.3691|D1_loss: 0.6824|D2_loss: 0.6867||G_loss: 1.7643|R121_loss: 0.1921|R212_loss: 0.1413
2024/08/16 13:39:13: model [INFO] Epoch:   5/  6|Batch: 49/16927||D_loss: 1.3894|D1_loss: 0.7318|D2_loss: 0.6576||G_loss: 1.6924|R121_loss: 0.1732|R212_loss: 0.1914
2024/08/16 13:39:13: model [INFO] Epoch:   5/  6|Batch: 54/16927||D_loss: 1.3668|D1_loss: 0.7154|D2_loss: 0.6514||G_loss: 1.6917|R121_loss: 0.1549|R212_loss: 0.2016
2024/08/16 13:39:13: model [INFO] Epoch:   5/  6|Batch: 59/16927||D_loss: 1.3837|D1_loss: 0.7377|D2_loss: 0.6460||G_loss: 1.7358|R121_loss: 0.1847|R212_loss: 0.1838
2024/08/16 13:39:13: model [INFO] Epoch:   5/  6|Batch: 64/16927||D_loss: 1.3659|D1_loss: 0.7271|D2_loss: 0.6388||G_loss: 1.9172|R121_loss: 0.1828|R212_loss: 0.3160
2024/08/16 13:39:13: model [INFO] Epoch:   5/  6|Batch: 69/16927||D_loss: 1.3514|D1_loss: 0.6589|D2_loss: 0.6925||G_loss: 1.8397|R121_loss: 0.2019|R212_loss: 0.1330
2024/08/16 13:39:13: model [INFO] Epoch:   5/  6|Batch: 74/16927||D_loss: 1.3341|D1_loss: 0.6552|D2_loss: 0.6788||G_loss: 1.8958|R121_loss: 0.1985|R212_loss: 0.1391
2024/08/16 13:39:13: model [INFO] Epoch:   5/  6|Batch: 79/16927||D_loss: 1.3772|D1_loss: 0.6873|D2_loss: 0.6899||G_loss: 1.7773|R121_loss: 0.1713|R212_loss: 0.1298
2024/08/16 13:39:13: model [INFO] Epoch:   5/  6|Batch: 84/16927||D_loss: 1.3576|D1_loss: 0.6649|D2_loss: 0.6927||G_loss: 1.7964|R121_loss: 0.2013|R212_loss: 0.1343
2024/08/16 13:39:13: model [INFO] Epoch:   5/  6|Batch: 89/16927||D_loss: 1.3411|D1_loss: 0.6928|D2_loss: 0.6483||G_loss: 1.8128|R121_loss: 0.1767|R212_loss: 0.1271
2024/08/16 13:39:13: model [INFO] Epoch:   5/  6|Batch: 94/16927||D_loss: 1.2807|D1_loss: 0.6611|D2_loss: 0.6196||G_loss: 1.9928|R121_loss: 0.1618|R212_loss: 0.3300
2024/08/16 13:39:13: model [INFO] Epoch:   5/  6|Batch: 99/16927||D_loss: 1.3832|D1_loss: 0.7408|D2_loss: 0.6424||G_loss: 1.7258|R121_loss: 0.1582|R212_loss: 0.1946
2024/08/16 13:39:13: model [INFO] Epoch:   5/  6|Batch: 104/16927||D_loss: 1.3485|D1_loss: 0.6947|D2_loss: 0.6538||G_loss: 1.8591|R121_loss: 0.1821|R212_loss: 0.1306
2024/08/16 13:39:13: model [INFO] Epoch:   5/  6|Batch: 109/16927||D_loss: 1.3097|D1_loss: 0.6892|D2_loss: 0.6206||G_loss: 1.9183|R121_loss: 0.1991|R212_loss: 0.2465
2024/08/16 13:39:13: model [INFO] Epoch:   5/  6|Batch: 114/16927||D_loss: 1.3618|D1_loss: 0.6954|D2_loss: 0.6664||G_loss: 1.9285|R121_loss: 0.2064|R212_loss: 0.1420
2024/08/16 13:39:13: model [INFO] Epoch:   5/  6|Batch: 119/16927||D_loss: 1.3409|D1_loss: 0.7347|D2_loss: 0.6062||G_loss: 1.8039|R121_loss: 0.1837|R212_loss: 0.1721
2024/08/16 13:39:13: model [INFO] Epoch:   5/  6|Batch: 124/16927||D_loss: 1.2704|D1_loss: 0.6839|D2_loss: 0.5865||G_loss: 1.9290|R121_loss: 0.1876|R212_loss: 0.2731
2024/08/16 13:39:13: model [INFO] Epoch:   5/  6|Batch: 129/16927||D_loss: 1.4141|D1_loss: 0.6917|D2_loss: 0.7224||G_loss: 1.8125|R121_loss: 0.1446|R212_loss: 0.1752
2024/08/16 13:39:14: model [INFO] Epoch:   5/  6|Batch: 134/16927||D_loss: 1.3483|D1_loss: 0.7374|D2_loss: 0.6109||G_loss: 1.7990|R121_loss: 0.2048|R212_loss: 0.1706
2024/08/16 13:39:14: model [INFO] Epoch:   5/  6|Batch: 139/16927||D_loss: 1.3638|D1_loss: 0.6647|D2_loss: 0.6991||G_loss: 1.8395|R121_loss: 0.1608|R212_loss: 0.1846
2024/08/16 13:39:14: model [INFO] Epoch:   5/  6|Batch: 144/16927||D_loss: 1.3681|D1_loss: 0.6773|D2_loss: 0.6908||G_loss: 1.8954|R121_loss: 0.1566|R212_loss: 0.2379
2024/08/16 13:39:14: model [INFO] Epoch:   5/  6|Batch: 149/16927||D_loss: 1.3071|D1_loss: 0.6746|D2_loss: 0.6325||G_loss: 1.9741|R121_loss: 0.2379|R212_loss: 0.1308
2024/08/16 13:39:14: model [INFO] Epoch:   5/  6|Batch: 154/16927||D_loss: 1.3567|D1_loss: 0.6505|D2_loss: 0.7062||G_loss: 1.8125|R121_loss: 0.1754|R212_loss: 0.1826
2024/08/16 13:39:14: model [INFO] Epoch:   5/  6|Batch: 159/16927||D_loss: 1.3033|D1_loss: 0.7054|D2_loss: 0.5979||G_loss: 2.0557|R121_loss: 0.2940|R212_loss: 0.2917
2024/08/16 13:39:14: model [INFO] Epoch:   5/  6|Batch: 164/16927||D_loss: 1.3420|D1_loss: 0.6513|D2_loss: 0.6908||G_loss: 1.8352|R121_loss: 0.1875|R212_loss: 0.1992
2024/08/16 13:39:14: model [INFO] Epoch:   5/  6|Batch: 169/16927||D_loss: 1.3947|D1_loss: 0.7479|D2_loss: 0.6467||G_loss: 1.6913|R121_loss: 0.1754|R212_loss: 0.1614
2024/08/16 13:39:14: model [INFO] Epoch:   5/  6|Batch: 174/16927||D_loss: 1.3468|D1_loss: 0.7168|D2_loss: 0.6300||G_loss: 1.7259|R121_loss: 0.1778|R212_loss: 0.1662
2024/08/16 13:39:14: model [INFO] Epoch:   5/  6|Batch: 179/16927||D_loss: 1.2882|D1_loss: 0.6697|D2_loss: 0.6185||G_loss: 1.9686|R121_loss: 0.1525|R212_loss: 0.3358
2024/08/16 13:39:14: model [INFO] Epoch:   5/  6|Batch: 184/16927||D_loss: 1.3307|D1_loss: 0.7338|D2_loss: 0.5968||G_loss: 1.9137|R121_loss: 0.2484|R212_loss: 0.1613
2024/08/16 13:39:14: model [INFO] Epoch:   5/  6|Batch: 189/16927||D_loss: 1.2556|D1_loss: 0.6878|D2_loss: 0.5678||G_loss: 2.0135|R121_loss: 0.2049|R212_loss: 0.2644
2024/08/16 13:39:14: model [INFO] Epoch:   5/  6|Batch: 194/16927||D_loss: 1.3933|D1_loss: 0.6802|D2_loss: 0.7131||G_loss: 1.8341|R121_loss: 0.1681|R212_loss: 0.1231
2024/08/16 13:39:14: model [INFO] Epoch:   5/  6|Batch: 199/16927||D_loss: 1.4091|D1_loss: 0.7061|D2_loss: 0.7031||G_loss: 1.8451|R121_loss: 0.1967|R212_loss: 0.1151
2024/08/16 13:39:14: model [INFO] Epoch:   5/  6|Batch: 204/16927||D_loss: 1.3167|D1_loss: 0.7032|D2_loss: 0.6135||G_loss: 1.8997|R121_loss: 0.2172|R212_loss: 0.1515
2024/08/16 13:39:14: model [INFO] Epoch:   5/  6|Batch: 209/16927||D_loss: 1.4020|D1_loss: 0.6875|D2_loss: 0.7145||G_loss: 1.7815|R121_loss: 0.1728|R212_loss: 0.1433
2024/08/16 13:39:14: model [INFO] Epoch:   5/  6|Batch: 214/16927||D_loss: 1.3786|D1_loss: 0.7366|D2_loss: 0.6420||G_loss: 1.7223|R121_loss: 0.1867|R212_loss: 0.1543
2024/08/16 13:39:14: model [INFO] Epoch:   5/  6|Batch: 219/16927||D_loss: 1.3633|D1_loss: 0.6680|D2_loss: 0.6953||G_loss: 2.0212|R121_loss: 0.2784|R212_loss: 0.2571
2024/08/16 13:39:14: model [INFO] Epoch:   5/  6|Batch: 224/16927||D_loss: 1.4102|D1_loss: 0.7138|D2_loss: 0.6964||G_loss: 1.8816|R121_loss: 0.2149|R212_loss: 0.1886
2024/08/16 13:39:14: model [INFO] Epoch:   5/  6|Batch: 229/16927||D_loss: 1.3647|D1_loss: 0.7559|D2_loss: 0.6088||G_loss: 1.9023|R121_loss: 0.2527|R212_loss: 0.1517
2024/08/16 13:39:14: model [INFO] Epoch:   5/  6|Batch: 234/16927||D_loss: 1.3987|D1_loss: 0.6905|D2_loss: 0.7082||G_loss: 1.8717|R121_loss: 0.1469|R212_loss: 0.2102
2024/08/16 13:39:14: model [INFO] Epoch:   5/  6|Batch: 239/16927||D_loss: 1.3818|D1_loss: 0.7248|D2_loss: 0.6570||G_loss: 1.6946|R121_loss: 0.1753|R212_loss: 0.1457
2024/08/16 13:39:14: model [INFO] Epoch:   5/  6|Batch: 244/16927||D_loss: 1.2787|D1_loss: 0.6678|D2_loss: 0.6110||G_loss: 1.8914|R121_loss: 0.2054|R212_loss: 0.2551
2024/08/16 13:39:14: model [INFO] Epoch:   5/  6|Batch: 249/16927||D_loss: 1.2683|D1_loss: 0.6596|D2_loss: 0.6087||G_loss: 1.9424|R121_loss: 0.1703|R212_loss: 0.2763
2024/08/16 13:39:14: model [INFO] Epoch:   5/  6|Batch: 254/16927||D_loss: 1.3133|D1_loss: 0.7135|D2_loss: 0.5998||G_loss: 2.0383|R121_loss: 0.3158|R212_loss: 0.1400
2024/08/16 13:39:14: model [INFO] Epoch:   5/  6|Batch: 259/16927||D_loss: 1.4099|D1_loss: 0.6802|D2_loss: 0.7298||G_loss: 1.8464|R121_loss: 0.1810|R212_loss: 0.1474
2024/08/16 13:39:14: model [INFO] Epoch:   5/  6|Batch: 264/16927||D_loss: 1.3069|D1_loss: 0.7034|D2_loss: 0.6035||G_loss: 2.1007|R121_loss: 0.1926|R212_loss: 0.2701
2024/08/16 13:39:14: model [INFO] Epoch:   5/  6|Batch: 269/16927||D_loss: 1.3843|D1_loss: 0.6739|D2_loss: 0.7104||G_loss: 1.8471|R121_loss: 0.1561|R212_loss: 0.1835
2024/08/16 13:39:14: model [INFO] Epoch:   5/  6|Batch: 274/16927||D_loss: 1.3583|D1_loss: 0.6868|D2_loss: 0.6715||G_loss: 1.9918|R121_loss: 0.1602|R212_loss: 0.3559
2024/08/16 13:39:14: model [INFO] Epoch:   5/  6|Batch: 279/16927||D_loss: 1.3576|D1_loss: 0.7003|D2_loss: 0.6573||G_loss: 1.9911|R121_loss: 0.2252|R212_loss: 0.1493
2024/08/16 13:39:14: model [INFO] Epoch:   5/  6|Batch: 284/16927||D_loss: 1.2804|D1_loss: 0.6634|D2_loss: 0.6170||G_loss: 1.9398|R121_loss: 0.2287|R212_loss: 0.2366
2024/08/16 13:39:14: model [INFO] Epoch:   5/  6|Batch: 289/16927||D_loss: 1.3695|D1_loss: 0.6594|D2_loss: 0.7101||G_loss: 1.7910|R121_loss: 0.1936|R212_loss: 0.1448
2024/08/16 13:39:14: model [INFO] Epoch:   5/  6|Batch: 294/16927||D_loss: 1.3778|D1_loss: 0.7280|D2_loss: 0.6499||G_loss: 1.7483|R121_loss: 0.1602|R212_loss: 0.1542
2024/08/16 13:39:14: model [INFO] Epoch:   5/  6|Batch: 299/16927||D_loss: 1.2439|D1_loss: 0.6589|D2_loss: 0.5850||G_loss: 2.1251|R121_loss: 0.3042|R212_loss: 0.2249
2024/08/16 13:39:14: model [INFO] Epoch:   5/  6|Batch: 304/16927||D_loss: 1.3788|D1_loss: 0.7389|D2_loss: 0.6398||G_loss: 1.7672|R121_loss: 0.1832|R212_loss: 0.1334
2024/08/16 13:39:14: model [INFO] Epoch:   5/  6|Batch: 309/16927||D_loss: 1.3384|D1_loss: 0.7243|D2_loss: 0.6141||G_loss: 1.9967|R121_loss: 0.1996|R212_loss: 0.2698
2024/08/16 13:39:14: model [INFO] Epoch:   5/  6|Batch: 314/16927||D_loss: 1.4261|D1_loss: 0.6967|D2_loss: 0.7293||G_loss: 1.8288|R121_loss: 0.2257|R212_loss: 0.1476
2024/08/16 13:39:15: model [INFO] Epoch:   5/  6|Batch: 319/16927||D_loss: 1.3770|D1_loss: 0.7149|D2_loss: 0.6622||G_loss: 1.7199|R121_loss: 0.1931|R212_loss: 0.1324
2024/08/16 13:39:15: model [INFO] Epoch:   5/  6|Batch: 324/16927||D_loss: 1.3756|D1_loss: 0.7269|D2_loss: 0.6487||G_loss: 1.8743|R121_loss: 0.2163|R212_loss: 0.2696
2024/08/16 13:39:15: model [INFO] Epoch:   5/  6|Batch: 329/16927||D_loss: 1.3661|D1_loss: 0.6982|D2_loss: 0.6679||G_loss: 1.7300|R121_loss: 0.1957|R212_loss: 0.1402
2024/08/16 13:39:15: model [INFO] Epoch:   5/  6|Batch: 334/16927||D_loss: 1.2944|D1_loss: 0.6951|D2_loss: 0.5993||G_loss: 2.0419|R121_loss: 0.2376|R212_loss: 0.2508
2024/08/16 13:39:15: model [INFO] Epoch:   5/  6|Batch: 339/16927||D_loss: 1.3935|D1_loss: 0.6719|D2_loss: 0.7216||G_loss: 1.8280|R121_loss: 0.1797|R212_loss: 0.1572
2024/08/16 13:39:15: model [INFO] Epoch:   5/  6|Batch: 344/16927||D_loss: 1.3804|D1_loss: 0.6594|D2_loss: 0.7211||G_loss: 1.7731|R121_loss: 0.1629|R212_loss: 0.1500
2024/08/16 13:39:15: model [INFO] Epoch:   5/  6|Batch: 349/16927||D_loss: 1.3645|D1_loss: 0.6793|D2_loss: 0.6851||G_loss: 1.7383|R121_loss: 0.2067|R212_loss: 0.1387
2024/08/16 13:39:15: model [INFO] Epoch:   5/  6|Batch: 354/16927||D_loss: 1.3872|D1_loss: 0.6775|D2_loss: 0.7097||G_loss: 1.8754|R121_loss: 0.1981|R212_loss: 0.1673
2024/08/16 13:39:15: model [INFO] Epoch:   5/  6|Batch: 359/16927||D_loss: 1.4254|D1_loss: 0.7495|D2_loss: 0.6758||G_loss: 1.7246|R121_loss: 0.1941|R212_loss: 0.1362
2024/08/16 13:39:15: model [INFO] Epoch:   5/  6|Batch: 364/16927||D_loss: 1.3403|D1_loss: 0.6895|D2_loss: 0.6508||G_loss: 1.9197|R121_loss: 0.2448|R212_loss: 0.2361
2024/08/16 13:39:15: model [INFO] Epoch:   5/  6|Batch: 369/16927||D_loss: 1.3473|D1_loss: 0.6488|D2_loss: 0.6985||G_loss: 1.8616|R121_loss: 0.2322|R212_loss: 0.1387
2024/08/16 13:39:15: model [INFO] Epoch:   5/  6|Batch: 374/16927||D_loss: 1.4049|D1_loss: 0.6946|D2_loss: 0.7103||G_loss: 1.7896|R121_loss: 0.1798|R212_loss: 0.1532
2024/08/16 13:39:15: model [INFO] Epoch:   5/  6|Batch: 379/16927||D_loss: 1.4239|D1_loss: 0.7480|D2_loss: 0.6759||G_loss: 1.7578|R121_loss: 0.2187|R212_loss: 0.1367
2024/08/16 13:39:15: model [INFO] Epoch:   5/  6|Batch: 384/16927||D_loss: 1.3792|D1_loss: 0.6839|D2_loss: 0.6953||G_loss: 1.8544|R121_loss: 0.2043|R212_loss: 0.1959
2024/08/16 13:39:15: model [INFO] Epoch:   5/  6|Batch: 389/16927||D_loss: 1.3970|D1_loss: 0.7444|D2_loss: 0.6527||G_loss: 1.8103|R121_loss: 0.2170|R212_loss: 0.1310
2024/08/16 13:39:15: model [INFO] Epoch:   5/  6|Batch: 394/16927||D_loss: 1.3978|D1_loss: 0.6936|D2_loss: 0.7042||G_loss: 1.8006|R121_loss: 0.2279|R212_loss: 0.1456
2024/08/16 13:39:15: model [INFO] Epoch:   5/  6|Batch: 399/16927||D_loss: 1.3802|D1_loss: 0.6852|D2_loss: 0.6950||G_loss: 1.7364|R121_loss: 0.1686|R212_loss: 0.1372
2024/08/16 13:39:15: model [INFO] Epoch:   5/  6|Batch: 404/16927||D_loss: 1.3610|D1_loss: 0.6674|D2_loss: 0.6936||G_loss: 1.7659|R121_loss: 0.1793|R212_loss: 0.1444
2024/08/16 13:39:15: model [INFO] Epoch:   5/  6|Batch: 409/16927||D_loss: 1.3491|D1_loss: 0.6939|D2_loss: 0.6552||G_loss: 1.8492|R121_loss: 0.1841|R212_loss: 0.1611
2024/08/16 13:39:15: model [INFO] Epoch:   5/  6|Batch: 414/16927||D_loss: 1.3960|D1_loss: 0.7037|D2_loss: 0.6923||G_loss: 1.6871|R121_loss: 0.1635|R212_loss: 0.1487
2024/08/16 13:39:15: model [INFO] Epoch:   5/  6|Batch: 419/16927||D_loss: 1.4226|D1_loss: 0.7532|D2_loss: 0.6694||G_loss: 1.7515|R121_loss: 0.1894|R212_loss: 0.1416
2024/08/16 13:39:15: model [INFO] Epoch:   5/  6|Batch: 424/16927||D_loss: 1.3671|D1_loss: 0.6786|D2_loss: 0.6885||G_loss: 1.9285|R121_loss: 0.2150|R212_loss: 0.2714
2024/08/16 13:39:15: model [INFO] Epoch:   5/  6|Batch: 429/16927||D_loss: 1.3715|D1_loss: 0.6948|D2_loss: 0.6767||G_loss: 1.7799|R121_loss: 0.2599|R212_loss: 0.1409
2024/08/16 13:39:15: model [INFO] Epoch:   5/  6|Batch: 434/16927||D_loss: 1.2928|D1_loss: 0.6766|D2_loss: 0.6162||G_loss: 2.0589|R121_loss: 0.2185|R212_loss: 0.2105
2024/08/16 13:39:15: model [INFO] Epoch:   5/  6|Batch: 439/16927||D_loss: 1.3200|D1_loss: 0.6814|D2_loss: 0.6387||G_loss: 1.9009|R121_loss: 0.2200|R212_loss: 0.1532
2024/08/16 13:39:15: model [INFO] Epoch:   5/  6|Batch: 444/16927||D_loss: 1.4229|D1_loss: 0.7199|D2_loss: 0.7030||G_loss: 1.7170|R121_loss: 0.2125|R212_loss: 0.1483
2024/08/16 13:39:15: model [INFO] Epoch:   5/  6|Batch: 449/16927||D_loss: 1.4515|D1_loss: 0.7290|D2_loss: 0.7225||G_loss: 1.6172|R121_loss: 0.1502|R212_loss: 0.1450
2024/08/16 13:39:15: model [INFO] Epoch:   5/  6|Batch: 454/16927||D_loss: 1.3577|D1_loss: 0.6640|D2_loss: 0.6937||G_loss: 1.7437|R121_loss: 0.1405|R212_loss: 0.1483
2024/08/16 13:39:15: model [INFO] Epoch:   5/  6|Batch: 459/16927||D_loss: 1.3368|D1_loss: 0.6590|D2_loss: 0.6778||G_loss: 1.7638|R121_loss: 0.1591|R212_loss: 0.1444
2024/08/16 13:39:15: model [INFO] Epoch:   5/  6|Batch: 464/16927||D_loss: 1.3768|D1_loss: 0.6920|D2_loss: 0.6848||G_loss: 1.7147|R121_loss: 0.1540|R212_loss: 0.1503
2024/08/16 13:39:15: model [INFO] Epoch:   5/  6|Batch: 469/16927||D_loss: 1.4402|D1_loss: 0.6789|D2_loss: 0.7613||G_loss: 1.7984|R121_loss: 0.1537|R212_loss: 0.2417
2024/08/16 13:39:15: model [INFO] Epoch:   5/  6|Batch: 474/16927||D_loss: 1.3622|D1_loss: 0.6862|D2_loss: 0.6760||G_loss: 1.8218|R121_loss: 0.2412|R212_loss: 0.1580
2024/08/16 13:39:15: model [INFO] Epoch:   5/  6|Batch: 479/16927||D_loss: 1.3656|D1_loss: 0.6834|D2_loss: 0.6823||G_loss: 1.7628|R121_loss: 0.1777|R212_loss: 0.1460
2024/08/16 13:39:15: model [INFO] Epoch:   5/  6|Batch: 484/16927||D_loss: 1.3418|D1_loss: 0.6598|D2_loss: 0.6821||G_loss: 1.7411|R121_loss: 0.1805|R212_loss: 0.1329
2024/08/16 13:39:15: model [INFO] Epoch:   5/  6|Batch: 489/16927||D_loss: 1.3460|D1_loss: 0.6778|D2_loss: 0.6681||G_loss: 1.8173|R121_loss: 0.1862|R212_loss: 0.1609
2024/08/16 13:39:15: model [INFO] Epoch:   5/  6|Batch: 494/16927||D_loss: 1.3514|D1_loss: 0.6809|D2_loss: 0.6705||G_loss: 1.7582|R121_loss: 0.1741|R212_loss: 0.1353
2024/08/16 13:39:15: model [INFO] Epoch:   5/  6|Batch: 499/16927||D_loss: 1.5055|D1_loss: 0.7122|D2_loss: 0.7933||G_loss: 1.8773|R121_loss: 0.1941|R212_loss: 0.2400
2024/08/16 13:39:16: model [INFO] Epoch:   5/  6|Batch: 504/16927||D_loss: 1.3662|D1_loss: 0.6966|D2_loss: 0.6696||G_loss: 1.7783|R121_loss: 0.1858|R212_loss: 0.1451
2024/08/16 13:39:16: model [INFO] Epoch:   5/  6|Batch: 509/16927||D_loss: 1.3527|D1_loss: 0.6807|D2_loss: 0.6720||G_loss: 1.7391|R121_loss: 0.1664|R212_loss: 0.1424
2024/08/16 13:39:16: model [INFO] Epoch:   5/  6|Batch: 514/16927||D_loss: 1.3660|D1_loss: 0.6831|D2_loss: 0.6829||G_loss: 1.9436|R121_loss: 0.2053|R212_loss: 0.2923
2024/08/16 13:39:16: model [INFO] Epoch:   5/  6|Batch: 519/16927||D_loss: 1.3275|D1_loss: 0.6683|D2_loss: 0.6592||G_loss: 1.7587|R121_loss: 0.1610|R212_loss: 0.1493
2024/08/16 13:39:16: model [INFO] Epoch:   5/  6|Batch: 524/16927||D_loss: 1.4054|D1_loss: 0.6937|D2_loss: 0.7116||G_loss: 2.1390|R121_loss: 0.1979|R212_loss: 0.3041
2024/08/16 13:39:16: model [INFO] Epoch:   5/  6|Batch: 529/16927||D_loss: 1.3973|D1_loss: 0.7244|D2_loss: 0.6729||G_loss: 1.9047|R121_loss: 0.3085|R212_loss: 0.1582
2024/08/16 13:39:16: model [INFO] Epoch:   5/  6|Batch: 534/16927||D_loss: 1.3458|D1_loss: 0.6888|D2_loss: 0.6570||G_loss: 1.8110|R121_loss: 0.1779|R212_loss: 0.1567
2024/08/16 13:39:16: model [INFO] Epoch:   5/  6|Batch: 539/16927||D_loss: 1.3185|D1_loss: 0.6519|D2_loss: 0.6667||G_loss: 1.8017|R121_loss: 0.1937|R212_loss: 0.1611
2024/08/16 13:39:16: model [INFO] Epoch:   5/  6|Batch: 544/16927||D_loss: 1.4451|D1_loss: 0.6960|D2_loss: 0.7491||G_loss: 1.9445|R121_loss: 0.2484|R212_loss: 0.2408
2024/08/16 13:39:16: model [INFO] Epoch:   5/  6|Batch: 549/16927||D_loss: 1.3503|D1_loss: 0.6782|D2_loss: 0.6721||G_loss: 1.8132|R121_loss: 0.2046|R212_loss: 0.1440
2024/08/16 13:39:16: model [INFO] Epoch:   5/  6|Batch: 554/16927||D_loss: 1.2684|D1_loss: 0.6431|D2_loss: 0.6253||G_loss: 2.0133|R121_loss: 0.2673|R212_loss: 0.1629
2024/08/16 13:39:16: model [INFO] Epoch:   5/  6|Batch: 559/16927||D_loss: 1.3820|D1_loss: 0.7276|D2_loss: 0.6544||G_loss: 1.8533|R121_loss: 0.2249|R212_loss: 0.1649
2024/08/16 13:39:16: model [INFO] Epoch:   5/  6|Batch: 564/16927||D_loss: 1.3666|D1_loss: 0.6922|D2_loss: 0.6745||G_loss: 1.8052|R121_loss: 0.1665|R212_loss: 0.1382
2024/08/16 13:39:16: model [INFO] Epoch:   5/  6|Batch: 569/16927||D_loss: 1.3259|D1_loss: 0.6737|D2_loss: 0.6522||G_loss: 1.9474|R121_loss: 0.2267|R212_loss: 0.1753
2024/08/16 13:39:16: model [INFO] Epoch:   5/  6|Batch: 574/16927||D_loss: 1.3616|D1_loss: 0.6847|D2_loss: 0.6769||G_loss: 2.0546|R121_loss: 0.2068|R212_loss: 0.2470
2024/08/16 13:39:16: model [INFO] Epoch:   5/  6|Batch: 579/16927||D_loss: 1.3599|D1_loss: 0.6787|D2_loss: 0.6812||G_loss: 1.7437|R121_loss: 0.1728|R212_loss: 0.1298
2024/08/16 13:39:16: model [INFO] Epoch:   5/  6|Batch: 584/16927||D_loss: 1.3561|D1_loss: 0.6831|D2_loss: 0.6730||G_loss: 1.8357|R121_loss: 0.2545|R212_loss: 0.1456
2024/08/16 13:39:16: model [INFO] Epoch:   5/  6|Batch: 589/16927||D_loss: 1.4650|D1_loss: 0.7517|D2_loss: 0.7133||G_loss: 1.6834|R121_loss: 0.2223|R212_loss: 0.1494
2024/08/16 13:39:16: model [INFO] Epoch:   5/  6|Batch: 594/16927||D_loss: 1.3637|D1_loss: 0.6965|D2_loss: 0.6672||G_loss: 1.7776|R121_loss: 0.1802|R212_loss: 0.1366
2024/08/16 13:39:16: model [INFO] Epoch:   5/  6|Batch: 599/16927||D_loss: 1.3061|D1_loss: 0.6385|D2_loss: 0.6676||G_loss: 1.8284|R121_loss: 0.2242|R212_loss: 0.1432
2024/08/16 13:39:16: model [INFO] Epoch:   5/  6|Batch: 604/16927||D_loss: 1.4165|D1_loss: 0.6837|D2_loss: 0.7328||G_loss: 1.9465|R121_loss: 0.1929|R212_loss: 0.2541
2024/08/16 13:39:16: model [INFO] Epoch:   5/  6|Batch: 609/16927||D_loss: 1.4462|D1_loss: 0.7349|D2_loss: 0.7113||G_loss: 1.7558|R121_loss: 0.2442|R212_loss: 0.1621
2024/08/16 13:39:16: model [INFO] Epoch:   5/  6|Batch: 614/16927||D_loss: 1.3037|D1_loss: 0.6860|D2_loss: 0.6177||G_loss: 2.0709|R121_loss: 0.2113|R212_loss: 0.2934
2024/08/16 13:39:16: model [INFO] Epoch:   5/  6|Batch: 619/16927||D_loss: 1.3531|D1_loss: 0.6763|D2_loss: 0.6767||G_loss: 1.7848|R121_loss: 0.1645|R212_loss: 0.1824
2024/08/16 13:39:16: model [INFO] Epoch:   5/  6|Batch: 624/16927||D_loss: 1.3289|D1_loss: 0.6786|D2_loss: 0.6503||G_loss: 1.8975|R121_loss: 0.2017|R212_loss: 0.1532
2024/08/16 13:39:16: model [INFO] Epoch:   5/  6|Batch: 629/16927||D_loss: 1.4571|D1_loss: 0.7512|D2_loss: 0.7059||G_loss: 1.6568|R121_loss: 0.1915|R212_loss: 0.1469
2024/08/16 13:39:16: model [INFO] Epoch:   5/  6|Batch: 634/16927||D_loss: 1.2730|D1_loss: 0.6317|D2_loss: 0.6413||G_loss: 1.8920|R121_loss: 0.2219|R212_loss: 0.1451
2024/08/16 13:39:16: model [INFO] Epoch:   5/  6|Batch: 639/16927||D_loss: 1.3198|D1_loss: 0.6485|D2_loss: 0.6713||G_loss: 1.7621|R121_loss: 0.1657|R212_loss: 0.1462
2024/08/16 13:39:16: model [INFO] Epoch:   5/  6|Batch: 644/16927||D_loss: 1.4338|D1_loss: 0.6913|D2_loss: 0.7425||G_loss: 1.9327|R121_loss: 0.2074|R212_loss: 0.2540
2024/08/16 13:39:16: model [INFO] Epoch:   5/  6|Batch: 649/16927||D_loss: 1.3081|D1_loss: 0.6708|D2_loss: 0.6374||G_loss: 1.9390|R121_loss: 0.1718|R212_loss: 0.2806
2024/08/16 13:39:16: model [INFO] Epoch:   5/  6|Batch: 654/16927||D_loss: 1.3157|D1_loss: 0.6618|D2_loss: 0.6539||G_loss: 1.7917|R121_loss: 0.1454|R212_loss: 0.1837
2024/08/16 13:39:16: model [INFO] Epoch:   5/  6|Batch: 659/16927||D_loss: 1.3176|D1_loss: 0.6800|D2_loss: 0.6376||G_loss: 1.8347|R121_loss: 0.1689|R212_loss: 0.1867
2024/08/16 13:39:16: model [INFO] Epoch:   5/  6|Batch: 664/16927||D_loss: 1.2525|D1_loss: 0.6313|D2_loss: 0.6212||G_loss: 2.0664|R121_loss: 0.2724|R212_loss: 0.1487
2024/08/16 13:39:16: model [INFO] Epoch:   5/  6|Batch: 669/16927||D_loss: 1.3553|D1_loss: 0.6906|D2_loss: 0.6647||G_loss: 1.8824|R121_loss: 0.2404|R212_loss: 0.1286
2024/08/16 13:39:16: model [INFO] Epoch:   5/  6|Batch: 674/16927||D_loss: 1.4335|D1_loss: 0.7176|D2_loss: 0.7160||G_loss: 1.7054|R121_loss: 0.1739|R212_loss: 0.1584
2024/08/16 13:39:16: model [INFO] Epoch:   5/  6|Batch: 679/16927||D_loss: 1.3594|D1_loss: 0.6839|D2_loss: 0.6755||G_loss: 1.7820|R121_loss: 0.1912|R212_loss: 0.1306
2024/08/16 13:39:16: model [INFO] Epoch:   5/  6|Batch: 684/16927||D_loss: 1.4622|D1_loss: 0.7547|D2_loss: 0.7074||G_loss: 1.6956|R121_loss: 0.1675|R212_loss: 0.1543
2024/08/16 13:39:17: model [INFO] Epoch:   5/  6|Batch: 689/16927||D_loss: 1.4755|D1_loss: 0.7649|D2_loss: 0.7105||G_loss: 1.6660|R121_loss: 0.1667|R212_loss: 0.1533
2024/08/16 13:39:17: model [INFO] Epoch:   5/  6|Batch: 694/16927||D_loss: 1.3249|D1_loss: 0.6543|D2_loss: 0.6705||G_loss: 1.7309|R121_loss: 0.1425|R212_loss: 0.1359
2024/08/16 13:39:17: model [INFO] Epoch:   5/  6|Batch: 699/16927||D_loss: 1.4275|D1_loss: 0.7216|D2_loss: 0.7059||G_loss: 1.6558|R121_loss: 0.1562|R212_loss: 0.1489
2024/08/16 13:39:17: model [INFO] Epoch:   5/  6|Batch: 704/16927||D_loss: 1.3955|D1_loss: 0.7116|D2_loss: 0.6839||G_loss: 1.8753|R121_loss: 0.1905|R212_loss: 0.2445
2024/08/16 13:39:17: model [INFO] Epoch:   5/  6|Batch: 709/16927||D_loss: 1.4580|D1_loss: 0.7427|D2_loss: 0.7153||G_loss: 1.7637|R121_loss: 0.2537|R212_loss: 0.1527
2024/08/16 13:39:17: model [INFO] Epoch:   5/  6|Batch: 714/16927||D_loss: 1.3868|D1_loss: 0.7096|D2_loss: 0.6772||G_loss: 1.8084|R121_loss: 0.2073|R212_loss: 0.1440
2024/08/16 13:39:17: model [INFO] Epoch:   5/  6|Batch: 719/16927||D_loss: 1.3552|D1_loss: 0.7029|D2_loss: 0.6523||G_loss: 1.9057|R121_loss: 0.2600|R212_loss: 0.1445
2024/08/16 13:39:17: model [INFO] Epoch:   5/  6|Batch: 724/16927||D_loss: 1.4245|D1_loss: 0.7447|D2_loss: 0.6798||G_loss: 1.8070|R121_loss: 0.1941|R212_loss: 0.1624
2024/08/16 13:39:17: model [INFO] Epoch:   5/  6|Batch: 729/16927||D_loss: 1.3072|D1_loss: 0.6866|D2_loss: 0.6207||G_loss: 1.9545|R121_loss: 0.2332|R212_loss: 0.1400
2024/08/16 13:39:17: model [INFO] Epoch:   5/  6|Batch: 734/16927||D_loss: 1.4424|D1_loss: 0.7358|D2_loss: 0.7066||G_loss: 1.7184|R121_loss: 0.1920|R212_loss: 0.1585
2024/08/16 13:39:17: model [INFO] Epoch:   5/  6|Batch: 739/16927||D_loss: 1.3370|D1_loss: 0.6635|D2_loss: 0.6734||G_loss: 1.7565|R121_loss: 0.1568|R212_loss: 0.1431
2024/08/16 13:39:17: model [INFO] Epoch:   5/  6|Batch: 744/16927||D_loss: 1.4458|D1_loss: 0.6826|D2_loss: 0.7631||G_loss: 1.8442|R121_loss: 0.1765|R212_loss: 0.2463
2024/08/16 13:39:17: model [INFO] Epoch:   5/  6|Batch: 749/16927||D_loss: 1.3698|D1_loss: 0.6908|D2_loss: 0.6790||G_loss: 1.7885|R121_loss: 0.1900|R212_loss: 0.1373
2024/08/16 13:39:17: model [INFO] Epoch:   5/  6|Batch: 754/16927||D_loss: 1.3556|D1_loss: 0.6869|D2_loss: 0.6687||G_loss: 1.8165|R121_loss: 0.2039|R212_loss: 0.1354
2024/08/16 13:39:17: model [INFO] Epoch:   5/  6|Batch: 759/16927||D_loss: 1.4028|D1_loss: 0.7191|D2_loss: 0.6836||G_loss: 1.7419|R121_loss: 0.1814|R212_loss: 0.1542
2024/08/16 13:39:17: model [INFO] Epoch:   5/  6|Batch: 764/16927||D_loss: 1.3421|D1_loss: 0.6616|D2_loss: 0.6805||G_loss: 1.7734|R121_loss: 0.1709|R212_loss: 0.1486
2024/08/16 13:39:17: model [INFO] Epoch:   5/  6|Batch: 769/16927||D_loss: 1.4020|D1_loss: 0.6827|D2_loss: 0.7193||G_loss: 1.7155|R121_loss: 0.1491|R212_loss: 0.1541
2024/08/16 13:39:17: model [INFO] Epoch:   5/  6|Batch: 774/16927||D_loss: 1.4613|D1_loss: 0.7357|D2_loss: 0.7256||G_loss: 1.6492|R121_loss: 0.1743|R212_loss: 0.1489
2024/08/16 13:39:17: model [INFO] Epoch:   5/  6|Batch: 779/16927||D_loss: 1.4363|D1_loss: 0.7338|D2_loss: 0.7026||G_loss: 1.6686|R121_loss: 0.1709|R212_loss: 0.1472
2024/08/16 13:39:17: model [INFO] Epoch:   5/  6|Batch: 784/16927||D_loss: 1.4382|D1_loss: 0.7202|D2_loss: 0.7179||G_loss: 1.6657|R121_loss: 0.1884|R212_loss: 0.1478
2024/08/16 13:39:17: model [INFO] Epoch:   5/  6|Batch: 789/16927||D_loss: 1.3844|D1_loss: 0.7002|D2_loss: 0.6843||G_loss: 1.8132|R121_loss: 0.2147|R212_loss: 0.2251
2024/08/16 13:39:17: model [INFO] Epoch:   5/  6|Batch: 794/16927||D_loss: 1.3783|D1_loss: 0.7116|D2_loss: 0.6666||G_loss: 1.8139|R121_loss: 0.2002|R212_loss: 0.1503
2024/08/16 13:39:17: model [INFO] Epoch:   5/  6|Batch: 799/16927||D_loss: 1.3273|D1_loss: 0.6871|D2_loss: 0.6402||G_loss: 1.9021|R121_loss: 0.2036|R212_loss: 0.1346
2024/08/16 13:39:17: model [INFO] Epoch:   5/  6|Batch: 804/16927||D_loss: 1.4132|D1_loss: 0.7042|D2_loss: 0.7090||G_loss: 1.8523|R121_loss: 0.1577|R212_loss: 0.2522
2024/08/16 13:39:17: model [INFO] Epoch:   5/  6|Batch: 809/16927||D_loss: 1.4281|D1_loss: 0.7191|D2_loss: 0.7090||G_loss: 1.7190|R121_loss: 0.2005|R212_loss: 0.1482
2024/08/16 13:39:17: model [INFO] Epoch:   5/  6|Batch: 814/16927||D_loss: 1.4715|D1_loss: 0.7693|D2_loss: 0.7022||G_loss: 1.7493|R121_loss: 0.2179|R212_loss: 0.1592
2024/08/16 13:39:17: model [INFO] Epoch:   5/  6|Batch: 819/16927||D_loss: 1.3441|D1_loss: 0.6555|D2_loss: 0.6885||G_loss: 1.9482|R121_loss: 0.1837|R212_loss: 0.2723
2024/08/16 13:39:17: model [INFO] Epoch:   5/  6|Batch: 824/16927||D_loss: 1.3876|D1_loss: 0.6987|D2_loss: 0.6889||G_loss: 1.8322|R121_loss: 0.1559|R212_loss: 0.2440
2024/08/16 13:39:17: model [INFO] Epoch:   5/  6|Batch: 829/16927||D_loss: 1.3856|D1_loss: 0.6997|D2_loss: 0.6859||G_loss: 1.9123|R121_loss: 0.2184|R212_loss: 0.1458
2024/08/16 13:39:17: model [INFO] Epoch:   5/  6|Batch: 834/16927||D_loss: 1.3702|D1_loss: 0.6682|D2_loss: 0.7020||G_loss: 1.8849|R121_loss: 0.2236|R212_loss: 0.1364
2024/08/16 13:39:17: model [INFO] Epoch:   5/  6|Batch: 839/16927||D_loss: 1.3241|D1_loss: 0.6607|D2_loss: 0.6634||G_loss: 1.8903|R121_loss: 0.1524|R212_loss: 0.2911
2024/08/16 13:39:17: model [INFO] Epoch:   5/  6|Batch: 844/16927||D_loss: 1.4276|D1_loss: 0.7297|D2_loss: 0.6979||G_loss: 1.6561|R121_loss: 0.1665|R212_loss: 0.1502
2024/08/16 13:39:17: model [INFO] Epoch:   5/  6|Batch: 849/16927||D_loss: 1.4105|D1_loss: 0.6876|D2_loss: 0.7229||G_loss: 1.8219|R121_loss: 0.2452|R212_loss: 0.1467
2024/08/16 13:39:17: model [INFO] Epoch:   5/  6|Batch: 854/16927||D_loss: 1.3578|D1_loss: 0.6893|D2_loss: 0.6685||G_loss: 1.8917|R121_loss: 0.2170|R212_loss: 0.1375
2024/08/16 13:39:17: model [INFO] Epoch:   5/  6|Batch: 859/16927||D_loss: 1.3322|D1_loss: 0.7069|D2_loss: 0.6253||G_loss: 1.8882|R121_loss: 0.1853|R212_loss: 0.1484
2024/08/16 13:39:17: model [INFO] Epoch:   5/  6|Batch: 864/16927||D_loss: 1.3652|D1_loss: 0.6577|D2_loss: 0.7075||G_loss: 1.8002|R121_loss: 0.2188|R212_loss: 0.1338
2024/08/16 13:39:18: model [INFO] Epoch:   5/  6|Batch: 869/16927||D_loss: 1.3686|D1_loss: 0.6694|D2_loss: 0.6992||G_loss: 1.7187|R121_loss: 0.1623|R212_loss: 0.1335
2024/08/16 13:39:18: model [INFO] Epoch:   5/  6|Batch: 874/16927||D_loss: 1.4312|D1_loss: 0.7386|D2_loss: 0.6926||G_loss: 1.8012|R121_loss: 0.2149|R212_loss: 0.1558
2024/08/16 13:39:18: model [INFO] Epoch:   5/  6|Batch: 879/16927||D_loss: 1.3961|D1_loss: 0.7246|D2_loss: 0.6714||G_loss: 1.7624|R121_loss: 0.1747|R212_loss: 0.1364
2024/08/16 13:39:18: model [INFO] Epoch:   5/  6|Batch: 884/16927||D_loss: 1.4084|D1_loss: 0.6914|D2_loss: 0.7170||G_loss: 1.7350|R121_loss: 0.1939|R212_loss: 0.1549
2024/08/16 13:39:18: model [INFO] Epoch:   5/  6|Batch: 889/16927||D_loss: 1.3733|D1_loss: 0.6821|D2_loss: 0.6912||G_loss: 1.7548|R121_loss: 0.1852|R212_loss: 0.1437
2024/08/16 13:39:18: model [INFO] Epoch:   5/  6|Batch: 894/16927||D_loss: 1.4121|D1_loss: 0.6957|D2_loss: 0.7165||G_loss: 1.7752|R121_loss: 0.2552|R212_loss: 0.1477
2024/08/16 13:39:18: model [INFO] Epoch:   5/  6|Batch: 899/16927||D_loss: 1.3576|D1_loss: 0.6870|D2_loss: 0.6706||G_loss: 1.8152|R121_loss: 0.1984|R212_loss: 0.1741
2024/08/16 13:39:18: model [INFO] Epoch:   5/  6|Batch: 904/16927||D_loss: 1.3752|D1_loss: 0.6952|D2_loss: 0.6800||G_loss: 1.8597|R121_loss: 0.2809|R212_loss: 0.1497
2024/08/16 13:39:18: model [INFO] Epoch:   5/  6|Batch: 909/16927||D_loss: 1.3543|D1_loss: 0.6756|D2_loss: 0.6787||G_loss: 1.8300|R121_loss: 0.1987|R212_loss: 0.1426
2024/08/16 13:39:18: model [INFO] Epoch:   5/  6|Batch: 914/16927||D_loss: 1.4363|D1_loss: 0.7133|D2_loss: 0.7230||G_loss: 1.7352|R121_loss: 0.1610|R212_loss: 0.1527
2024/08/16 13:39:18: model [INFO] Epoch:   5/  6|Batch: 919/16927||D_loss: 1.3197|D1_loss: 0.6845|D2_loss: 0.6352||G_loss: 1.9190|R121_loss: 0.1733|R212_loss: 0.2670
2024/08/16 13:39:18: model [INFO] Epoch:   5/  6|Batch: 924/16927||D_loss: 1.4754|D1_loss: 0.7588|D2_loss: 0.7165||G_loss: 1.7085|R121_loss: 0.1595|R212_loss: 0.1468
2024/08/16 13:39:18: model [INFO] Epoch:   5/  6|Batch: 929/16927||D_loss: 1.2796|D1_loss: 0.6878|D2_loss: 0.5919||G_loss: 2.0894|R121_loss: 0.2576|R212_loss: 0.2897
2024/08/16 13:39:18: model [INFO] Epoch:   5/  6|Batch: 934/16927||D_loss: 1.3725|D1_loss: 0.7315|D2_loss: 0.6410||G_loss: 1.8922|R121_loss: 0.1689|R212_loss: 0.3255
2024/08/16 13:39:18: model [INFO] Epoch:   5/  6|Batch: 939/16927||D_loss: 1.3247|D1_loss: 0.6684|D2_loss: 0.6563||G_loss: 1.9006|R121_loss: 0.1965|R212_loss: 0.1528
2024/08/16 13:39:18: model [INFO] Epoch:   5/  6|Batch: 944/16927||D_loss: 1.3011|D1_loss: 0.6907|D2_loss: 0.6104||G_loss: 2.0598|R121_loss: 0.2581|R212_loss: 0.1414
2024/08/16 13:39:18: model [INFO] Epoch:   5/  6|Batch: 949/16927||D_loss: 1.3131|D1_loss: 0.6423|D2_loss: 0.6708||G_loss: 1.8545|R121_loss: 0.1775|R212_loss: 0.1416
2024/08/16 13:39:18: model [INFO] Epoch:   5/  6|Batch: 954/16927||D_loss: 1.3659|D1_loss: 0.7237|D2_loss: 0.6421||G_loss: 1.9664|R121_loss: 0.1748|R212_loss: 0.2395
2024/08/16 13:39:18: model [INFO] Epoch:   5/  6|Batch: 959/16927||D_loss: 1.3651|D1_loss: 0.6964|D2_loss: 0.6688||G_loss: 1.8339|R121_loss: 0.1576|R212_loss: 0.1364
2024/08/16 13:39:18: model [INFO] Epoch:   5/  6|Batch: 964/16927||D_loss: 1.4795|D1_loss: 0.7246|D2_loss: 0.7549||G_loss: 1.7255|R121_loss: 0.1610|R212_loss: 0.1417
2024/08/16 13:39:18: model [INFO] Epoch:   5/  6|Batch: 969/16927||D_loss: 1.4781|D1_loss: 0.7373|D2_loss: 0.7408||G_loss: 1.7563|R121_loss: 0.1822|R212_loss: 0.1557
2024/08/16 13:39:18: model [INFO] Epoch:   5/  6|Batch: 974/16927||D_loss: 1.5046|D1_loss: 0.7021|D2_loss: 0.8025||G_loss: 1.9136|R121_loss: 0.1752|R212_loss: 0.2705
2024/08/16 13:39:18: model [INFO] Epoch:   5/  6|Batch: 979/16927||D_loss: 1.3468|D1_loss: 0.6730|D2_loss: 0.6739||G_loss: 1.7759|R121_loss: 0.1466|R212_loss: 0.1736
2024/08/16 13:39:18: model [INFO] Epoch:   5/  6|Batch: 984/16927||D_loss: 1.3357|D1_loss: 0.6627|D2_loss: 0.6730||G_loss: 1.8841|R121_loss: 0.2065|R212_loss: 0.2095
2024/08/16 13:39:18: model [INFO] Epoch:   5/  6|Batch: 989/16927||D_loss: 1.3333|D1_loss: 0.6668|D2_loss: 0.6665||G_loss: 1.9192|R121_loss: 0.1654|R212_loss: 0.2515
2024/08/16 13:39:18: model [INFO] Epoch:   5/  6|Batch: 994/16927||D_loss: 1.3439|D1_loss: 0.7372|D2_loss: 0.6067||G_loss: 1.9519|R121_loss: 0.2069|R212_loss: 0.1680
2024/08/16 13:39:18: model [INFO] Epoch:   5/  6|Batch: 999/16927||D_loss: 1.3490|D1_loss: 0.6870|D2_loss: 0.6620||G_loss: 1.7628|R121_loss: 0.1649|R212_loss: 0.1546
2024/08/16 13:39:18: model [INFO] Epoch:   5/  6|Batch: 1004/16927||D_loss: 1.3173|D1_loss: 0.6996|D2_loss: 0.6177||G_loss: 1.9347|R121_loss: 0.1684|R212_loss: 0.2688
2024/08/16 13:39:18: model [INFO] Epoch:   5/  6|Batch: 1009/16927||D_loss: 1.4682|D1_loss: 0.6832|D2_loss: 0.7850||G_loss: 1.8638|R121_loss: 0.1518|R212_loss: 0.2457
2024/08/16 13:39:18: model [INFO] Epoch:   5/  6|Batch: 1014/16927||D_loss: 1.4034|D1_loss: 0.6936|D2_loss: 0.7098||G_loss: 1.7893|R121_loss: 0.1902|R212_loss: 0.1571
2024/08/16 13:39:18: model [INFO] Epoch:   5/  6|Batch: 1019/16927||D_loss: 1.4131|D1_loss: 0.6740|D2_loss: 0.7392||G_loss: 1.9995|R121_loss: 0.2436|R212_loss: 0.2572
2024/08/16 13:39:18: model [INFO] Epoch:   5/  6|Batch: 1024/16927||D_loss: 1.3653|D1_loss: 0.6838|D2_loss: 0.6815||G_loss: 1.8333|R121_loss: 0.2103|R212_loss: 0.1526
2024/08/16 13:39:18: model [INFO] Epoch:   5/  6|Batch: 1029/16927||D_loss: 1.3645|D1_loss: 0.6696|D2_loss: 0.6948||G_loss: 1.8418|R121_loss: 0.2025|R212_loss: 0.1519
2024/08/16 13:39:18: model [INFO] Epoch:   5/  6|Batch: 1034/16927||D_loss: 1.4114|D1_loss: 0.7152|D2_loss: 0.6962||G_loss: 1.7505|R121_loss: 0.1991|R212_loss: 0.1623
2024/08/16 13:39:18: model [INFO] Epoch:   5/  6|Batch: 1039/16927||D_loss: 1.3768|D1_loss: 0.6898|D2_loss: 0.6870||G_loss: 1.8103|R121_loss: 0.2008|R212_loss: 0.1571
2024/08/16 13:39:18: model [INFO] Epoch:   5/  6|Batch: 1044/16927||D_loss: 1.4242|D1_loss: 0.7200|D2_loss: 0.7041||G_loss: 1.6520|R121_loss: 0.1552|R212_loss: 0.1515
2024/08/16 13:39:18: model [INFO] Epoch:   5/  6|Batch: 1049/16927||D_loss: 1.3347|D1_loss: 0.6520|D2_loss: 0.6827||G_loss: 1.8570|R121_loss: 0.2218|R212_loss: 0.1646
2024/08/16 13:39:19: model [INFO] Epoch:   5/  6|Batch: 1054/16927||D_loss: 1.2915|D1_loss: 0.6551|D2_loss: 0.6364||G_loss: 1.9152|R121_loss: 0.2082|R212_loss: 0.1485
2024/08/16 13:39:19: model [INFO] Epoch:   5/  6|Batch: 1059/16927||D_loss: 1.3486|D1_loss: 0.6691|D2_loss: 0.6796||G_loss: 1.7865|R121_loss: 0.2167|R212_loss: 0.1431
2024/08/16 13:39:19: model [INFO] Epoch:   5/  6|Batch: 1064/16927||D_loss: 1.3582|D1_loss: 0.6467|D2_loss: 0.7115||G_loss: 2.1063|R121_loss: 0.1841|R212_loss: 0.3964
2024/08/16 13:39:19: model [INFO] Epoch:   5/  6|Batch: 1069/16927||D_loss: 1.3422|D1_loss: 0.6680|D2_loss: 0.6742||G_loss: 1.7855|R121_loss: 0.2117|R212_loss: 0.1399
2024/08/16 13:39:19: model [INFO] Epoch:   5/  6|Batch: 1074/16927||D_loss: 1.4057|D1_loss: 0.7289|D2_loss: 0.6768||G_loss: 1.7921|R121_loss: 0.2371|R212_loss: 0.1476
2024/08/16 13:39:19: model [INFO] Epoch:   5/  6|Batch: 1079/16927||D_loss: 1.4393|D1_loss: 0.7404|D2_loss: 0.6989||G_loss: 1.7193|R121_loss: 0.1945|R212_loss: 0.1499
2024/08/16 13:39:19: model [INFO] Epoch:   5/  6|Batch: 1084/16927||D_loss: 1.2908|D1_loss: 0.6680|D2_loss: 0.6228||G_loss: 1.9774|R121_loss: 0.2460|R212_loss: 0.1400
2024/08/16 13:39:19: model [INFO] Epoch:   5/  6|Batch: 1089/16927||D_loss: 1.4255|D1_loss: 0.7190|D2_loss: 0.7065||G_loss: 1.7498|R121_loss: 0.2040|R212_loss: 0.1548
2024/08/16 13:39:19: model [INFO] Epoch:   5/  6|Batch: 1094/16927||D_loss: 1.3051|D1_loss: 0.6750|D2_loss: 0.6301||G_loss: 1.8917|R121_loss: 0.2088|R212_loss: 0.1304
2024/08/16 13:39:19: model [INFO] Epoch:   5/  6|Batch: 1099/16927||D_loss: 1.4168|D1_loss: 0.7165|D2_loss: 0.7003||G_loss: 1.6909|R121_loss: 0.2004|R212_loss: 0.1349
2024/08/16 13:39:19: model [INFO] Epoch:   5/  6|Batch: 1104/16927||D_loss: 1.3367|D1_loss: 0.6671|D2_loss: 0.6696||G_loss: 1.7859|R121_loss: 0.2156|R212_loss: 0.1334
2024/08/16 13:39:19: model [INFO] Epoch:   5/  6|Batch: 1109/16927||D_loss: 1.4347|D1_loss: 0.7327|D2_loss: 0.7020||G_loss: 1.7045|R121_loss: 0.1979|R212_loss: 0.1409
2024/08/16 13:39:19: model [INFO] Epoch:   5/  6|Batch: 1114/16927||D_loss: 1.3595|D1_loss: 0.6926|D2_loss: 0.6670||G_loss: 1.9822|R121_loss: 0.1769|R212_loss: 0.3251
2024/08/16 13:39:19: model [INFO] Epoch:   5/  6|Batch: 1119/16927||D_loss: 1.3756|D1_loss: 0.7224|D2_loss: 0.6532||G_loss: 1.8881|R121_loss: 0.1798|R212_loss: 0.1639
2024/08/16 13:39:19: model [INFO] Epoch:   5/  6|Batch: 1124/16927||D_loss: 1.3370|D1_loss: 0.6674|D2_loss: 0.6695||G_loss: 1.8161|R121_loss: 0.1673|R212_loss: 0.1891
2024/08/16 13:39:19: model [INFO] Epoch:   5/  6|Batch: 1129/16927||D_loss: 1.4208|D1_loss: 0.7137|D2_loss: 0.7071||G_loss: 1.7142|R121_loss: 0.2054|R212_loss: 0.1468
2024/08/16 13:39:19: model [INFO] Epoch:   5/  6|Batch: 1134/16927||D_loss: 1.3808|D1_loss: 0.6876|D2_loss: 0.6933||G_loss: 1.7251|R121_loss: 0.1668|R212_loss: 0.1474
2024/08/16 13:39:19: model [INFO] Epoch:   5/  6|Batch: 1139/16927||D_loss: 1.3341|D1_loss: 0.6458|D2_loss: 0.6883||G_loss: 1.8970|R121_loss: 0.1722|R212_loss: 0.2557
2024/08/16 13:39:19: model [INFO] Epoch:   5/  6|Batch: 1144/16927||D_loss: 1.3638|D1_loss: 0.6961|D2_loss: 0.6677||G_loss: 1.7883|R121_loss: 0.2027|R212_loss: 0.1408
2024/08/16 13:39:19: model [INFO] Epoch:   5/  6|Batch: 1149/16927||D_loss: 1.3285|D1_loss: 0.6552|D2_loss: 0.6733||G_loss: 1.9328|R121_loss: 0.1694|R212_loss: 0.2573
2024/08/16 13:39:19: model [INFO] Epoch:   5/  6|Batch: 1154/16927||D_loss: 1.3998|D1_loss: 0.7122|D2_loss: 0.6876||G_loss: 1.7912|R121_loss: 0.2242|R212_loss: 0.1437
2024/08/16 13:39:19: model [INFO] Epoch:   5/  6|Batch: 1159/16927||D_loss: 1.4470|D1_loss: 0.7375|D2_loss: 0.7095||G_loss: 1.7006|R121_loss: 0.1740|R212_loss: 0.1465
2024/08/16 13:39:19: model [INFO] Epoch:   5/  6|Batch: 1164/16927||D_loss: 1.3501|D1_loss: 0.6706|D2_loss: 0.6795||G_loss: 1.8353|R121_loss: 0.1872|R212_loss: 0.1698
2024/08/16 13:39:19: model [INFO] Epoch:   5/  6|Batch: 1169/16927||D_loss: 1.4347|D1_loss: 0.7280|D2_loss: 0.7067||G_loss: 1.6713|R121_loss: 0.1673|R212_loss: 0.1360
2024/08/16 13:39:19: model [INFO] Epoch:   5/  6|Batch: 1174/16927||D_loss: 1.3337|D1_loss: 0.6809|D2_loss: 0.6528||G_loss: 1.7947|R121_loss: 0.1753|R212_loss: 0.1436
2024/08/16 13:39:19: model [INFO] Epoch:   5/  6|Batch: 1179/16927||D_loss: 1.3063|D1_loss: 0.6546|D2_loss: 0.6517||G_loss: 1.9189|R121_loss: 0.2291|R212_loss: 0.1654
2024/08/16 13:39:19: model [INFO] Epoch:   5/  6|Batch: 1184/16927||D_loss: 1.4254|D1_loss: 0.7269|D2_loss: 0.6985||G_loss: 1.7426|R121_loss: 0.1743|R212_loss: 0.1584
2024/08/16 13:39:19: model [INFO] Epoch:   5/  6|Batch: 1189/16927||D_loss: 1.2684|D1_loss: 0.6633|D2_loss: 0.6052||G_loss: 1.9940|R121_loss: 0.2526|R212_loss: 0.1419
2024/08/16 13:39:19: model [INFO] Epoch:   5/  6|Batch: 1194/16927||D_loss: 1.4364|D1_loss: 0.7295|D2_loss: 0.7069||G_loss: 1.6984|R121_loss: 0.1875|R212_loss: 0.1420
2024/08/16 13:39:19: model [INFO] Epoch:   5/  6|Batch: 1199/16927||D_loss: 1.3742|D1_loss: 0.7325|D2_loss: 0.6416||G_loss: 1.8242|R121_loss: 0.1825|R212_loss: 0.2731
2024/08/16 13:39:19: model [INFO] Epoch:   5/  6|Batch: 1204/16927||D_loss: 1.4631|D1_loss: 0.7510|D2_loss: 0.7121||G_loss: 1.6722|R121_loss: 0.1755|R212_loss: 0.1355
2024/08/16 13:39:19: model [INFO] Epoch:   5/  6|Batch: 1209/16927||D_loss: 1.3317|D1_loss: 0.6652|D2_loss: 0.6665||G_loss: 1.8627|R121_loss: 0.2157|R212_loss: 0.1845
2024/08/16 13:39:19: model [INFO] Epoch:   5/  6|Batch: 1214/16927||D_loss: 1.2879|D1_loss: 0.6756|D2_loss: 0.6123||G_loss: 2.0607|R121_loss: 0.1951|R212_loss: 0.2657
2024/08/16 13:39:19: model [INFO] Epoch:   5/  6|Batch: 1219/16927||D_loss: 1.3376|D1_loss: 0.6708|D2_loss: 0.6668||G_loss: 1.7894|R121_loss: 0.1808|R212_loss: 0.1509
2024/08/16 13:39:19: model [INFO] Epoch:   5/  6|Batch: 1224/16927||D_loss: 1.4265|D1_loss: 0.7186|D2_loss: 0.7079||G_loss: 1.7119|R121_loss: 0.1730|R212_loss: 0.1403
2024/08/16 13:39:19: model [INFO] Epoch:   5/  6|Batch: 1229/16927||D_loss: 1.3229|D1_loss: 0.6625|D2_loss: 0.6604||G_loss: 1.8105|R121_loss: 0.1900|R212_loss: 0.1545
2024/08/16 13:39:19: model [INFO] Epoch:   5/  6|Batch: 1234/16927||D_loss: 1.2911|D1_loss: 0.6855|D2_loss: 0.6056||G_loss: 1.9815|R121_loss: 0.2425|R212_loss: 0.1439
2024/08/16 13:39:20: model [INFO] Epoch:   5/  6|Batch: 1239/16927||D_loss: 1.4621|D1_loss: 0.7522|D2_loss: 0.7099||G_loss: 1.7728|R121_loss: 0.1927|R212_loss: 0.1506
2024/08/16 13:39:20: model [INFO] Epoch:   5/  6|Batch: 1244/16927||D_loss: 1.3555|D1_loss: 0.7040|D2_loss: 0.6515||G_loss: 1.7538|R121_loss: 0.1688|R212_loss: 0.1378
2024/08/16 13:39:20: model [INFO] Epoch:   5/  6|Batch: 1249/16927||D_loss: 1.4123|D1_loss: 0.6885|D2_loss: 0.7239||G_loss: 1.7787|R121_loss: 0.2194|R212_loss: 0.1428
2024/08/16 13:39:20: model [INFO] Epoch:   5/  6|Batch: 1254/16927||D_loss: 1.2881|D1_loss: 0.6338|D2_loss: 0.6542||G_loss: 1.9177|R121_loss: 0.1981|R212_loss: 0.2000
2024/08/16 13:39:20: model [INFO] Epoch:   5/  6|Batch: 1259/16927||D_loss: 1.3144|D1_loss: 0.6906|D2_loss: 0.6238||G_loss: 1.9039|R121_loss: 0.2063|R212_loss: 0.2804
2024/08/16 13:39:20: model [INFO] Epoch:   5/  6|Batch: 1264/16927||D_loss: 1.3927|D1_loss: 0.6819|D2_loss: 0.7108||G_loss: 1.7995|R121_loss: 0.2078|R212_loss: 0.1412
2024/08/16 13:39:20: model [INFO] Epoch:   5/  6|Batch: 1269/16927||D_loss: 1.3887|D1_loss: 0.6956|D2_loss: 0.6930||G_loss: 1.8154|R121_loss: 0.1906|R212_loss: 0.1420
2024/08/16 13:39:20: model [INFO] Epoch:   5/  6|Batch: 1274/16927||D_loss: 1.4002|D1_loss: 0.7014|D2_loss: 0.6988||G_loss: 1.8154|R121_loss: 0.2066|R212_loss: 0.1408
2024/08/16 13:39:20: model [INFO] Epoch:   5/  6|Batch: 1279/16927||D_loss: 1.4029|D1_loss: 0.6967|D2_loss: 0.7062||G_loss: 1.7336|R121_loss: 0.1756|R212_loss: 0.1321
2024/08/16 13:39:20: model [INFO] Epoch:   5/  6|Batch: 1284/16927||D_loss: 1.3705|D1_loss: 0.6994|D2_loss: 0.6712||G_loss: 2.0158|R121_loss: 0.1812|R212_loss: 0.2477
2024/08/16 13:39:20: model [INFO] Epoch:   5/  6|Batch: 1289/16927||D_loss: 1.3758|D1_loss: 0.6807|D2_loss: 0.6950||G_loss: 1.8124|R121_loss: 0.2501|R212_loss: 0.1442
2024/08/16 13:39:20: model [INFO] Epoch:   5/  6|Batch: 1294/16927||D_loss: 1.3406|D1_loss: 0.6622|D2_loss: 0.6784||G_loss: 1.8257|R121_loss: 0.1647|R212_loss: 0.1888
2024/08/16 13:39:20: model [INFO] Epoch:   5/  6|Batch: 1299/16927||D_loss: 1.3366|D1_loss: 0.6611|D2_loss: 0.6754||G_loss: 1.8882|R121_loss: 0.1880|R212_loss: 0.2444
2024/08/16 13:39:20: model [INFO] Epoch:   5/  6|Batch: 1304/16927||D_loss: 1.3535|D1_loss: 0.6916|D2_loss: 0.6619||G_loss: 1.8392|R121_loss: 0.1769|R212_loss: 0.1553
2024/08/16 13:39:20: model [INFO] Epoch:   5/  6|Batch: 1309/16927||D_loss: 1.3569|D1_loss: 0.6789|D2_loss: 0.6780||G_loss: 1.7352|R121_loss: 0.1721|R212_loss: 0.1407
2024/08/16 13:39:20: model [INFO] Epoch:   5/  6|Batch: 1314/16927||D_loss: 1.3524|D1_loss: 0.6894|D2_loss: 0.6630||G_loss: 1.8037|R121_loss: 0.1924|R212_loss: 0.1407
2024/08/16 13:39:20: model [INFO] Epoch:   5/  6|Batch: 1319/16927||D_loss: 1.2776|D1_loss: 0.6621|D2_loss: 0.6155||G_loss: 1.9190|R121_loss: 0.2007|R212_loss: 0.1767
2024/08/16 13:39:20: model [INFO] Epoch:   5/  6|Batch: 1324/16927||D_loss: 1.4571|D1_loss: 0.7492|D2_loss: 0.7079||G_loss: 1.7102|R121_loss: 0.1741|R212_loss: 0.1359
2024/08/16 13:39:20: model [INFO] Epoch:   5/  6|Batch: 1329/16927||D_loss: 1.3425|D1_loss: 0.6853|D2_loss: 0.6572||G_loss: 1.7998|R121_loss: 0.1707|R212_loss: 0.2004
2024/08/16 13:39:20: model [INFO] Epoch:   5/  6|Batch: 1334/16927||D_loss: 1.3953|D1_loss: 0.7551|D2_loss: 0.6402||G_loss: 1.9633|R121_loss: 0.3018|R212_loss: 0.1316
2024/08/16 13:39:20: model [INFO] Epoch:   5/  6|Batch: 1339/16927||D_loss: 1.3251|D1_loss: 0.6852|D2_loss: 0.6399||G_loss: 1.8718|R121_loss: 0.2099|R212_loss: 0.1241
2024/08/16 13:39:20: model [INFO] Epoch:   5/  6|Batch: 1344/16927||D_loss: 1.3523|D1_loss: 0.7221|D2_loss: 0.6302||G_loss: 1.8814|R121_loss: 0.1891|R212_loss: 0.1354
2024/08/16 13:39:20: model [INFO] Epoch:   5/  6|Batch: 1349/16927||D_loss: 1.4468|D1_loss: 0.7573|D2_loss: 0.6895||G_loss: 1.6766|R121_loss: 0.1843|R212_loss: 0.1247
2024/08/16 13:39:20: model [INFO] Epoch:   5/  6|Batch: 1354/16927||D_loss: 1.3895|D1_loss: 0.6970|D2_loss: 0.6925||G_loss: 1.7267|R121_loss: 0.2066|R212_loss: 0.1561
2024/08/16 13:39:20: model [INFO] Epoch:   5/  6|Batch: 1359/16927||D_loss: 1.3904|D1_loss: 0.6935|D2_loss: 0.6968||G_loss: 1.6991|R121_loss: 0.2109|R212_loss: 0.1250
2024/08/16 13:39:20: model [INFO] Epoch:   5/  6|Batch: 1364/16927||D_loss: 1.3029|D1_loss: 0.6528|D2_loss: 0.6501||G_loss: 1.8556|R121_loss: 0.2218|R212_loss: 0.1859
2024/08/16 13:39:20: model [INFO] Epoch:   5/  6|Batch: 1369/16927||D_loss: 1.3836|D1_loss: 0.6870|D2_loss: 0.6966||G_loss: 1.7373|R121_loss: 0.1808|R212_loss: 0.1323
2024/08/16 13:39:20: model [INFO] Epoch:   5/  6|Batch: 1374/16927||D_loss: 1.3717|D1_loss: 0.7384|D2_loss: 0.6333||G_loss: 1.9803|R121_loss: 0.2023|R212_loss: 0.2378
2024/08/16 13:39:20: model [INFO] Epoch:   5/  6|Batch: 1379/16927||D_loss: 1.3546|D1_loss: 0.6750|D2_loss: 0.6796||G_loss: 1.7694|R121_loss: 0.1792|R212_loss: 0.1432
2024/08/16 13:39:20: model [INFO] Epoch:   5/  6|Batch: 1384/16927||D_loss: 1.4103|D1_loss: 0.7185|D2_loss: 0.6918||G_loss: 1.7655|R121_loss: 0.1841|R212_loss: 0.1271
2024/08/16 13:39:20: model [INFO] Epoch:   5/  6|Batch: 1389/16927||D_loss: 1.3824|D1_loss: 0.6853|D2_loss: 0.6971||G_loss: 1.7248|R121_loss: 0.1625|R212_loss: 0.1333
2024/08/16 13:39:20: model [INFO] Epoch:   5/  6|Batch: 1394/16927||D_loss: 1.3868|D1_loss: 0.7043|D2_loss: 0.6825||G_loss: 1.7094|R121_loss: 0.1289|R212_loss: 0.1418
2024/08/16 13:39:20: model [INFO] Epoch:   5/  6|Batch: 1399/16927||D_loss: 1.3704|D1_loss: 0.6743|D2_loss: 0.6961||G_loss: 1.7184|R121_loss: 0.1542|R212_loss: 0.1333
2024/08/16 13:39:20: model [INFO] Epoch:   5/  6|Batch: 1404/16927||D_loss: 1.3823|D1_loss: 0.7059|D2_loss: 0.6764||G_loss: 1.7277|R121_loss: 0.1678|R212_loss: 0.1406
2024/08/16 13:39:20: model [INFO] Epoch:   5/  6|Batch: 1409/16927||D_loss: 1.3797|D1_loss: 0.6768|D2_loss: 0.7029||G_loss: 1.7472|R121_loss: 0.1784|R212_loss: 0.1375
2024/08/16 13:39:20: model [INFO] Epoch:   5/  6|Batch: 1414/16927||D_loss: 1.3775|D1_loss: 0.6870|D2_loss: 0.6904||G_loss: 1.8034|R121_loss: 0.2274|R212_loss: 0.1303
2024/08/16 13:39:20: model [INFO] Epoch:   5/  6|Batch: 1419/16927||D_loss: 1.3566|D1_loss: 0.6953|D2_loss: 0.6613||G_loss: 1.8233|R121_loss: 0.1736|R212_loss: 0.1303
2024/08/16 13:39:21: model [INFO] Epoch:   5/  6|Batch: 1424/16927||D_loss: 1.3138|D1_loss: 0.6875|D2_loss: 0.6263||G_loss: 1.8640|R121_loss: 0.1790|R212_loss: 0.2650
2024/08/16 13:39:21: model [INFO] Epoch:   5/  6|Batch: 1429/16927||D_loss: 1.3473|D1_loss: 0.7288|D2_loss: 0.6185||G_loss: 1.9374|R121_loss: 0.2491|R212_loss: 0.1389
2024/08/16 13:39:21: model [INFO] Epoch:   5/  6|Batch: 1434/16927||D_loss: 1.4326|D1_loss: 0.7321|D2_loss: 0.7005||G_loss: 1.7703|R121_loss: 0.2109|R212_loss: 0.1397
2024/08/16 13:39:21: model [INFO] Epoch:   5/  6|Batch: 1439/16927||D_loss: 1.4107|D1_loss: 0.6912|D2_loss: 0.7195||G_loss: 1.8885|R121_loss: 0.1561|R212_loss: 0.2863
2024/08/16 13:39:21: model [INFO] Epoch:   5/  6|Batch: 1444/16927||D_loss: 1.3802|D1_loss: 0.6966|D2_loss: 0.6836||G_loss: 1.8616|R121_loss: 0.1666|R212_loss: 0.2512
2024/08/16 13:39:21: model [INFO] Epoch:   5/  6|Batch: 1449/16927||D_loss: 1.2988|D1_loss: 0.6765|D2_loss: 0.6223||G_loss: 1.9917|R121_loss: 0.2519|R212_loss: 0.1608
2024/08/16 13:39:21: model [INFO] Epoch:   5/  6|Batch: 1454/16927||D_loss: 1.3622|D1_loss: 0.6946|D2_loss: 0.6676||G_loss: 1.8419|R121_loss: 0.2375|R212_loss: 0.1673
2024/08/16 13:39:21: model [INFO] Epoch:   5/  6|Batch: 1459/16927||D_loss: 1.3291|D1_loss: 0.6559|D2_loss: 0.6732||G_loss: 1.9658|R121_loss: 0.1721|R212_loss: 0.2726
2024/08/16 13:39:21: model [INFO] Epoch:   5/  6|Batch: 1464/16927||D_loss: 1.4068|D1_loss: 0.7103|D2_loss: 0.6965||G_loss: 1.7234|R121_loss: 0.1605|R212_loss: 0.1372
2024/08/16 13:39:21: model [INFO] Epoch:   5/  6|Batch: 1469/16927||D_loss: 1.3413|D1_loss: 0.7040|D2_loss: 0.6373||G_loss: 1.8049|R121_loss: 0.1627|R212_loss: 0.1971
2024/08/16 13:39:21: model [INFO] Epoch:   5/  6|Batch: 1474/16927||D_loss: 1.3801|D1_loss: 0.6708|D2_loss: 0.7092||G_loss: 1.8475|R121_loss: 0.2329|R212_loss: 0.1457
2024/08/16 13:39:21: model [INFO] Epoch:   5/  6|Batch: 1479/16927||D_loss: 1.3844|D1_loss: 0.7201|D2_loss: 0.6643||G_loss: 1.8186|R121_loss: 0.2120|R212_loss: 0.1461
2024/08/16 13:39:21: model [INFO] Epoch:   5/  6|Batch: 1484/16927||D_loss: 1.3626|D1_loss: 0.6925|D2_loss: 0.6701||G_loss: 1.8177|R121_loss: 0.2041|R212_loss: 0.1543
2024/08/16 13:39:21: model [INFO] Epoch:   5/  6|Batch: 1489/16927||D_loss: 1.3103|D1_loss: 0.6881|D2_loss: 0.6222||G_loss: 1.9297|R121_loss: 0.1707|R212_loss: 0.2689
2024/08/16 13:39:21: model [INFO] Epoch:   5/  6|Batch: 1494/16927||D_loss: 1.4438|D1_loss: 0.7215|D2_loss: 0.7223||G_loss: 1.7126|R121_loss: 0.1499|R212_loss: 0.1325
2024/08/16 13:39:21: model [INFO] Epoch:   5/  6|Batch: 1499/16927||D_loss: 1.2950|D1_loss: 0.7050|D2_loss: 0.5899||G_loss: 1.9458|R121_loss: 0.1936|R212_loss: 0.1380
2024/08/16 13:39:21: model [INFO] Epoch:   5/  6|Batch: 1504/16927||D_loss: 1.4228|D1_loss: 0.7041|D2_loss: 0.7187||G_loss: 1.7298|R121_loss: 0.1687|R212_loss: 0.1338
2024/08/16 13:39:21: model [INFO] Epoch:   5/  6|Batch: 1509/16927||D_loss: 1.3173|D1_loss: 0.6832|D2_loss: 0.6340||G_loss: 1.8496|R121_loss: 0.2012|R212_loss: 0.1748
2024/08/16 13:39:21: model [INFO] Epoch:   5/  6|Batch: 1514/16927||D_loss: 1.4098|D1_loss: 0.6889|D2_loss: 0.7209||G_loss: 1.7318|R121_loss: 0.1564|R212_loss: 0.1588
2024/08/16 13:39:21: model [INFO] Epoch:   5/  6|Batch: 1519/16927||D_loss: 1.3820|D1_loss: 0.6992|D2_loss: 0.6828||G_loss: 1.8403|R121_loss: 0.2235|R212_loss: 0.1411
2024/08/16 13:39:21: model [INFO] Epoch:   5/  6|Batch: 1524/16927||D_loss: 1.4130|D1_loss: 0.7079|D2_loss: 0.7052||G_loss: 1.7124|R121_loss: 0.1777|R212_loss: 0.1394
2024/08/16 13:39:21: model [INFO] Epoch:   5/  6|Batch: 1529/16927||D_loss: 1.3400|D1_loss: 0.6675|D2_loss: 0.6725||G_loss: 1.8357|R121_loss: 0.1895|R212_loss: 0.1810
2024/08/16 13:39:21: model [INFO] Epoch:   5/  6|Batch: 1534/16927||D_loss: 1.4235|D1_loss: 0.7180|D2_loss: 0.7055||G_loss: 1.6933|R121_loss: 0.1709|R212_loss: 0.1375
2024/08/16 13:39:21: model [INFO] Epoch:   5/  6|Batch: 1539/16927||D_loss: 1.3242|D1_loss: 0.7075|D2_loss: 0.6167||G_loss: 1.8989|R121_loss: 0.2044|R212_loss: 0.1507
2024/08/16 13:39:21: model [INFO] Epoch:   5/  6|Batch: 1544/16927||D_loss: 1.3632|D1_loss: 0.7052|D2_loss: 0.6581||G_loss: 1.7787|R121_loss: 0.1974|R212_loss: 0.1367
2024/08/16 13:39:21: model [INFO] Epoch:   5/  6|Batch: 1549/16927||D_loss: 1.4209|D1_loss: 0.7044|D2_loss: 0.7165||G_loss: 1.7055|R121_loss: 0.1697|R212_loss: 0.1520
2024/08/16 13:39:21: model [INFO] Epoch:   5/  6|Batch: 1554/16927||D_loss: 1.3155|D1_loss: 0.6779|D2_loss: 0.6376||G_loss: 1.8284|R121_loss: 0.1573|R212_loss: 0.1500
2024/08/16 13:39:21: model [INFO] Epoch:   5/  6|Batch: 1559/16927||D_loss: 1.3652|D1_loss: 0.7099|D2_loss: 0.6552||G_loss: 1.7240|R121_loss: 0.1962|R212_loss: 0.1444
2024/08/16 13:39:21: model [INFO] Epoch:   5/  6|Batch: 1564/16927||D_loss: 1.3137|D1_loss: 0.6716|D2_loss: 0.6421||G_loss: 1.8594|R121_loss: 0.2485|R212_loss: 0.1373
2024/08/16 13:39:21: model [INFO] Epoch:   5/  6|Batch: 1569/16927||D_loss: 1.3422|D1_loss: 0.6982|D2_loss: 0.6440||G_loss: 1.8028|R121_loss: 0.1649|R212_loss: 0.1531
2024/08/16 13:39:21: model [INFO] Epoch:   5/  6|Batch: 1574/16927||D_loss: 1.3495|D1_loss: 0.7090|D2_loss: 0.6405||G_loss: 1.7647|R121_loss: 0.1634|R212_loss: 0.1419
2024/08/16 13:39:21: model [INFO] Epoch:   5/  6|Batch: 1579/16927||D_loss: 1.4294|D1_loss: 0.7102|D2_loss: 0.7192||G_loss: 1.8136|R121_loss: 0.1766|R212_loss: 0.1493
2024/08/16 13:39:21: model [INFO] Epoch:   5/  6|Batch: 1584/16927||D_loss: 1.3485|D1_loss: 0.7128|D2_loss: 0.6357||G_loss: 1.7845|R121_loss: 0.1911|R212_loss: 0.1387
2024/08/16 13:39:21: model [INFO] Epoch:   5/  6|Batch: 1589/16927||D_loss: 1.4044|D1_loss: 0.7189|D2_loss: 0.6855||G_loss: 1.8612|R121_loss: 0.1684|R212_loss: 0.1469
2024/08/16 13:39:21: model [INFO] Epoch:   5/  6|Batch: 1594/16927||D_loss: 1.4350|D1_loss: 0.7186|D2_loss: 0.7163||G_loss: 1.7997|R121_loss: 0.1994|R212_loss: 0.1428
2024/08/16 13:39:21: model [INFO] Epoch:   5/  6|Batch: 1599/16927||D_loss: 1.3443|D1_loss: 0.6982|D2_loss: 0.6461||G_loss: 1.7215|R121_loss: 0.1763|R212_loss: 0.1287
2024/08/16 13:39:21: model [INFO] Epoch:   5/  6|Batch: 1604/16927||D_loss: 1.4241|D1_loss: 0.7019|D2_loss: 0.7222||G_loss: 1.7192|R121_loss: 0.1791|R212_loss: 0.1390
2024/08/16 13:39:22: model [INFO] Epoch:   5/  6|Batch: 1609/16927||D_loss: 1.4319|D1_loss: 0.7121|D2_loss: 0.7198||G_loss: 1.9041|R121_loss: 0.2282|R212_loss: 0.2771
2024/08/16 13:39:22: model [INFO] Epoch:   5/  6|Batch: 1614/16927||D_loss: 1.4211|D1_loss: 0.7129|D2_loss: 0.7082||G_loss: 1.7205|R121_loss: 0.1789|R212_loss: 0.1414
2024/08/16 13:39:22: model [INFO] Epoch:   5/  6|Batch: 1619/16927||D_loss: 1.4757|D1_loss: 0.7345|D2_loss: 0.7412||G_loss: 1.8045|R121_loss: 0.1996|R212_loss: 0.2457
2024/08/16 13:39:22: model [INFO] Epoch:   5/  6|Batch: 1624/16927||D_loss: 1.4256|D1_loss: 0.7146|D2_loss: 0.7110||G_loss: 1.6782|R121_loss: 0.1487|R212_loss: 0.1365
2024/08/16 13:39:22: model [INFO] Epoch:   5/  6|Batch: 1629/16927||D_loss: 1.4042|D1_loss: 0.7123|D2_loss: 0.6919||G_loss: 1.6943|R121_loss: 0.1742|R212_loss: 0.1255
2024/08/16 13:39:22: model [INFO] Epoch:   5/  6|Batch: 1634/16927||D_loss: 1.4013|D1_loss: 0.7089|D2_loss: 0.6924||G_loss: 1.6798|R121_loss: 0.1656|R212_loss: 0.1179
2024/08/16 13:39:22: model [INFO] Epoch:   5/  6|Batch: 1639/16927||D_loss: 1.3121|D1_loss: 0.6844|D2_loss: 0.6277||G_loss: 1.9950|R121_loss: 0.2956|R212_loss: 0.1398
2024/08/16 13:39:22: model [INFO] Epoch:   5/  6|Batch: 1644/16927||D_loss: 1.3311|D1_loss: 0.6896|D2_loss: 0.6415||G_loss: 1.8662|R121_loss: 0.2059|R212_loss: 0.1491
2024/08/16 13:39:22: model [INFO] Epoch:   5/  6|Batch: 1649/16927||D_loss: 1.3889|D1_loss: 0.7039|D2_loss: 0.6850||G_loss: 1.7429|R121_loss: 0.1757|R212_loss: 0.1430
2024/08/16 13:39:22: model [INFO] Epoch:   5/  6|Batch: 1654/16927||D_loss: 1.3967|D1_loss: 0.7072|D2_loss: 0.6895||G_loss: 1.6964|R121_loss: 0.1566|R212_loss: 0.1300
2024/08/16 13:39:22: model [INFO] Epoch:   5/  6|Batch: 1659/16927||D_loss: 1.3673|D1_loss: 0.6753|D2_loss: 0.6920||G_loss: 1.7999|R121_loss: 0.1593|R212_loss: 0.1518
2024/08/16 13:39:22: model [INFO] Epoch:   5/  6|Batch: 1664/16927||D_loss: 1.3787|D1_loss: 0.6890|D2_loss: 0.6897||G_loss: 1.6860|R121_loss: 0.1481|R212_loss: 0.1241
2024/08/16 13:39:22: model [INFO] Epoch:   5/  6|Batch: 1669/16927||D_loss: 1.3933|D1_loss: 0.7152|D2_loss: 0.6781||G_loss: 1.6806|R121_loss: 0.1934|R212_loss: 0.1403
2024/08/16 13:39:22: model [INFO] Epoch:   5/  6|Batch: 1674/16927||D_loss: 1.3487|D1_loss: 0.6744|D2_loss: 0.6743||G_loss: 1.8170|R121_loss: 0.1492|R212_loss: 0.2235
2024/08/16 13:39:22: model [INFO] Epoch:   5/  6|Batch: 1679/16927||D_loss: 1.3298|D1_loss: 0.6561|D2_loss: 0.6737||G_loss: 1.8249|R121_loss: 0.1678|R212_loss: 0.1548
2024/08/16 13:39:22: model [INFO] Epoch:   5/  6|Batch: 1684/16927||D_loss: 1.3442|D1_loss: 0.6870|D2_loss: 0.6572||G_loss: 1.8364|R121_loss: 0.1822|R212_loss: 0.1361
2024/08/16 13:39:22: model [INFO] Epoch:   5/  6|Batch: 1689/16927||D_loss: 1.3866|D1_loss: 0.7075|D2_loss: 0.6791||G_loss: 1.7789|R121_loss: 0.2094|R212_loss: 0.1319
2024/08/16 13:39:22: model [INFO] Epoch:   5/  6|Batch: 1694/16927||D_loss: 1.4078|D1_loss: 0.7039|D2_loss: 0.7039||G_loss: 1.6622|R121_loss: 0.1631|R212_loss: 0.1188
2024/08/16 13:39:22: model [INFO] Epoch:   5/  6|Batch: 1699/16927||D_loss: 1.3490|D1_loss: 0.6652|D2_loss: 0.6838||G_loss: 1.7795|R121_loss: 0.2327|R212_loss: 0.1107
2024/08/16 13:39:22: model [INFO] Epoch:   5/  6|Batch: 1704/16927||D_loss: 1.4061|D1_loss: 0.7249|D2_loss: 0.6812||G_loss: 1.6794|R121_loss: 0.1840|R212_loss: 0.1572
2024/08/16 13:39:22: model [INFO] Epoch:   5/  6|Batch: 1709/16927||D_loss: 1.3290|D1_loss: 0.6890|D2_loss: 0.6399||G_loss: 2.0309|R121_loss: 0.2467|R212_loss: 0.2772
2024/08/16 13:39:22: model [INFO] Epoch:   5/  6|Batch: 1714/16927||D_loss: 1.3801|D1_loss: 0.7081|D2_loss: 0.6720||G_loss: 1.6926|R121_loss: 0.1645|R212_loss: 0.1437
2024/08/16 13:39:22: model [INFO] Epoch:   5/  6|Batch: 1719/16927||D_loss: 1.3691|D1_loss: 0.6960|D2_loss: 0.6731||G_loss: 1.7492|R121_loss: 0.1548|R212_loss: 0.1700
2024/08/16 13:39:22: model [INFO] Epoch:   5/  6|Batch: 1724/16927||D_loss: 1.4156|D1_loss: 0.7406|D2_loss: 0.6750||G_loss: 1.8600|R121_loss: 0.2119|R212_loss: 0.2153
2024/08/16 13:39:22: model [INFO] Epoch:   5/  6|Batch: 1729/16927||D_loss: 1.3098|D1_loss: 0.6508|D2_loss: 0.6590||G_loss: 1.9572|R121_loss: 0.2660|R212_loss: 0.1498
2024/08/16 13:39:22: model [INFO] Epoch:   5/  6|Batch: 1734/16927||D_loss: 1.3486|D1_loss: 0.6948|D2_loss: 0.6537||G_loss: 1.9145|R121_loss: 0.1774|R212_loss: 0.2320
2024/08/16 13:39:22: model [INFO] Epoch:   5/  6|Batch: 1739/16927||D_loss: 1.3845|D1_loss: 0.7180|D2_loss: 0.6666||G_loss: 1.7919|R121_loss: 0.1535|R212_loss: 0.1828
2024/08/16 13:39:22: model [INFO] Epoch:   5/  6|Batch: 1744/16927||D_loss: 1.3297|D1_loss: 0.7033|D2_loss: 0.6263||G_loss: 1.9896|R121_loss: 0.2485|R212_loss: 0.1644
2024/08/16 13:39:22: model [INFO] Epoch:   5/  6|Batch: 1749/16927||D_loss: 1.3706|D1_loss: 0.7256|D2_loss: 0.6450||G_loss: 1.9533|R121_loss: 0.1990|R212_loss: 0.1188
2024/08/16 13:39:22: model [INFO] Epoch:   5/  6|Batch: 1754/16927||D_loss: 1.3796|D1_loss: 0.7155|D2_loss: 0.6641||G_loss: 1.7551|R121_loss: 0.1698|R212_loss: 0.1475
2024/08/16 13:39:22: model [INFO] Epoch:   5/  6|Batch: 1759/16927||D_loss: 1.3247|D1_loss: 0.6896|D2_loss: 0.6351||G_loss: 1.8175|R121_loss: 0.1756|R212_loss: 0.1945
2024/08/16 13:39:22: model [INFO] Epoch:   5/  6|Batch: 1764/16927||D_loss: 1.3688|D1_loss: 0.7074|D2_loss: 0.6614||G_loss: 1.7308|R121_loss: 0.1580|R212_loss: 0.1416
2024/08/16 13:39:22: model [INFO] Epoch:   5/  6|Batch: 1769/16927||D_loss: 1.2793|D1_loss: 0.6578|D2_loss: 0.6215||G_loss: 1.9571|R121_loss: 0.2042|R212_loss: 0.2624
2024/08/16 13:39:22: model [INFO] Epoch:   5/  6|Batch: 1774/16927||D_loss: 1.3049|D1_loss: 0.6930|D2_loss: 0.6119||G_loss: 1.8626|R121_loss: 0.1771|R212_loss: 0.1373
2024/08/16 13:39:22: model [INFO] Epoch:   5/  6|Batch: 1779/16927||D_loss: 1.2732|D1_loss: 0.6649|D2_loss: 0.6084||G_loss: 1.9431|R121_loss: 0.2458|R212_loss: 0.1966
2024/08/16 13:39:22: model [INFO] Epoch:   5/  6|Batch: 1784/16927||D_loss: 1.2802|D1_loss: 0.6885|D2_loss: 0.5917||G_loss: 1.9681|R121_loss: 0.2200|R212_loss: 0.1743
2024/08/16 13:39:23: model [INFO] Epoch:   5/  6|Batch: 1789/16927||D_loss: 1.5209|D1_loss: 0.6693|D2_loss: 0.8517||G_loss: 1.9177|R121_loss: 0.1617|R212_loss: 0.2344
2024/08/16 13:39:23: model [INFO] Epoch:   5/  6|Batch: 1794/16927||D_loss: 1.4374|D1_loss: 0.7048|D2_loss: 0.7326||G_loss: 1.7613|R121_loss: 0.1570|R212_loss: 0.1372
2024/08/16 13:39:23: model [INFO] Epoch:   5/  6|Batch: 1799/16927||D_loss: 1.3126|D1_loss: 0.6998|D2_loss: 0.6128||G_loss: 1.8479|R121_loss: 0.1957|R212_loss: 0.1846
2024/08/16 13:39:23: model [INFO] Epoch:   5/  6|Batch: 1804/16927||D_loss: 1.4273|D1_loss: 0.7120|D2_loss: 0.7153||G_loss: 1.7410|R121_loss: 0.1655|R212_loss: 0.1392
2024/08/16 13:39:23: model [INFO] Epoch:   5/  6|Batch: 1809/16927||D_loss: 1.4769|D1_loss: 0.7236|D2_loss: 0.7533||G_loss: 1.8298|R121_loss: 0.1705|R212_loss: 0.2398
2024/08/16 13:39:23: model [INFO] Epoch:   5/  6|Batch: 1814/16927||D_loss: 1.3125|D1_loss: 0.6904|D2_loss: 0.6221||G_loss: 1.7359|R121_loss: 0.1436|R212_loss: 0.1729
2024/08/16 13:39:23: model [INFO] Epoch:   5/  6|Batch: 1819/16927||D_loss: 1.3451|D1_loss: 0.6814|D2_loss: 0.6637||G_loss: 1.7898|R121_loss: 0.1835|R212_loss: 0.1567
2024/08/16 13:39:23: model [INFO] Epoch:   5/  6|Batch: 1824/16927||D_loss: 1.3838|D1_loss: 0.7021|D2_loss: 0.6816||G_loss: 1.6999|R121_loss: 0.1454|R212_loss: 0.1449
2024/08/16 13:39:23: model [INFO] Epoch:   5/  6|Batch: 1829/16927||D_loss: 1.3115|D1_loss: 0.6909|D2_loss: 0.6207||G_loss: 1.7873|R121_loss: 0.1684|R212_loss: 0.1920
2024/08/16 13:39:23: model [INFO] Epoch:   5/  6|Batch: 1834/16927||D_loss: 1.3428|D1_loss: 0.6757|D2_loss: 0.6671||G_loss: 1.9189|R121_loss: 0.1887|R212_loss: 0.2507
2024/08/16 13:39:23: model [INFO] Epoch:   5/  6|Batch: 1839/16927||D_loss: 1.3560|D1_loss: 0.7093|D2_loss: 0.6467||G_loss: 1.9181|R121_loss: 0.2240|R212_loss: 0.1398
2024/08/16 13:39:23: model [INFO] Epoch:   5/  6|Batch: 1844/16927||D_loss: 1.3528|D1_loss: 0.6618|D2_loss: 0.6910||G_loss: 1.9542|R121_loss: 0.1607|R212_loss: 0.2982
2024/08/16 13:39:23: model [INFO] Epoch:   5/  6|Batch: 1849/16927||D_loss: 1.2701|D1_loss: 0.7098|D2_loss: 0.5603||G_loss: 1.9696|R121_loss: 0.1869|R212_loss: 0.1851
2024/08/16 13:39:23: model [INFO] Epoch:   5/  6|Batch: 1854/16927||D_loss: 1.2724|D1_loss: 0.6562|D2_loss: 0.6163||G_loss: 2.1716|R121_loss: 0.2750|R212_loss: 0.2346
2024/08/16 13:39:23: model [INFO] Epoch:   5/  6|Batch: 1859/16927||D_loss: 1.3393|D1_loss: 0.6921|D2_loss: 0.6472||G_loss: 1.8914|R121_loss: 0.1906|R212_loss: 0.1318
2024/08/16 13:39:23: model [INFO] Epoch:   5/  6|Batch: 1864/16927||D_loss: 1.4476|D1_loss: 0.7374|D2_loss: 0.7102||G_loss: 1.7033|R121_loss: 0.1771|R212_loss: 0.1322
2024/08/16 13:39:23: model [INFO] Epoch:   5/  6|Batch: 1869/16927||D_loss: 1.4039|D1_loss: 0.7575|D2_loss: 0.6464||G_loss: 1.9450|R121_loss: 0.3031|R212_loss: 0.1276
2024/08/16 13:39:23: model [INFO] Epoch:   5/  6|Batch: 1874/16927||D_loss: 1.4144|D1_loss: 0.7250|D2_loss: 0.6894||G_loss: 1.6946|R121_loss: 0.1485|R212_loss: 0.1508
2024/08/16 13:39:23: model [INFO] Epoch:   5/  6|Batch: 1879/16927||D_loss: 1.4131|D1_loss: 0.7103|D2_loss: 0.7028||G_loss: 1.6786|R121_loss: 0.1566|R212_loss: 0.1513
2024/08/16 13:39:23: model [INFO] Epoch:   5/  6|Batch: 1884/16927||D_loss: 1.3589|D1_loss: 0.6809|D2_loss: 0.6780||G_loss: 1.7515|R121_loss: 0.1892|R212_loss: 0.1525
2024/08/16 13:39:23: model [INFO] Epoch:   5/  6|Batch: 1889/16927||D_loss: 1.4126|D1_loss: 0.7268|D2_loss: 0.6858||G_loss: 1.6698|R121_loss: 0.1557|R212_loss: 0.1551
2024/08/16 13:39:23: model [INFO] Epoch:   5/  6|Batch: 1894/16927||D_loss: 1.3606|D1_loss: 0.7164|D2_loss: 0.6442||G_loss: 1.8500|R121_loss: 0.2188|R212_loss: 0.1535
2024/08/16 13:39:23: model [INFO] Epoch:   5/  6|Batch: 1899/16927||D_loss: 1.4085|D1_loss: 0.7438|D2_loss: 0.6647||G_loss: 1.7943|R121_loss: 0.2077|R212_loss: 0.1450
2024/08/16 13:39:23: model [INFO] Epoch:   5/  6|Batch: 1904/16927||D_loss: 1.3831|D1_loss: 0.7102|D2_loss: 0.6729||G_loss: 1.7057|R121_loss: 0.1591|R212_loss: 0.1444
2024/08/16 13:39:23: model [INFO] Epoch:   5/  6|Batch: 1909/16927||D_loss: 1.3648|D1_loss: 0.7243|D2_loss: 0.6406||G_loss: 1.7826|R121_loss: 0.1972|R212_loss: 0.1509
2024/08/16 13:39:23: model [INFO] Epoch:   5/  6|Batch: 1914/16927||D_loss: 1.4410|D1_loss: 0.7225|D2_loss: 0.7185||G_loss: 1.8871|R121_loss: 0.2264|R212_loss: 0.2429
2024/08/16 13:39:23: model [INFO] Epoch:   5/  6|Batch: 1919/16927||D_loss: 1.2740|D1_loss: 0.6613|D2_loss: 0.6127||G_loss: 1.9262|R121_loss: 0.2058|R212_loss: 0.2569
2024/08/16 13:39:23: model [INFO] Epoch:   5/  6|Batch: 1924/16927||D_loss: 1.3741|D1_loss: 0.7020|D2_loss: 0.6721||G_loss: 1.7906|R121_loss: 0.1845|R212_loss: 0.1404
2024/08/16 13:39:23: model [INFO] Epoch:   5/  6|Batch: 1929/16927||D_loss: 1.4015|D1_loss: 0.7230|D2_loss: 0.6785||G_loss: 1.7857|R121_loss: 0.2006|R212_loss: 0.1529
2024/08/16 13:39:23: model [INFO] Epoch:   5/  6|Batch: 1934/16927||D_loss: 1.3743|D1_loss: 0.7041|D2_loss: 0.6702||G_loss: 1.7022|R121_loss: 0.1408|R212_loss: 0.1389
2024/08/16 13:39:23: model [INFO] Epoch:   5/  6|Batch: 1939/16927||D_loss: 1.3807|D1_loss: 0.7176|D2_loss: 0.6631||G_loss: 1.7633|R121_loss: 0.1758|R212_loss: 0.1459
2024/08/16 13:39:23: model [INFO] Epoch:   5/  6|Batch: 1944/16927||D_loss: 1.3649|D1_loss: 0.7009|D2_loss: 0.6640||G_loss: 1.7257|R121_loss: 0.1523|R212_loss: 0.1435
2024/08/16 13:39:23: model [INFO] Epoch:   5/  6|Batch: 1949/16927||D_loss: 1.3157|D1_loss: 0.6659|D2_loss: 0.6499||G_loss: 1.9125|R121_loss: 0.1872|R212_loss: 0.1962
2024/08/16 13:39:23: model [INFO] Epoch:   5/  6|Batch: 1954/16927||D_loss: 1.3785|D1_loss: 0.7244|D2_loss: 0.6541||G_loss: 1.7474|R121_loss: 0.1795|R212_loss: 0.1424
2024/08/16 13:39:23: model [INFO] Epoch:   5/  6|Batch: 1959/16927||D_loss: 1.3058|D1_loss: 0.6801|D2_loss: 0.6257||G_loss: 1.7843|R121_loss: 0.1543|R212_loss: 0.1699
2024/08/16 13:39:23: model [INFO] Epoch:   5/  6|Batch: 1964/16927||D_loss: 1.3313|D1_loss: 0.7074|D2_loss: 0.6238||G_loss: 1.8062|R121_loss: 0.1665|R212_loss: 0.1597
2024/08/16 13:39:23: model [INFO] Epoch:   5/  6|Batch: 1969/16927||D_loss: 1.3291|D1_loss: 0.6849|D2_loss: 0.6442||G_loss: 1.8687|R121_loss: 0.2083|R212_loss: 0.1458
2024/08/16 13:39:24: model [INFO] Epoch:   5/  6|Batch: 1974/16927||D_loss: 1.4783|D1_loss: 0.7387|D2_loss: 0.7396||G_loss: 1.7722|R121_loss: 0.2050|R212_loss: 0.1385
2024/08/16 13:39:24: model [INFO] Epoch:   5/  6|Batch: 1979/16927||D_loss: 1.4119|D1_loss: 0.7322|D2_loss: 0.6797||G_loss: 1.9074|R121_loss: 0.2217|R212_loss: 0.1465
2024/08/16 13:39:24: model [INFO] Epoch:   5/  6|Batch: 1984/16927||D_loss: 1.4506|D1_loss: 0.7234|D2_loss: 0.7272||G_loss: 1.7140|R121_loss: 0.2016|R212_loss: 0.1224
2024/08/16 13:39:24: model [INFO] Epoch:   5/  6|Batch: 1989/16927||D_loss: 1.3137|D1_loss: 0.6682|D2_loss: 0.6455||G_loss: 1.8166|R121_loss: 0.1941|R212_loss: 0.1407
2024/08/16 13:39:24: model [INFO] Epoch:   5/  6|Batch: 1994/16927||D_loss: 1.4159|D1_loss: 0.7080|D2_loss: 0.7079||G_loss: 1.7380|R121_loss: 0.2031|R212_loss: 0.1241
2024/08/16 13:39:24: model [INFO] Epoch:   5/  6|Batch: 1999/16927||D_loss: 1.3659|D1_loss: 0.7107|D2_loss: 0.6552||G_loss: 1.7901|R121_loss: 0.1777|R212_loss: 0.1425
2024/08/16 13:39:24: model [INFO] Epoch:   5/  6|Batch: 2004/16927||D_loss: 1.3268|D1_loss: 0.6996|D2_loss: 0.6272||G_loss: 1.7739|R121_loss: 0.1511|R212_loss: 0.1911
2024/08/16 13:39:24: model [INFO] Epoch:   5/  6|Batch: 2009/16927||D_loss: 1.3450|D1_loss: 0.6885|D2_loss: 0.6565||G_loss: 1.8204|R121_loss: 0.2433|R212_loss: 0.1448
2024/08/16 13:39:24: model [INFO] Epoch:   5/  6|Batch: 2014/16927||D_loss: 1.4560|D1_loss: 0.7262|D2_loss: 0.7298||G_loss: 1.6807|R121_loss: 0.1497|R212_loss: 0.1361
2024/08/16 13:39:24: model [INFO] Epoch:   5/  6|Batch: 2019/16927||D_loss: 1.4912|D1_loss: 0.6959|D2_loss: 0.7953||G_loss: 1.8658|R121_loss: 0.1708|R212_loss: 0.2382
2024/08/16 13:39:24: model [INFO] Epoch:   5/  6|Batch: 2024/16927||D_loss: 1.3111|D1_loss: 0.6878|D2_loss: 0.6233||G_loss: 1.7988|R121_loss: 0.1787|R212_loss: 0.1608
2024/08/16 13:39:24: model [INFO] Epoch:   5/  6|Batch: 2029/16927||D_loss: 1.3436|D1_loss: 0.6792|D2_loss: 0.6644||G_loss: 1.7694|R121_loss: 0.1732|R212_loss: 0.1352
2024/08/16 13:39:24: model [INFO] Epoch:   5/  6|Batch: 2034/16927||D_loss: 1.3141|D1_loss: 0.6463|D2_loss: 0.6678||G_loss: 1.8616|R121_loss: 0.2018|R212_loss: 0.1553
2024/08/16 13:39:24: model [INFO] Epoch:   5/  6|Batch: 2039/16927||D_loss: 1.4438|D1_loss: 0.6797|D2_loss: 0.7640||G_loss: 1.8546|R121_loss: 0.1534|R212_loss: 0.2297
2024/08/16 13:39:24: model [INFO] Epoch:   5/  6|Batch: 2044/16927||D_loss: 1.3579|D1_loss: 0.7031|D2_loss: 0.6548||G_loss: 1.7361|R121_loss: 0.1740|R212_loss: 0.1292
2024/08/16 13:39:24: model [INFO] Epoch:   5/  6|Batch: 2049/16927||D_loss: 1.4510|D1_loss: 0.7448|D2_loss: 0.7061||G_loss: 1.6882|R121_loss: 0.1748|R212_loss: 0.1416
2024/08/16 13:39:24: model [INFO] Epoch:   5/  6|Batch: 2054/16927||D_loss: 1.4379|D1_loss: 0.7353|D2_loss: 0.7025||G_loss: 1.6551|R121_loss: 0.1572|R212_loss: 0.1384
2024/08/16 13:39:24: model [INFO] Epoch:   5/  6|Batch: 2059/16927||D_loss: 1.3729|D1_loss: 0.7011|D2_loss: 0.6718||G_loss: 1.6834|R121_loss: 0.1261|R212_loss: 0.1405
2024/08/16 13:39:24: model [INFO] Epoch:   5/  6|Batch: 2064/16927||D_loss: 1.3772|D1_loss: 0.7134|D2_loss: 0.6638||G_loss: 1.8249|R121_loss: 0.2295|R212_loss: 0.1395
2024/08/16 13:39:24: model [INFO] Epoch:   5/  6|Batch: 2069/16927||D_loss: 1.4429|D1_loss: 0.7339|D2_loss: 0.7090||G_loss: 1.6760|R121_loss: 0.1633|R212_loss: 0.1342
2024/08/16 13:39:24: model [INFO] Epoch:   5/  6|Batch: 2074/16927||D_loss: 1.4162|D1_loss: 0.7079|D2_loss: 0.7083||G_loss: 1.7148|R121_loss: 0.1912|R212_loss: 0.1460
2024/08/16 13:39:24: model [INFO] Epoch:   5/  6|Batch: 2079/16927||D_loss: 1.3951|D1_loss: 0.7100|D2_loss: 0.6851||G_loss: 1.7166|R121_loss: 0.1640|R212_loss: 0.1281
2024/08/16 13:39:24: model [INFO] Epoch:   5/  6|Batch: 2084/16927||D_loss: 1.4005|D1_loss: 0.7028|D2_loss: 0.6978||G_loss: 1.6966|R121_loss: 0.1837|R212_loss: 0.1323
2024/08/16 13:39:24: model [INFO] Epoch:   5/  6|Batch: 2089/16927||D_loss: 1.4048|D1_loss: 0.7086|D2_loss: 0.6962||G_loss: 1.6778|R121_loss: 0.1720|R212_loss: 0.1256
2024/08/16 13:39:24: model [INFO] Epoch:   5/  6|Batch: 2094/16927||D_loss: 1.3738|D1_loss: 0.6997|D2_loss: 0.6742||G_loss: 1.7226|R121_loss: 0.1494|R212_loss: 0.1592
2024/08/16 13:39:24: model [INFO] Epoch:   5/  6|Batch: 2099/16927||D_loss: 1.3046|D1_loss: 0.6522|D2_loss: 0.6524||G_loss: 1.9404|R121_loss: 0.1849|R212_loss: 0.2503
2024/08/16 13:39:24: model [INFO] Epoch:   5/  6|Batch: 2104/16927||D_loss: 1.3957|D1_loss: 0.7279|D2_loss: 0.6678||G_loss: 1.7775|R121_loss: 0.1613|R212_loss: 0.2284
2024/08/16 13:39:24: model [INFO] Epoch:   5/  6|Batch: 2109/16927||D_loss: 1.4435|D1_loss: 0.7362|D2_loss: 0.7073||G_loss: 1.7311|R121_loss: 0.1886|R212_loss: 0.1355
2024/08/16 13:39:24: model [INFO] Epoch:   5/  6|Batch: 2114/16927||D_loss: 1.3373|D1_loss: 0.7119|D2_loss: 0.6254||G_loss: 1.7907|R121_loss: 0.1649|R212_loss: 0.1223
2024/08/16 13:39:24: model [INFO] Epoch:   5/  6|Batch: 2119/16927||D_loss: 1.3482|D1_loss: 0.6738|D2_loss: 0.6744||G_loss: 1.9224|R121_loss: 0.1520|R212_loss: 0.2960
2024/08/16 13:39:24: model [INFO] Epoch:   5/  6|Batch: 2124/16927||D_loss: 1.3028|D1_loss: 0.6594|D2_loss: 0.6434||G_loss: 1.9188|R121_loss: 0.1923|R212_loss: 0.2336
2024/08/16 13:39:24: model [INFO] Epoch:   5/  6|Batch: 2129/16927||D_loss: 1.4045|D1_loss: 0.7042|D2_loss: 0.7003||G_loss: 1.7200|R121_loss: 0.1502|R212_loss: 0.1341
2024/08/16 13:39:24: model [INFO] Epoch:   5/  6|Batch: 2134/16927||D_loss: 1.3727|D1_loss: 0.6943|D2_loss: 0.6784||G_loss: 1.8530|R121_loss: 0.1445|R212_loss: 0.2048
2024/08/16 13:39:24: model [INFO] Epoch:   5/  6|Batch: 2139/16927||D_loss: 1.3621|D1_loss: 0.7197|D2_loss: 0.6424||G_loss: 1.8697|R121_loss: 0.1888|R212_loss: 0.1305
2024/08/16 13:39:24: model [INFO] Epoch:   5/  6|Batch: 2144/16927||D_loss: 1.3825|D1_loss: 0.6936|D2_loss: 0.6889||G_loss: 1.7045|R121_loss: 0.1663|R212_loss: 0.1275
2024/08/16 13:39:24: model [INFO] Epoch:   5/  6|Batch: 2149/16927||D_loss: 1.2758|D1_loss: 0.6584|D2_loss: 0.6174||G_loss: 2.0004|R121_loss: 0.1777|R212_loss: 0.3274
2024/08/16 13:39:24: model [INFO] Epoch:   5/  6|Batch: 2154/16927||D_loss: 1.3491|D1_loss: 0.6644|D2_loss: 0.6846||G_loss: 1.9120|R121_loss: 0.1590|R212_loss: 0.2640
2024/08/16 13:39:25: model [INFO] Epoch:   5/  6|Batch: 2159/16927||D_loss: 1.4217|D1_loss: 0.7283|D2_loss: 0.6934||G_loss: 1.7068|R121_loss: 0.1670|R212_loss: 0.1312
2024/08/16 13:39:25: model [INFO] Epoch:   5/  6|Batch: 2164/16927||D_loss: 1.4203|D1_loss: 0.7356|D2_loss: 0.6846||G_loss: 1.7498|R121_loss: 0.1785|R212_loss: 0.1545
2024/08/16 13:39:25: model [INFO] Epoch:   5/  6|Batch: 2169/16927||D_loss: 1.3918|D1_loss: 0.7022|D2_loss: 0.6896||G_loss: 1.6776|R121_loss: 0.1552|R212_loss: 0.1185
2024/08/16 13:39:25: model [INFO] Epoch:   5/  6|Batch: 2174/16927||D_loss: 1.3802|D1_loss: 0.6936|D2_loss: 0.6866||G_loss: 1.7502|R121_loss: 0.2055|R212_loss: 0.1245
2024/08/16 13:39:25: model [INFO] Epoch:   5/  6|Batch: 2179/16927||D_loss: 1.4155|D1_loss: 0.7116|D2_loss: 0.7039||G_loss: 1.8951|R121_loss: 0.2075|R212_loss: 0.2462
2024/08/16 13:39:25: model [INFO] Epoch:   5/  6|Batch: 2184/16927||D_loss: 1.4227|D1_loss: 0.7447|D2_loss: 0.6779||G_loss: 1.6455|R121_loss: 0.1507|R212_loss: 0.1529
2024/08/16 13:39:25: model [INFO] Epoch:   5/  6|Batch: 2189/16927||D_loss: 1.3972|D1_loss: 0.7132|D2_loss: 0.6840||G_loss: 1.7498|R121_loss: 0.1540|R212_loss: 0.2044
2024/08/16 13:39:25: model [INFO] Epoch:   5/  6|Batch: 2194/16927||D_loss: 1.4534|D1_loss: 0.7515|D2_loss: 0.7019||G_loss: 1.8093|R121_loss: 0.2071|R212_loss: 0.2130
2024/08/16 13:39:25: model [INFO] Epoch:   5/  6|Batch: 2199/16927||D_loss: 1.3958|D1_loss: 0.7020|D2_loss: 0.6938||G_loss: 1.7961|R121_loss: 0.1667|R212_loss: 0.2265
2024/08/16 13:39:25: model [INFO] Epoch:   5/  6|Batch: 2204/16927||D_loss: 1.4040|D1_loss: 0.7192|D2_loss: 0.6848||G_loss: 1.8386|R121_loss: 0.1732|R212_loss: 0.1889
2024/08/16 13:39:25: model [INFO] Epoch:   5/  6|Batch: 2209/16927||D_loss: 1.3306|D1_loss: 0.7051|D2_loss: 0.6256||G_loss: 1.9039|R121_loss: 0.1874|R212_loss: 0.1311
2024/08/16 13:39:25: model [INFO] Epoch:   5/  6|Batch: 2214/16927||D_loss: 1.3910|D1_loss: 0.7031|D2_loss: 0.6879||G_loss: 1.7229|R121_loss: 0.1736|R212_loss: 0.1197
2024/08/16 13:39:25: model [INFO] Epoch:   5/  6|Batch: 2219/16927||D_loss: 1.3940|D1_loss: 0.7008|D2_loss: 0.6932||G_loss: 1.7463|R121_loss: 0.1854|R212_loss: 0.1302
2024/08/16 13:39:25: model [INFO] Epoch:   5/  6|Batch: 2224/16927||D_loss: 1.3828|D1_loss: 0.6881|D2_loss: 0.6948||G_loss: 1.7204|R121_loss: 0.1424|R212_loss: 0.1776
2024/08/16 13:39:25: model [INFO] Epoch:   5/  6|Batch: 2229/16927||D_loss: 1.3943|D1_loss: 0.7186|D2_loss: 0.6757||G_loss: 1.7736|R121_loss: 0.1812|R212_loss: 0.1892
2024/08/16 13:39:25: model [INFO] Epoch:   5/  6|Batch: 2234/16927||D_loss: 1.3870|D1_loss: 0.7101|D2_loss: 0.6769||G_loss: 1.7342|R121_loss: 0.1975|R212_loss: 0.1552
2024/08/16 13:39:25: model [INFO] Epoch:   5/  6|Batch: 2239/16927||D_loss: 1.3069|D1_loss: 0.6773|D2_loss: 0.6296||G_loss: 2.0342|R121_loss: 0.3187|R212_loss: 0.1462
2024/08/16 13:39:25: model [INFO] Epoch:   5/  6|Batch: 2244/16927||D_loss: 1.3678|D1_loss: 0.6979|D2_loss: 0.6699||G_loss: 1.9071|R121_loss: 0.2843|R212_loss: 0.2356
2024/08/16 13:39:25: model [INFO] Epoch:   5/  6|Batch: 2249/16927||D_loss: 1.3445|D1_loss: 0.6848|D2_loss: 0.6597||G_loss: 1.7458|R121_loss: 0.1586|R212_loss: 0.1353
2024/08/16 13:39:25: model [INFO] Epoch:   5/  6|Batch: 2254/16927||D_loss: 1.3901|D1_loss: 0.7096|D2_loss: 0.6804||G_loss: 1.7931|R121_loss: 0.1618|R212_loss: 0.2027
2024/08/16 13:39:25: model [INFO] Epoch:   5/  6|Batch: 2259/16927||D_loss: 1.3003|D1_loss: 0.6946|D2_loss: 0.6056||G_loss: 1.9521|R121_loss: 0.2433|R212_loss: 0.1455
2024/08/16 13:39:25: model [INFO] Epoch:   5/  6|Batch: 2264/16927||D_loss: 1.3881|D1_loss: 0.7012|D2_loss: 0.6869||G_loss: 1.7965|R121_loss: 0.1543|R212_loss: 0.2090
2024/08/16 13:39:25: model [INFO] Epoch:   5/  6|Batch: 2269/16927||D_loss: 1.4124|D1_loss: 0.6806|D2_loss: 0.7317||G_loss: 1.8979|R121_loss: 0.1609|R212_loss: 0.2527
2024/08/16 13:39:25: model [INFO] Epoch:   5/  6|Batch: 2274/16927||D_loss: 1.3796|D1_loss: 0.7191|D2_loss: 0.6605||G_loss: 1.7910|R121_loss: 0.1940|R212_loss: 0.1792
2024/08/16 13:39:25: model [INFO] Epoch:   5/  6|Batch: 2279/16927||D_loss: 1.3749|D1_loss: 0.7283|D2_loss: 0.6467||G_loss: 1.7374|R121_loss: 0.1979|R212_loss: 0.1405
2024/08/16 13:39:25: model [INFO] Epoch:   5/  6|Batch: 2284/16927||D_loss: 1.3218|D1_loss: 0.6773|D2_loss: 0.6445||G_loss: 1.9365|R121_loss: 0.1910|R212_loss: 0.2499
2024/08/16 13:39:25: model [INFO] Epoch:   5/  6|Batch: 2289/16927||D_loss: 1.4111|D1_loss: 0.6751|D2_loss: 0.7360||G_loss: 2.1407|R121_loss: 0.2124|R212_loss: 0.2817
2024/08/16 13:39:25: model [INFO] Epoch:   5/  6|Batch: 2294/16927||D_loss: 1.4311|D1_loss: 0.7325|D2_loss: 0.6986||G_loss: 1.7093|R121_loss: 0.1570|R212_loss: 0.1215
2024/08/16 13:39:25: model [INFO] Epoch:   5/  6|Batch: 2299/16927||D_loss: 1.3911|D1_loss: 0.6956|D2_loss: 0.6956||G_loss: 1.7225|R121_loss: 0.1661|R212_loss: 0.1174
2024/08/16 13:39:25: model [INFO] Epoch:   5/  6|Batch: 2304/16927||D_loss: 1.4153|D1_loss: 0.7075|D2_loss: 0.7078||G_loss: 1.7052|R121_loss: 0.2031|R212_loss: 0.1170
2024/08/16 13:39:25: model [INFO] Epoch:   5/  6|Batch: 2309/16927||D_loss: 1.3973|D1_loss: 0.6897|D2_loss: 0.7076||G_loss: 1.6697|R121_loss: 0.1648|R212_loss: 0.1228
2024/08/16 13:39:25: model [INFO] Epoch:   5/  6|Batch: 2314/16927||D_loss: 1.4099|D1_loss: 0.7081|D2_loss: 0.7018||G_loss: 1.6197|R121_loss: 0.1524|R212_loss: 0.1109
2024/08/16 13:39:25: model [INFO] Epoch:   5/  6|Batch: 2319/16927||D_loss: 1.4068|D1_loss: 0.7298|D2_loss: 0.6770||G_loss: 1.7249|R121_loss: 0.1994|R212_loss: 0.1583
2024/08/16 13:39:25: model [INFO] Epoch:   5/  6|Batch: 2324/16927||D_loss: 1.3953|D1_loss: 0.7205|D2_loss: 0.6748||G_loss: 1.6649|R121_loss: 0.2001|R212_loss: 0.1418
2024/08/16 13:39:25: model [INFO] Epoch:   5/  6|Batch: 2329/16927||D_loss: 1.2919|D1_loss: 0.6703|D2_loss: 0.6216||G_loss: 1.8291|R121_loss: 0.1558|R212_loss: 0.2508
2024/08/16 13:39:25: model [INFO] Epoch:   5/  6|Batch: 2334/16927||D_loss: 1.4238|D1_loss: 0.7159|D2_loss: 0.7079||G_loss: 1.7381|R121_loss: 0.2284|R212_loss: 0.1095
2024/08/16 13:39:25: model [INFO] Epoch:   5/  6|Batch: 2339/16927||D_loss: 1.3622|D1_loss: 0.6948|D2_loss: 0.6675||G_loss: 1.8774|R121_loss: 0.2170|R212_loss: 0.1912
2024/08/16 13:39:26: model [INFO] Epoch:   5/  6|Batch: 2344/16927||D_loss: 1.4596|D1_loss: 0.7183|D2_loss: 0.7413||G_loss: 1.8739|R121_loss: 0.2086|R212_loss: 0.2179
2024/08/16 13:39:26: model [INFO] Epoch:   5/  6|Batch: 2349/16927||D_loss: 1.4035|D1_loss: 0.7210|D2_loss: 0.6825||G_loss: 1.7799|R121_loss: 0.1822|R212_loss: 0.1438
2024/08/16 13:39:26: model [INFO] Epoch:   5/  6|Batch: 2354/16927||D_loss: 1.4068|D1_loss: 0.7240|D2_loss: 0.6827||G_loss: 1.7042|R121_loss: 0.1678|R212_loss: 0.1473
2024/08/16 13:39:26: model [INFO] Epoch:   5/  6|Batch: 2359/16927||D_loss: 1.3591|D1_loss: 0.7159|D2_loss: 0.6431||G_loss: 1.9461|R121_loss: 0.2599|R212_loss: 0.1327
2024/08/16 13:39:26: model [INFO] Epoch:   5/  6|Batch: 2364/16927||D_loss: 1.3556|D1_loss: 0.7050|D2_loss: 0.6506||G_loss: 1.8380|R121_loss: 0.1352|R212_loss: 0.2745
2024/08/16 13:39:26: model [INFO] Epoch:   5/  6|Batch: 2369/16927||D_loss: 1.3988|D1_loss: 0.7087|D2_loss: 0.6901||G_loss: 1.6993|R121_loss: 0.1502|R212_loss: 0.1357
2024/08/16 13:39:26: model [INFO] Epoch:   5/  6|Batch: 2374/16927||D_loss: 1.4301|D1_loss: 0.7492|D2_loss: 0.6809||G_loss: 1.6995|R121_loss: 0.1917|R212_loss: 0.1482
2024/08/16 13:39:26: model [INFO] Epoch:   5/  6|Batch: 2379/16927||D_loss: 1.3277|D1_loss: 0.6761|D2_loss: 0.6516||G_loss: 1.8773|R121_loss: 0.1878|R212_loss: 0.1466
2024/08/16 13:39:26: model [INFO] Epoch:   5/  6|Batch: 2384/16927||D_loss: 1.4345|D1_loss: 0.7459|D2_loss: 0.6887||G_loss: 1.6741|R121_loss: 0.1569|R212_loss: 0.1585
2024/08/16 13:39:26: model [INFO] Epoch:   5/  6|Batch: 2389/16927||D_loss: 1.3087|D1_loss: 0.6780|D2_loss: 0.6308||G_loss: 1.8538|R121_loss: 0.1418|R212_loss: 0.2260
2024/08/16 13:39:26: model [INFO] Epoch:   5/  6|Batch: 2394/16927||D_loss: 1.2854|D1_loss: 0.6809|D2_loss: 0.6045||G_loss: 1.8921|R121_loss: 0.1612|R212_loss: 0.2484
2024/08/16 13:39:26: model [INFO] Epoch:   5/  6|Batch: 2399/16927||D_loss: 1.3204|D1_loss: 0.7245|D2_loss: 0.5959||G_loss: 1.8913|R121_loss: 0.1739|R212_loss: 0.2707
2024/08/16 13:39:26: model [INFO] Epoch:   5/  6|Batch: 2404/16927||D_loss: 1.4355|D1_loss: 0.7147|D2_loss: 0.7207||G_loss: 1.7418|R121_loss: 0.1475|R212_loss: 0.1260
2024/08/16 13:39:26: model [INFO] Epoch:   5/  6|Batch: 2409/16927||D_loss: 1.3437|D1_loss: 0.6802|D2_loss: 0.6635||G_loss: 1.8085|R121_loss: 0.1343|R212_loss: 0.1462
2024/08/16 13:39:26: model [INFO] Epoch:   5/  6|Batch: 2414/16927||D_loss: 1.4142|D1_loss: 0.7067|D2_loss: 0.7075||G_loss: 1.7615|R121_loss: 0.1925|R212_loss: 0.1121
2024/08/16 13:39:26: model [INFO] Epoch:   5/  6|Batch: 2419/16927||D_loss: 1.4075|D1_loss: 0.6964|D2_loss: 0.7111||G_loss: 1.6878|R121_loss: 0.1428|R212_loss: 0.1137
2024/08/16 13:39:26: model [INFO] Epoch:   5/  6|Batch: 2424/16927||D_loss: 1.4025|D1_loss: 0.7421|D2_loss: 0.6604||G_loss: 1.6666|R121_loss: 0.1402|R212_loss: 0.1561
2024/08/16 13:39:26: model [INFO] Epoch:   5/  6|Batch: 2429/16927||D_loss: 1.4259|D1_loss: 0.7212|D2_loss: 0.7047||G_loss: 1.6960|R121_loss: 0.1594|R212_loss: 0.1143
2024/08/16 13:39:26: model [INFO] Epoch:   5/  6|Batch: 2434/16927||D_loss: 1.4089|D1_loss: 0.7493|D2_loss: 0.6596||G_loss: 1.6759|R121_loss: 0.1631|R212_loss: 0.1525
2024/08/16 13:39:26: model [INFO] Epoch:   5/  6|Batch: 2439/16927||D_loss: 1.3972|D1_loss: 0.7019|D2_loss: 0.6953||G_loss: 1.7559|R121_loss: 0.2009|R212_loss: 0.1074
2024/08/16 13:39:26: model [INFO] Epoch:   5/  6|Batch: 2444/16927||D_loss: 1.4052|D1_loss: 0.7491|D2_loss: 0.6561||G_loss: 1.6684|R121_loss: 0.1578|R212_loss: 0.1439
2024/08/16 13:39:26: model [INFO] Epoch:   5/  6|Batch: 2449/16927||D_loss: 1.2924|D1_loss: 0.6903|D2_loss: 0.6020||G_loss: 2.0191|R121_loss: 0.2922|R212_loss: 0.1724
2024/08/16 13:39:26: model [INFO] Epoch:   5/  6|Batch: 2454/16927||D_loss: 1.4273|D1_loss: 0.6905|D2_loss: 0.7368||G_loss: 1.9625|R121_loss: 0.1713|R212_loss: 0.2468
2024/08/16 13:39:26: model [INFO] Epoch:   5/  6|Batch: 2459/16927||D_loss: 1.3383|D1_loss: 0.6755|D2_loss: 0.6628||G_loss: 1.8175|R121_loss: 0.1791|R212_loss: 0.1760
2024/08/16 13:39:26: model [INFO] Epoch:   5/  6|Batch: 2464/16927||D_loss: 1.3277|D1_loss: 0.6725|D2_loss: 0.6552||G_loss: 1.8832|R121_loss: 0.2561|R212_loss: 0.1676
2024/08/16 13:39:26: model [INFO] Epoch:   5/  6|Batch: 2469/16927||D_loss: 1.3955|D1_loss: 0.7286|D2_loss: 0.6669||G_loss: 1.6755|R121_loss: 0.1562|R212_loss: 0.1376
2024/08/16 13:39:26: model [INFO] Epoch:   5/  6|Batch: 2474/16927||D_loss: 1.3209|D1_loss: 0.7038|D2_loss: 0.6171||G_loss: 2.0442|R121_loss: 0.2898|R212_loss: 0.2130
2024/08/16 13:39:26: model [INFO] Epoch:   5/  6|Batch: 2479/16927||D_loss: 1.3373|D1_loss: 0.7132|D2_loss: 0.6241||G_loss: 1.8454|R121_loss: 0.1539|R212_loss: 0.2253
2024/08/16 13:39:26: model [INFO] Epoch:   5/  6|Batch: 2484/16927||D_loss: 1.4298|D1_loss: 0.6829|D2_loss: 0.7469||G_loss: 1.9751|R121_loss: 0.2275|R212_loss: 0.2226
2024/08/16 13:39:26: model [INFO] Epoch:   5/  6|Batch: 2489/16927||D_loss: 1.2998|D1_loss: 0.6887|D2_loss: 0.6112||G_loss: 1.8995|R121_loss: 0.1845|R212_loss: 0.1513
2024/08/16 13:39:26: model [INFO] Epoch:   5/  6|Batch: 2494/16927||D_loss: 1.3881|D1_loss: 0.7203|D2_loss: 0.6678||G_loss: 1.6804|R121_loss: 0.1761|R212_loss: 0.1322
2024/08/16 13:39:26: model [INFO] Epoch:   5/  6|Batch: 2499/16927||D_loss: 1.4097|D1_loss: 0.7134|D2_loss: 0.6963||G_loss: 1.7310|R121_loss: 0.1823|R212_loss: 0.1198
2024/08/16 13:39:26: model [INFO] Epoch:   5/  6|Batch: 2504/16927||D_loss: 1.2899|D1_loss: 0.6994|D2_loss: 0.5905||G_loss: 1.9099|R121_loss: 0.2188|R212_loss: 0.1343
2024/08/16 13:39:26: model [INFO] Epoch:   5/  6|Batch: 2509/16927||D_loss: 1.3716|D1_loss: 0.7096|D2_loss: 0.6620||G_loss: 1.7028|R121_loss: 0.1851|R212_loss: 0.1387
2024/08/16 13:39:26: model [INFO] Epoch:   5/  6|Batch: 2514/16927||D_loss: 1.4353|D1_loss: 0.7194|D2_loss: 0.7159||G_loss: 1.7247|R121_loss: 0.1784|R212_loss: 0.1444
2024/08/16 13:39:26: model [INFO] Epoch:   5/  6|Batch: 2519/16927||D_loss: 1.4638|D1_loss: 0.7468|D2_loss: 0.7170||G_loss: 1.6935|R121_loss: 0.1437|R212_loss: 0.1416
2024/08/16 13:39:26: model [INFO] Epoch:   5/  6|Batch: 2524/16927||D_loss: 1.3467|D1_loss: 0.6916|D2_loss: 0.6551||G_loss: 1.9263|R121_loss: 0.2263|R212_loss: 0.1421
2024/08/16 13:39:27: model [INFO] Epoch:   5/  6|Batch: 2529/16927||D_loss: 1.3305|D1_loss: 0.6968|D2_loss: 0.6337||G_loss: 1.8517|R121_loss: 0.2485|R212_loss: 0.1744
2024/08/16 13:39:27: model [INFO] Epoch:   5/  6|Batch: 2534/16927||D_loss: 1.3936|D1_loss: 0.7141|D2_loss: 0.6795||G_loss: 1.7314|R121_loss: 0.1609|R212_loss: 0.1288
2024/08/16 13:39:27: model [INFO] Epoch:   5/  6|Batch: 2539/16927||D_loss: 1.3723|D1_loss: 0.7003|D2_loss: 0.6720||G_loss: 1.7769|R121_loss: 0.1972|R212_loss: 0.1276
2024/08/16 13:39:27: model [INFO] Epoch:   5/  6|Batch: 2544/16927||D_loss: 1.3581|D1_loss: 0.6943|D2_loss: 0.6638||G_loss: 1.7231|R121_loss: 0.1871|R212_loss: 0.1449
2024/08/16 13:39:27: model [INFO] Epoch:   5/  6|Batch: 2549/16927||D_loss: 1.2500|D1_loss: 0.6688|D2_loss: 0.5813||G_loss: 1.9155|R121_loss: 0.1848|R212_loss: 0.1763
2024/08/16 13:39:27: model [INFO] Epoch:   5/  6|Batch: 2554/16927||D_loss: 1.3700|D1_loss: 0.7107|D2_loss: 0.6593||G_loss: 1.6910|R121_loss: 0.1775|R212_loss: 0.1417
2024/08/16 13:39:27: model [INFO] Epoch:   5/  6|Batch: 2559/16927||D_loss: 1.4233|D1_loss: 0.7275|D2_loss: 0.6957||G_loss: 1.7286|R121_loss: 0.1864|R212_loss: 0.1278
2024/08/16 13:39:27: model [INFO] Epoch:   5/  6|Batch: 2564/16927||D_loss: 1.3996|D1_loss: 0.7320|D2_loss: 0.6676||G_loss: 1.6652|R121_loss: 0.1395|R212_loss: 0.1340
2024/08/16 13:39:27: model [INFO] Epoch:   5/  6|Batch: 2569/16927||D_loss: 1.4209|D1_loss: 0.7642|D2_loss: 0.6567||G_loss: 1.7178|R121_loss: 0.1872|R212_loss: 0.1326
2024/08/16 13:39:27: model [INFO] Epoch:   5/  6|Batch: 2574/16927||D_loss: 1.3699|D1_loss: 0.7197|D2_loss: 0.6502||G_loss: 1.7545|R121_loss: 0.1757|R212_loss: 0.1317
2024/08/16 13:39:27: model [INFO] Epoch:   5/  6|Batch: 2579/16927||D_loss: 1.2842|D1_loss: 0.6829|D2_loss: 0.6013||G_loss: 2.0267|R121_loss: 0.1901|R212_loss: 0.2338
2024/08/16 13:39:27: model [INFO] Epoch:   5/  6|Batch: 2584/16927||D_loss: 1.4238|D1_loss: 0.7012|D2_loss: 0.7226||G_loss: 1.7542|R121_loss: 0.2063|R212_loss: 0.1138
2024/08/16 13:39:27: model [INFO] Epoch:   5/  6|Batch: 2589/16927||D_loss: 1.4400|D1_loss: 0.7243|D2_loss: 0.7157||G_loss: 1.7299|R121_loss: 0.2059|R212_loss: 0.1108
2024/08/16 13:39:27: model [INFO] Epoch:   5/  6|Batch: 2594/16927||D_loss: 1.3402|D1_loss: 0.7011|D2_loss: 0.6391||G_loss: 1.9621|R121_loss: 0.2921|R212_loss: 0.1118
2024/08/16 13:39:27: model [INFO] Epoch:   5/  6|Batch: 2599/16927||D_loss: 1.2628|D1_loss: 0.6775|D2_loss: 0.5853||G_loss: 2.0234|R121_loss: 0.2690|R212_loss: 0.1429
2024/08/16 13:39:27: model [INFO] Epoch:   5/  6|Batch: 2604/16927||D_loss: 1.4439|D1_loss: 0.7336|D2_loss: 0.7103||G_loss: 1.6617|R121_loss: 0.1797|R212_loss: 0.1036
2024/08/16 13:39:27: model [INFO] Epoch:   5/  6|Batch: 2609/16927||D_loss: 1.3689|D1_loss: 0.7192|D2_loss: 0.6497||G_loss: 1.6767|R121_loss: 0.1629|R212_loss: 0.1399
2024/08/16 13:39:27: model [INFO] Epoch:   5/  6|Batch: 2614/16927||D_loss: 1.3368|D1_loss: 0.6879|D2_loss: 0.6489||G_loss: 1.8646|R121_loss: 0.1658|R212_loss: 0.2400
2024/08/16 13:39:27: model [INFO] Epoch:   5/  6|Batch: 2619/16927||D_loss: 1.3456|D1_loss: 0.7170|D2_loss: 0.6286||G_loss: 1.7360|R121_loss: 0.1709|R212_loss: 0.1418
2024/08/16 13:39:27: model [INFO] Epoch:   5/  6|Batch: 2624/16927||D_loss: 1.4451|D1_loss: 0.7252|D2_loss: 0.7199||G_loss: 1.7150|R121_loss: 0.1592|R212_loss: 0.1427
2024/08/16 13:39:27: model [INFO] Epoch:   5/  6|Batch: 2629/16927||D_loss: 1.4318|D1_loss: 0.7091|D2_loss: 0.7227||G_loss: 1.7133|R121_loss: 0.1717|R212_loss: 0.1322
2024/08/16 13:39:27: model [INFO] Epoch:   5/  6|Batch: 2634/16927||D_loss: 1.3211|D1_loss: 0.6945|D2_loss: 0.6266||G_loss: 1.7642|R121_loss: 0.1790|R212_loss: 0.1361
2024/08/16 13:39:27: model [INFO] Epoch:   5/  6|Batch: 2639/16927||D_loss: 1.4063|D1_loss: 0.6973|D2_loss: 0.7090||G_loss: 1.7392|R121_loss: 0.1951|R212_loss: 0.1367
2024/08/16 13:39:27: model [INFO] Epoch:   5/  6|Batch: 2644/16927||D_loss: 1.4359|D1_loss: 0.7212|D2_loss: 0.7147||G_loss: 1.6959|R121_loss: 0.1605|R212_loss: 0.1193
2024/08/16 13:39:27: model [INFO] Epoch:   5/  6|Batch: 2649/16927||D_loss: 1.3405|D1_loss: 0.6913|D2_loss: 0.6492||G_loss: 1.7465|R121_loss: 0.1949|R212_loss: 0.1433
2024/08/16 13:39:27: model [INFO] Epoch:   5/  6|Batch: 2654/16927||D_loss: 1.4224|D1_loss: 0.7167|D2_loss: 0.7057||G_loss: 1.6776|R121_loss: 0.1728|R212_loss: 0.1134
2024/08/16 13:39:27: model [INFO] Epoch:   5/  6|Batch: 2659/16927||D_loss: 1.3378|D1_loss: 0.6852|D2_loss: 0.6525||G_loss: 1.9208|R121_loss: 0.1845|R212_loss: 0.2672
2024/08/16 13:39:27: model [INFO] Epoch:   5/  6|Batch: 2664/16927||D_loss: 1.4557|D1_loss: 0.6852|D2_loss: 0.7705||G_loss: 1.8393|R121_loss: 0.1609|R212_loss: 0.2395
2024/08/16 13:39:27: model [INFO] Epoch:   5/  6|Batch: 2669/16927||D_loss: 1.3563|D1_loss: 0.6986|D2_loss: 0.6576||G_loss: 1.8236|R121_loss: 0.2071|R212_loss: 0.1569
2024/08/16 13:39:27: model [INFO] Epoch:   5/  6|Batch: 2674/16927||D_loss: 1.4131|D1_loss: 0.6981|D2_loss: 0.7150||G_loss: 1.7228|R121_loss: 0.2165|R212_loss: 0.1339
2024/08/16 13:39:27: model [INFO] Epoch:   5/  6|Batch: 2679/16927||D_loss: 1.3552|D1_loss: 0.6935|D2_loss: 0.6617||G_loss: 1.7158|R121_loss: 0.1564|R212_loss: 0.1316
2024/08/16 13:39:27: model [INFO] Epoch:   5/  6|Batch: 2684/16927||D_loss: 1.4217|D1_loss: 0.7204|D2_loss: 0.7013||G_loss: 1.7204|R121_loss: 0.1949|R212_loss: 0.1232
2024/08/16 13:39:27: model [INFO] Epoch:   5/  6|Batch: 2689/16927||D_loss: 1.2615|D1_loss: 0.6586|D2_loss: 0.6028||G_loss: 1.8837|R121_loss: 0.2003|R212_loss: 0.1926
2024/08/16 13:39:27: model [INFO] Epoch:   5/  6|Batch: 2694/16927||D_loss: 1.3449|D1_loss: 0.6877|D2_loss: 0.6572||G_loss: 1.8422|R121_loss: 0.2340|R212_loss: 0.1455
2024/08/16 13:39:27: model [INFO] Epoch:   5/  6|Batch: 2699/16927||D_loss: 1.2953|D1_loss: 0.6437|D2_loss: 0.6516||G_loss: 1.9059|R121_loss: 0.1754|R212_loss: 0.1429
2024/08/16 13:39:27: model [INFO] Epoch:   5/  6|Batch: 2704/16927||D_loss: 1.4462|D1_loss: 0.6677|D2_loss: 0.7785||G_loss: 1.9502|R121_loss: 0.1961|R212_loss: 0.2389
2024/08/16 13:39:28: model [INFO] Epoch:   5/  6|Batch: 2709/16927||D_loss: 1.3900|D1_loss: 0.7254|D2_loss: 0.6645||G_loss: 1.7931|R121_loss: 0.1676|R212_loss: 0.1441
2024/08/16 13:39:28: model [INFO] Epoch:   5/  6|Batch: 2714/16927||D_loss: 1.3139|D1_loss: 0.6549|D2_loss: 0.6590||G_loss: 1.8306|R121_loss: 0.1886|R212_loss: 0.1560
2024/08/16 13:39:28: model [INFO] Epoch:   5/  6|Batch: 2719/16927||D_loss: 1.4019|D1_loss: 0.7035|D2_loss: 0.6985||G_loss: 1.7520|R121_loss: 0.1787|R212_loss: 0.1386
2024/08/16 13:39:28: model [INFO] Epoch:   5/  6|Batch: 2724/16927||D_loss: 1.3265|D1_loss: 0.6733|D2_loss: 0.6532||G_loss: 1.7993|R121_loss: 0.1697|R212_loss: 0.1411
2024/08/16 13:39:28: model [INFO] Epoch:   5/  6|Batch: 2729/16927||D_loss: 1.3935|D1_loss: 0.7035|D2_loss: 0.6900||G_loss: 1.8022|R121_loss: 0.1887|R212_loss: 0.1411
2024/08/16 13:39:28: model [INFO] Epoch:   5/  6|Batch: 2734/16927||D_loss: 1.4171|D1_loss: 0.7070|D2_loss: 0.7101||G_loss: 1.7280|R121_loss: 0.1731|R212_loss: 0.1320
2024/08/16 13:39:28: model [INFO] Epoch:   5/  6|Batch: 2739/16927||D_loss: 1.4377|D1_loss: 0.6780|D2_loss: 0.7597||G_loss: 1.8672|R121_loss: 0.1541|R212_loss: 0.2359
2024/08/16 13:39:28: model [INFO] Epoch:   5/  6|Batch: 2744/16927||D_loss: 1.3141|D1_loss: 0.6533|D2_loss: 0.6609||G_loss: 1.8485|R121_loss: 0.1955|R212_loss: 0.1538
2024/08/16 13:39:28: model [INFO] Epoch:   5/  6|Batch: 2749/16927||D_loss: 1.4559|D1_loss: 0.7543|D2_loss: 0.7017||G_loss: 1.7269|R121_loss: 0.1863|R212_loss: 0.1369
2024/08/16 13:39:28: model [INFO] Epoch:   5/  6|Batch: 2754/16927||D_loss: 1.3986|D1_loss: 0.7237|D2_loss: 0.6749||G_loss: 1.7698|R121_loss: 0.1661|R212_loss: 0.1613
2024/08/16 13:39:28: model [INFO] Epoch:   5/  6|Batch: 2759/16927||D_loss: 1.3145|D1_loss: 0.7003|D2_loss: 0.6143||G_loss: 1.7862|R121_loss: 0.1519|R212_loss: 0.1921
2024/08/16 13:39:28: model [INFO] Epoch:   5/  6|Batch: 2764/16927||D_loss: 1.3790|D1_loss: 0.7356|D2_loss: 0.6434||G_loss: 1.8244|R121_loss: 0.1836|R212_loss: 0.2312
2024/08/16 13:39:28: model [INFO] Epoch:   5/  6|Batch: 2769/16927||D_loss: 1.3110|D1_loss: 0.6483|D2_loss: 0.6627||G_loss: 1.8937|R121_loss: 0.1796|R212_loss: 0.2046
2024/08/16 13:39:28: model [INFO] Epoch:   5/  6|Batch: 2774/16927||D_loss: 1.2887|D1_loss: 0.6818|D2_loss: 0.6069||G_loss: 1.8337|R121_loss: 0.1888|R212_loss: 0.1646
2024/08/16 13:39:28: model [INFO] Epoch:   5/  6|Batch: 2779/16927||D_loss: 1.4166|D1_loss: 0.7114|D2_loss: 0.7053||G_loss: 1.7555|R121_loss: 0.1695|R212_loss: 0.1261
2024/08/16 13:39:28: model [INFO] Epoch:   5/  6|Batch: 2784/16927||D_loss: 1.3260|D1_loss: 0.6675|D2_loss: 0.6585||G_loss: 1.8427|R121_loss: 0.1576|R212_loss: 0.1500
2024/08/16 13:39:28: model [INFO] Epoch:   5/  6|Batch: 2789/16927||D_loss: 1.3361|D1_loss: 0.6797|D2_loss: 0.6564||G_loss: 1.7380|R121_loss: 0.1692|R212_loss: 0.1360
2024/08/16 13:39:28: model [INFO] Epoch:   5/  6|Batch: 2794/16927||D_loss: 1.4648|D1_loss: 0.6894|D2_loss: 0.7754||G_loss: 1.8291|R121_loss: 0.1501|R212_loss: 0.2442
2024/08/16 13:39:28: model [INFO] Epoch:   5/  6|Batch: 2799/16927||D_loss: 1.3604|D1_loss: 0.7159|D2_loss: 0.6445||G_loss: 1.7258|R121_loss: 0.1479|R212_loss: 0.1297
2024/08/16 13:39:28: model [INFO] Epoch:   5/  6|Batch: 2804/16927||D_loss: 1.3266|D1_loss: 0.6692|D2_loss: 0.6574||G_loss: 1.8458|R121_loss: 0.1820|R212_loss: 0.1457
2024/08/16 13:39:28: model [INFO] Epoch:   5/  6|Batch: 2809/16927||D_loss: 1.2872|D1_loss: 0.6368|D2_loss: 0.6503||G_loss: 1.8201|R121_loss: 0.1677|R212_loss: 0.1257
2024/08/16 13:39:28: model [INFO] Epoch:   5/  6|Batch: 2814/16927||D_loss: 1.2622|D1_loss: 0.6189|D2_loss: 0.6433||G_loss: 1.8693|R121_loss: 0.1748|R212_loss: 0.1300
2024/08/16 13:39:28: model [INFO] Epoch:   5/  6|Batch: 2819/16927||D_loss: 1.4184|D1_loss: 0.7048|D2_loss: 0.7135||G_loss: 1.7607|R121_loss: 0.1815|R212_loss: 0.1230
2024/08/16 13:39:28: model [INFO] Epoch:   5/  6|Batch: 2824/16927||D_loss: 1.3265|D1_loss: 0.6906|D2_loss: 0.6359||G_loss: 1.8328|R121_loss: 0.2228|R212_loss: 0.1252
2024/08/16 13:39:28: model [INFO] Epoch:   5/  6|Batch: 2829/16927||D_loss: 1.4104|D1_loss: 0.7083|D2_loss: 0.7021||G_loss: 1.7785|R121_loss: 0.1786|R212_loss: 0.1266
2024/08/16 13:39:28: model [INFO] Epoch:   5/  6|Batch: 2834/16927||D_loss: 1.4440|D1_loss: 0.7278|D2_loss: 0.7163||G_loss: 1.7496|R121_loss: 0.1718|R212_loss: 0.1273
2024/08/16 13:39:28: model [INFO] Epoch:   5/  6|Batch: 2839/16927||D_loss: 1.4191|D1_loss: 0.7174|D2_loss: 0.7017||G_loss: 1.7890|R121_loss: 0.2213|R212_loss: 0.1221
2024/08/16 13:39:28: model [INFO] Epoch:   5/  6|Batch: 2844/16927||D_loss: 1.3888|D1_loss: 0.6771|D2_loss: 0.7118||G_loss: 1.7317|R121_loss: 0.1781|R212_loss: 0.1237
2024/08/16 13:39:28: model [INFO] Epoch:   5/  6|Batch: 2849/16927||D_loss: 1.3480|D1_loss: 0.6958|D2_loss: 0.6522||G_loss: 1.8640|R121_loss: 0.2322|R212_loss: 0.1390
2024/08/16 13:39:28: model [INFO] Epoch:   5/  6|Batch: 2854/16927||D_loss: 1.3711|D1_loss: 0.7102|D2_loss: 0.6609||G_loss: 1.8689|R121_loss: 0.2138|R212_loss: 0.1377
2024/08/16 13:39:28: model [INFO] Epoch:   5/  6|Batch: 2859/16927||D_loss: 1.2958|D1_loss: 0.6426|D2_loss: 0.6532||G_loss: 1.7978|R121_loss: 0.1843|R212_loss: 0.1378
2024/08/16 13:39:28: model [INFO] Epoch:   5/  6|Batch: 2864/16927||D_loss: 1.2903|D1_loss: 0.6924|D2_loss: 0.5979||G_loss: 1.7853|R121_loss: 0.1464|R212_loss: 0.1843
2024/08/16 13:39:28: model [INFO] Epoch:   5/  6|Batch: 2869/16927||D_loss: 1.3663|D1_loss: 0.7212|D2_loss: 0.6451||G_loss: 1.8934|R121_loss: 0.3081|R212_loss: 0.1377
2024/08/16 13:39:28: model [INFO] Epoch:   5/  6|Batch: 2874/16927||D_loss: 1.3149|D1_loss: 0.7056|D2_loss: 0.6093||G_loss: 2.0039|R121_loss: 0.2188|R212_loss: 0.2649
2024/08/16 13:39:28: model [INFO] Epoch:   5/  6|Batch: 2879/16927||D_loss: 1.3259|D1_loss: 0.6792|D2_loss: 0.6467||G_loss: 1.8680|R121_loss: 0.1853|R212_loss: 0.1401
2024/08/16 13:39:28: model [INFO] Epoch:   5/  6|Batch: 2884/16927||D_loss: 1.4468|D1_loss: 0.7103|D2_loss: 0.7365||G_loss: 1.7898|R121_loss: 0.1564|R212_loss: 0.1196
2024/08/16 13:39:28: model [INFO] Epoch:   5/  6|Batch: 2889/16927||D_loss: 1.3214|D1_loss: 0.6760|D2_loss: 0.6454||G_loss: 1.9331|R121_loss: 0.2248|R212_loss: 0.1345
2024/08/16 13:39:29: model [INFO] Epoch:   5/  6|Batch: 2894/16927||D_loss: 1.2451|D1_loss: 0.6522|D2_loss: 0.5929||G_loss: 2.0604|R121_loss: 0.1813|R212_loss: 0.2376
2024/08/16 13:39:29: model [INFO] Epoch:   5/  6|Batch: 2899/16927||D_loss: 1.3987|D1_loss: 0.6680|D2_loss: 0.7307||G_loss: 1.7973|R121_loss: 0.1829|R212_loss: 0.1321
2024/08/16 13:39:29: model [INFO] Epoch:   5/  6|Batch: 2904/16927||D_loss: 1.3364|D1_loss: 0.7018|D2_loss: 0.6345||G_loss: 1.7439|R121_loss: 0.1647|R212_loss: 0.1208
2024/08/16 13:39:29: model [INFO] Epoch:   5/  6|Batch: 2909/16927||D_loss: 1.3253|D1_loss: 0.7035|D2_loss: 0.6218||G_loss: 1.8538|R121_loss: 0.1895|R212_loss: 0.1422
2024/08/16 13:39:29: model [INFO] Epoch:   5/  6|Batch: 2914/16927||D_loss: 1.3839|D1_loss: 0.6929|D2_loss: 0.6911||G_loss: 1.8415|R121_loss: 0.1804|R212_loss: 0.1363
2024/08/16 13:39:29: model [INFO] Epoch:   5/  6|Batch: 2919/16927||D_loss: 1.3112|D1_loss: 0.6811|D2_loss: 0.6301||G_loss: 1.8419|R121_loss: 0.1616|R212_loss: 0.1696
2024/08/16 13:39:29: model [INFO] Epoch:   5/  6|Batch: 2924/16927||D_loss: 1.3458|D1_loss: 0.7074|D2_loss: 0.6383||G_loss: 1.8174|R121_loss: 0.1810|R212_loss: 0.1409
2024/08/16 13:39:29: model [INFO] Epoch:   5/  6|Batch: 2929/16927||D_loss: 1.3849|D1_loss: 0.6849|D2_loss: 0.7000||G_loss: 1.9233|R121_loss: 0.1730|R212_loss: 0.2957
2024/08/16 13:39:29: model [INFO] Epoch:   5/  6|Batch: 2934/16927||D_loss: 1.4371|D1_loss: 0.7020|D2_loss: 0.7351||G_loss: 1.7187|R121_loss: 0.1610|R212_loss: 0.1318
2024/08/16 13:39:29: model [INFO] Epoch:   5/  6|Batch: 2939/16927||D_loss: 1.3278|D1_loss: 0.6914|D2_loss: 0.6364||G_loss: 1.7757|R121_loss: 0.1652|R212_loss: 0.1163
2024/08/16 13:39:29: model [INFO] Epoch:   5/  6|Batch: 2944/16927||D_loss: 1.3472|D1_loss: 0.7055|D2_loss: 0.6417||G_loss: 1.9073|R121_loss: 0.1753|R212_loss: 0.2241
2024/08/16 13:39:29: model [INFO] Epoch:   5/  6|Batch: 2949/16927||D_loss: 1.3472|D1_loss: 0.7170|D2_loss: 0.6303||G_loss: 1.8076|R121_loss: 0.2180|R212_loss: 0.1337
2024/08/16 13:39:29: model [INFO] Epoch:   5/  6|Batch: 2954/16927||D_loss: 1.3022|D1_loss: 0.6915|D2_loss: 0.6107||G_loss: 1.7490|R121_loss: 0.1548|R212_loss: 0.1509
2024/08/16 13:39:29: model [INFO] Epoch:   5/  6|Batch: 2959/16927||D_loss: 1.4261|D1_loss: 0.6985|D2_loss: 0.7276||G_loss: 1.7715|R121_loss: 0.2033|R212_loss: 0.1315
2024/08/16 13:39:29: model [INFO] Epoch:   5/  6|Batch: 2964/16927||D_loss: 1.3238|D1_loss: 0.6933|D2_loss: 0.6304||G_loss: 1.7936|R121_loss: 0.1660|R212_loss: 0.1253
2024/08/16 13:39:29: model [INFO] Epoch:   5/  6|Batch: 2969/16927||D_loss: 1.3595|D1_loss: 0.6800|D2_loss: 0.6796||G_loss: 1.8422|R121_loss: 0.1633|R212_loss: 0.2195
2024/08/16 13:39:29: model [INFO] Epoch:   5/  6|Batch: 2974/16927||D_loss: 1.5231|D1_loss: 0.7104|D2_loss: 0.8127||G_loss: 1.8331|R121_loss: 0.1659|R212_loss: 0.2449
2024/08/16 13:39:29: model [INFO] Epoch:   5/  6|Batch: 2979/16927||D_loss: 1.3331|D1_loss: 0.7048|D2_loss: 0.6283||G_loss: 1.7783|R121_loss: 0.1809|R212_loss: 0.1168
2024/08/16 13:39:29: model [INFO] Epoch:   5/  6|Batch: 2984/16927||D_loss: 1.3759|D1_loss: 0.7236|D2_loss: 0.6524||G_loss: 1.7991|R121_loss: 0.1999|R212_loss: 0.1423
2024/08/16 13:39:29: model [INFO] Epoch:   5/  6|Batch: 2989/16927||D_loss: 1.4065|D1_loss: 0.6955|D2_loss: 0.7111||G_loss: 1.7276|R121_loss: 0.1652|R212_loss: 0.1374
2024/08/16 13:39:29: model [INFO] Epoch:   5/  6|Batch: 2994/16927||D_loss: 1.4104|D1_loss: 0.6972|D2_loss: 0.7132||G_loss: 1.7061|R121_loss: 0.1609|R212_loss: 0.1327
2024/08/16 13:39:29: model [INFO] Epoch:   5/  6|Batch: 2999/16927||D_loss: 1.3996|D1_loss: 0.6883|D2_loss: 0.7113||G_loss: 1.7256|R121_loss: 0.1760|R212_loss: 0.1349
2024/08/16 13:39:29: model [INFO] Epoch:   5/  6|Batch: 3004/16927||D_loss: 1.3265|D1_loss: 0.6844|D2_loss: 0.6421||G_loss: 1.8537|R121_loss: 0.1782|R212_loss: 0.1761
2024/08/16 13:39:29: model [INFO] Epoch:   5/  6|Batch: 3009/16927||D_loss: 1.4074|D1_loss: 0.7042|D2_loss: 0.7033||G_loss: 1.8029|R121_loss: 0.2366|R212_loss: 0.1421
2024/08/16 13:39:29: model [INFO] Epoch:   5/  6|Batch: 3014/16927||D_loss: 1.3390|D1_loss: 0.6846|D2_loss: 0.6545||G_loss: 1.8807|R121_loss: 0.1902|R212_loss: 0.1346
2024/08/16 13:39:29: model [INFO] Epoch:   5/  6|Batch: 3019/16927||D_loss: 1.3693|D1_loss: 0.7046|D2_loss: 0.6647||G_loss: 1.7448|R121_loss: 0.1743|R212_loss: 0.1318
2024/08/16 13:39:29: model [INFO] Epoch:   5/  6|Batch: 3024/16927||D_loss: 1.3806|D1_loss: 0.6846|D2_loss: 0.6961||G_loss: 1.8130|R121_loss: 0.2290|R212_loss: 0.1426
2024/08/16 13:39:29: model [INFO] Epoch:   5/  6|Batch: 3029/16927||D_loss: 1.3746|D1_loss: 0.7055|D2_loss: 0.6690||G_loss: 1.8661|R121_loss: 0.2097|R212_loss: 0.1780
2024/08/16 13:39:29: model [INFO] Epoch:   5/  6|Batch: 3034/16927||D_loss: 1.2991|D1_loss: 0.6871|D2_loss: 0.6120||G_loss: 1.7750|R121_loss: 0.1779|R212_loss: 0.1738
2024/08/16 13:39:29: model [INFO] Epoch:   5/  6|Batch: 3039/16927||D_loss: 1.3955|D1_loss: 0.6849|D2_loss: 0.7106||G_loss: 1.7736|R121_loss: 0.1694|R212_loss: 0.1465
2024/08/16 13:39:29: model [INFO] Epoch:   5/  6|Batch: 3044/16927||D_loss: 1.3167|D1_loss: 0.7052|D2_loss: 0.6115||G_loss: 1.7210|R121_loss: 0.1443|R212_loss: 0.1546
2024/08/16 13:39:29: model [INFO] Epoch:   5/  6|Batch: 3049/16927||D_loss: 1.3771|D1_loss: 0.7129|D2_loss: 0.6642||G_loss: 1.8202|R121_loss: 0.1900|R212_loss: 0.1834
2024/08/16 13:39:29: model [INFO] Epoch:   5/  6|Batch: 3054/16927||D_loss: 1.3835|D1_loss: 0.6805|D2_loss: 0.7029||G_loss: 1.8393|R121_loss: 0.1849|R212_loss: 0.1447
2024/08/16 13:39:29: model [INFO] Epoch:   5/  6|Batch: 3059/16927||D_loss: 1.3589|D1_loss: 0.6843|D2_loss: 0.6746||G_loss: 1.9246|R121_loss: 0.1969|R212_loss: 0.1490
2024/08/16 13:39:29: model [INFO] Epoch:   5/  6|Batch: 3064/16927||D_loss: 1.3782|D1_loss: 0.6731|D2_loss: 0.7050||G_loss: 1.8489|R121_loss: 0.2260|R212_loss: 0.1475
2024/08/16 13:39:29: model [INFO] Epoch:   5/  6|Batch: 3069/16927||D_loss: 1.3509|D1_loss: 0.6848|D2_loss: 0.6662||G_loss: 1.8736|R121_loss: 0.1467|R212_loss: 0.2447
2024/08/16 13:39:29: model [INFO] Epoch:   5/  6|Batch: 3074/16927||D_loss: 1.3874|D1_loss: 0.6834|D2_loss: 0.7040||G_loss: 1.7918|R121_loss: 0.1660|R212_loss: 0.1580
2024/08/16 13:39:30: model [INFO] Epoch:   5/  6|Batch: 3079/16927||D_loss: 1.3788|D1_loss: 0.6780|D2_loss: 0.7008||G_loss: 1.7805|R121_loss: 0.1697|R212_loss: 0.1626
2024/08/16 13:39:30: model [INFO] Epoch:   5/  6|Batch: 3084/16927||D_loss: 1.3156|D1_loss: 0.7100|D2_loss: 0.6056||G_loss: 1.9356|R121_loss: 0.2391|R212_loss: 0.1474
2024/08/16 13:39:30: model [INFO] Epoch:   5/  6|Batch: 3089/16927||D_loss: 1.3719|D1_loss: 0.6742|D2_loss: 0.6977||G_loss: 1.7984|R121_loss: 0.1866|R212_loss: 0.1528
2024/08/16 13:39:30: model [INFO] Epoch:   5/  6|Batch: 3094/16927||D_loss: 1.3932|D1_loss: 0.7225|D2_loss: 0.6707||G_loss: 1.7265|R121_loss: 0.2298|R212_loss: 0.1307
2024/08/16 13:39:30: model [INFO] Epoch:   5/  6|Batch: 3099/16927||D_loss: 1.3977|D1_loss: 0.6941|D2_loss: 0.7035||G_loss: 1.8381|R121_loss: 0.2282|R212_loss: 0.1651
2024/08/16 13:39:30: model [INFO] Epoch:   5/  6|Batch: 3104/16927||D_loss: 1.3116|D1_loss: 0.6798|D2_loss: 0.6318||G_loss: 2.0003|R121_loss: 0.2547|R212_loss: 0.1618
2024/08/16 13:39:30: model [INFO] Epoch:   5/  6|Batch: 3109/16927||D_loss: 1.3207|D1_loss: 0.6675|D2_loss: 0.6532||G_loss: 2.0899|R121_loss: 0.3695|R212_loss: 0.1713
2024/08/16 13:39:30: model [INFO] Epoch:   5/  6|Batch: 3114/16927||D_loss: 1.3698|D1_loss: 0.6878|D2_loss: 0.6820||G_loss: 1.8217|R121_loss: 0.1738|R212_loss: 0.1703
2024/08/16 13:39:30: model [INFO] Epoch:   5/  6|Batch: 3119/16927||D_loss: 1.4031|D1_loss: 0.7280|D2_loss: 0.6752||G_loss: 1.7273|R121_loss: 0.1999|R212_loss: 0.1389
2024/08/16 13:39:30: model [INFO] Epoch:   5/  6|Batch: 3124/16927||D_loss: 1.3921|D1_loss: 0.7156|D2_loss: 0.6765||G_loss: 1.8530|R121_loss: 0.2230|R212_loss: 0.1752
2024/08/16 13:39:30: model [INFO] Epoch:   5/  6|Batch: 3129/16927||D_loss: 1.3901|D1_loss: 0.7001|D2_loss: 0.6900||G_loss: 1.7552|R121_loss: 0.1785|R212_loss: 0.1683
2024/08/16 13:39:30: model [INFO] Epoch:   5/  6|Batch: 3134/16927||D_loss: 1.3413|D1_loss: 0.6672|D2_loss: 0.6741||G_loss: 1.8207|R121_loss: 0.1670|R212_loss: 0.2501
2024/08/16 13:39:30: model [INFO] Epoch:   5/  6|Batch: 3139/16927||D_loss: 1.3966|D1_loss: 0.7208|D2_loss: 0.6759||G_loss: 1.6470|R121_loss: 0.1886|R212_loss: 0.1328
2024/08/16 13:39:30: model [INFO] Epoch:   5/  6|Batch: 3144/16927||D_loss: 1.3718|D1_loss: 0.7020|D2_loss: 0.6698||G_loss: 1.6329|R121_loss: 0.1653|R212_loss: 0.1201
2024/08/16 13:39:30: model [INFO] Epoch:   5/  6|Batch: 3149/16927||D_loss: 1.3666|D1_loss: 0.7041|D2_loss: 0.6624||G_loss: 1.6661|R121_loss: 0.1731|R212_loss: 0.1290
2024/08/16 13:39:30: model [INFO] Epoch:   5/  6|Batch: 3154/16927||D_loss: 1.3948|D1_loss: 0.6980|D2_loss: 0.6968||G_loss: 1.7537|R121_loss: 0.1797|R212_loss: 0.1724
2024/08/16 13:39:30: model [INFO] Epoch:   5/  6|Batch: 3159/16927||D_loss: 1.3800|D1_loss: 0.6872|D2_loss: 0.6928||G_loss: 1.7725|R121_loss: 0.1934|R212_loss: 0.1745
2024/08/16 13:39:30: model [INFO] Epoch:   5/  6|Batch: 3164/16927||D_loss: 1.3273|D1_loss: 0.7050|D2_loss: 0.6223||G_loss: 1.7846|R121_loss: 0.1906|R212_loss: 0.1323
2024/08/16 13:39:30: model [INFO] Epoch:   5/  6|Batch: 3169/16927||D_loss: 1.3331|D1_loss: 0.6852|D2_loss: 0.6479||G_loss: 1.8697|R121_loss: 0.1715|R212_loss: 0.2269
2024/08/16 13:39:30: model [INFO] Epoch:   5/  6|Batch: 3174/16927||D_loss: 1.3666|D1_loss: 0.6848|D2_loss: 0.6818||G_loss: 1.8068|R121_loss: 0.1965|R212_loss: 0.1684
2024/08/16 13:39:30: model [INFO] Epoch:   5/  6|Batch: 3179/16927||D_loss: 1.3140|D1_loss: 0.6954|D2_loss: 0.6186||G_loss: 1.7741|R121_loss: 0.2025|R212_loss: 0.1606
2024/08/16 13:39:30: model [INFO] Epoch:   5/  6|Batch: 3184/16927||D_loss: 1.3574|D1_loss: 0.7030|D2_loss: 0.6545||G_loss: 1.7339|R121_loss: 0.1766|R212_loss: 0.1379
2024/08/16 13:39:30: model [INFO] Epoch:   5/  6|Batch: 3189/16927||D_loss: 1.3283|D1_loss: 0.6855|D2_loss: 0.6428||G_loss: 1.8729|R121_loss: 0.1629|R212_loss: 0.2432
2024/08/16 13:39:30: model [INFO] Epoch:   5/  6|Batch: 3194/16927||D_loss: 1.2755|D1_loss: 0.6750|D2_loss: 0.6005||G_loss: 2.0154|R121_loss: 0.2701|R212_loss: 0.1385
2024/08/16 13:39:30: model [INFO] Epoch:   5/  6|Batch: 3199/16927||D_loss: 1.3745|D1_loss: 0.6861|D2_loss: 0.6884||G_loss: 1.7957|R121_loss: 0.1664|R212_loss: 0.1859
2024/08/16 13:39:30: model [INFO] Epoch:   5/  6|Batch: 3204/16927||D_loss: 1.3673|D1_loss: 0.6851|D2_loss: 0.6822||G_loss: 1.7968|R121_loss: 0.1752|R212_loss: 0.1781
2024/08/16 13:39:30: model [INFO] Epoch:   5/  6|Batch: 3209/16927||D_loss: 1.3213|D1_loss: 0.6688|D2_loss: 0.6525||G_loss: 1.9312|R121_loss: 0.1747|R212_loss: 0.2410
2024/08/16 13:39:30: model [INFO] Epoch:   5/  6|Batch: 3214/16927||D_loss: 1.3184|D1_loss: 0.6623|D2_loss: 0.6561||G_loss: 1.9138|R121_loss: 0.1550|R212_loss: 0.2446
2024/08/16 13:39:30: model [INFO] Epoch:   5/  6|Batch: 3219/16927||D_loss: 1.3347|D1_loss: 0.6719|D2_loss: 0.6628||G_loss: 1.8580|R121_loss: 0.1775|R212_loss: 0.2252
2024/08/16 13:39:30: model [INFO] Epoch:   5/  6|Batch: 3224/16927||D_loss: 1.3787|D1_loss: 0.6825|D2_loss: 0.6962||G_loss: 1.8061|R121_loss: 0.1805|R212_loss: 0.1710
2024/08/16 13:39:30: model [INFO] Epoch:   5/  6|Batch: 3229/16927||D_loss: 1.3654|D1_loss: 0.6736|D2_loss: 0.6918||G_loss: 1.8074|R121_loss: 0.1841|R212_loss: 0.1768
2024/08/16 13:39:30: model [INFO] Epoch:   5/  6|Batch: 3234/16927||D_loss: 1.3887|D1_loss: 0.7349|D2_loss: 0.6538||G_loss: 1.7026|R121_loss: 0.1873|R212_loss: 0.1275
2024/08/16 13:39:30: model [INFO] Epoch:   5/  6|Batch: 3239/16927||D_loss: 1.3945|D1_loss: 0.7297|D2_loss: 0.6649||G_loss: 1.6649|R121_loss: 0.1580|R212_loss: 0.1266
2024/08/16 13:39:30: model [INFO] Epoch:   5/  6|Batch: 3244/16927||D_loss: 1.3257|D1_loss: 0.7154|D2_loss: 0.6103||G_loss: 1.8771|R121_loss: 0.1810|R212_loss: 0.2384
2024/08/16 13:39:30: model [INFO] Epoch:   5/  6|Batch: 3249/16927||D_loss: 1.2793|D1_loss: 0.6822|D2_loss: 0.5971||G_loss: 1.9577|R121_loss: 0.1689|R212_loss: 0.3047
2024/08/16 13:39:30: model [INFO] Epoch:   5/  6|Batch: 3254/16927||D_loss: 1.4032|D1_loss: 0.7098|D2_loss: 0.6934||G_loss: 2.0339|R121_loss: 0.2044|R212_loss: 0.2752
2024/08/16 13:39:31: model [INFO] Epoch:   5/  6|Batch: 3259/16927||D_loss: 1.4222|D1_loss: 0.7029|D2_loss: 0.7194||G_loss: 1.8940|R121_loss: 0.1692|R212_loss: 0.2487
2024/08/16 13:39:31: model [INFO] Epoch:   5/  6|Batch: 3264/16927||D_loss: 1.4493|D1_loss: 0.7263|D2_loss: 0.7230||G_loss: 1.8946|R121_loss: 0.1978|R212_loss: 0.2507
2024/08/16 13:39:31: model [INFO] Epoch:   5/  6|Batch: 3269/16927||D_loss: 1.3413|D1_loss: 0.6659|D2_loss: 0.6754||G_loss: 1.9723|R121_loss: 0.2418|R212_loss: 0.1803
2024/08/16 13:39:31: model [INFO] Epoch:   5/  6|Batch: 3274/16927||D_loss: 1.3161|D1_loss: 0.6886|D2_loss: 0.6274||G_loss: 1.9690|R121_loss: 0.1861|R212_loss: 0.2879
2024/08/16 13:39:31: model [INFO] Epoch:   5/  6|Batch: 3279/16927||D_loss: 1.3810|D1_loss: 0.6917|D2_loss: 0.6893||G_loss: 1.8397|R121_loss: 0.1604|R212_loss: 0.1687
2024/08/16 13:39:31: model [INFO] Epoch:   5/  6|Batch: 3284/16927||D_loss: 1.3467|D1_loss: 0.6780|D2_loss: 0.6687||G_loss: 1.8606|R121_loss: 0.1642|R212_loss: 0.1593
2024/08/16 13:39:31: model [INFO] Epoch:   5/  6|Batch: 3289/16927||D_loss: 1.3713|D1_loss: 0.6892|D2_loss: 0.6821||G_loss: 1.9310|R121_loss: 0.1691|R212_loss: 0.2604
2024/08/16 13:39:31: model [INFO] Epoch:   5/  6|Batch: 3294/16927||D_loss: 1.3508|D1_loss: 0.6718|D2_loss: 0.6790||G_loss: 1.9401|R121_loss: 0.1551|R212_loss: 0.2746
2024/08/16 13:39:31: model [INFO] Epoch:   5/  6|Batch: 3299/16927||D_loss: 1.3905|D1_loss: 0.7209|D2_loss: 0.6696||G_loss: 1.7723|R121_loss: 0.1897|R212_loss: 0.1337
2024/08/16 13:39:31: model [INFO] Epoch:   5/  6|Batch: 3304/16927||D_loss: 1.3747|D1_loss: 0.7059|D2_loss: 0.6688||G_loss: 1.6847|R121_loss: 0.1531|R212_loss: 0.1355
2024/08/16 13:39:31: model [INFO] Epoch:   5/  6|Batch: 3309/16927||D_loss: 1.3838|D1_loss: 0.7194|D2_loss: 0.6643||G_loss: 1.6999|R121_loss: 0.1608|R212_loss: 0.1283
2024/08/16 13:39:31: model [INFO] Epoch:   5/  6|Batch: 3314/16927||D_loss: 1.3203|D1_loss: 0.6699|D2_loss: 0.6504||G_loss: 1.9212|R121_loss: 0.1642|R212_loss: 0.2302
2024/08/16 13:39:31: model [INFO] Epoch:   5/  6|Batch: 3319/16927||D_loss: 1.3097|D1_loss: 0.7119|D2_loss: 0.5978||G_loss: 1.8080|R121_loss: 0.1808|R212_loss: 0.1933
2024/08/16 13:39:31: model [INFO] Epoch:   5/  6|Batch: 3324/16927||D_loss: 1.3302|D1_loss: 0.6794|D2_loss: 0.6508||G_loss: 1.8648|R121_loss: 0.1662|R212_loss: 0.2204
2024/08/16 13:39:31: model [INFO] Epoch:   5/  6|Batch: 3329/16927||D_loss: 1.3703|D1_loss: 0.7190|D2_loss: 0.6514||G_loss: 1.7041|R121_loss: 0.1516|R212_loss: 0.1393
2024/08/16 13:39:31: model [INFO] Epoch:   5/  6|Batch: 3334/16927||D_loss: 1.2938|D1_loss: 0.6517|D2_loss: 0.6421||G_loss: 1.9082|R121_loss: 0.1814|R212_loss: 0.1494
2024/08/16 13:39:31: model [INFO] Epoch:   5/  6|Batch: 3339/16927||D_loss: 1.3268|D1_loss: 0.6845|D2_loss: 0.6423||G_loss: 1.7983|R121_loss: 0.1775|R212_loss: 0.1296
2024/08/16 13:39:31: model [INFO] Epoch:   5/  6|Batch: 3344/16927||D_loss: 1.3559|D1_loss: 0.7169|D2_loss: 0.6390||G_loss: 1.7358|R121_loss: 0.1731|R212_loss: 0.1380
2024/08/16 13:39:31: model [INFO] Epoch:   5/  6|Batch: 3349/16927||D_loss: 1.3176|D1_loss: 0.6808|D2_loss: 0.6368||G_loss: 1.8397|R121_loss: 0.1897|R212_loss: 0.1621
2024/08/16 13:39:31: model [INFO] Epoch:   5/  6|Batch: 3354/16927||D_loss: 1.2911|D1_loss: 0.6958|D2_loss: 0.5953||G_loss: 1.7809|R121_loss: 0.1472|R212_loss: 0.1593
2024/08/16 13:39:31: model [INFO] Epoch:   5/  6|Batch: 3359/16927||D_loss: 1.4514|D1_loss: 0.6986|D2_loss: 0.7527||G_loss: 1.8189|R121_loss: 0.1580|R212_loss: 0.1598
2024/08/16 13:39:31: model [INFO] Epoch:   5/  6|Batch: 3364/16927||D_loss: 1.4000|D1_loss: 0.6963|D2_loss: 0.7037||G_loss: 1.9522|R121_loss: 0.1884|R212_loss: 0.1637
2024/08/16 13:39:31: model [INFO] Epoch:   5/  6|Batch: 3369/16927||D_loss: 1.3053|D1_loss: 0.7188|D2_loss: 0.5866||G_loss: 1.8238|R121_loss: 0.1812|R212_loss: 0.1820
2024/08/16 13:39:31: model [INFO] Epoch:   5/  6|Batch: 3374/16927||D_loss: 1.4071|D1_loss: 0.6993|D2_loss: 0.7078||G_loss: 1.8609|R121_loss: 0.1936|R212_loss: 0.1461
2024/08/16 13:39:31: model [INFO] Epoch:   5/  6|Batch: 3379/16927||D_loss: 1.5192|D1_loss: 0.7130|D2_loss: 0.8062||G_loss: 1.8626|R121_loss: 0.1878|R212_loss: 0.2447
2024/08/16 13:39:31: model [INFO] Epoch:   5/  6|Batch: 3384/16927||D_loss: 1.3418|D1_loss: 0.6805|D2_loss: 0.6613||G_loss: 1.8213|R121_loss: 0.1932|R212_loss: 0.1409
2024/08/16 13:39:31: model [INFO] Epoch:   5/  6|Batch: 3389/16927||D_loss: 1.3923|D1_loss: 0.6920|D2_loss: 0.7004||G_loss: 1.7697|R121_loss: 0.1756|R212_loss: 0.1531
2024/08/16 13:39:31: model [INFO] Epoch:   5/  6|Batch: 3394/16927||D_loss: 1.3837|D1_loss: 0.6809|D2_loss: 0.7028||G_loss: 1.7478|R121_loss: 0.1764|R212_loss: 0.1455
